0.97119140625,0.243896484375,-0.0863037109375,-2.22900763358779,8.41221374045801,5.16030534351145,0
0.9290771484375,0.292724609375,-0.1268310546875,-8.59541984732824,3.11450381679389,5.12977099236641,0
0.9267578125,0.2747802734375,-0.136962890625,-6.06106870229008,5.22137404580153,4.33587786259542,0.180999999999997
0.923095703125,0.279296875,-0.1390380859375,-12.4580152671756,-0.488549618320611,-1.40458015267176,0.182000000000002
0.9505615234375,0.322265625,-0.1126708984375,-10.5954198473282,1.9236641221374,-2.67175572519084,0.183000000000007
1.0057373046875,0.2626953125,-0.0618896484375,-25.7404580152672,-13.5725190839695,-21.9083969465649,0.183999999999997
0.9652099609375,0.2646484375,-0.09814453125,-29.0381679389313,-12.1526717557252,-23.6335877862595,0.183999999999997
0.9532470703125,0.2640380859375,-0.1046142578125,-28.412213740458,-7.41984732824428,-17.7862595419847,0.266999999999996
0.9749755859375,0.2645263671875,-0.1075439453125,-22.2442748091603,-12.5801526717557,-14.4274809160305,0.268000000000001
0.9759521484375,0.2633056640625,-0.1053466796875,-21.618320610687,-10.1374045801527,-16.9618320610687,0.268000000000001
1.004638671875,0.2667236328125,-0.046875,-10.2595419847328,0.793893129770992,-3.49618320610687,0.269000000000005
1.0072021484375,0.2725830078125,-0.0455322265625,-12.0610687022901,0.534351145038168,-3.41984732824427,0.269999999999996
1.0048828125,0.275634765625,-0.044189453125,-7.80152671755725,0.946564885496183,-7.84732824427481,0.269999999999996
0.89892578125,0.302734375,-0.0751953125,6.25954198473282,-2.27480916030534,2.09160305343511,0.269999999999996
0.9527587890625,0.326171875,-0.0479736328125,6.41221374045802,-2.7175572519084,3.22137404580153,0.271000000000001
0.9337158203125,0.3206787109375,-0.048583984375,6.48854961832061,-2.87022900763359,7.89312977099237,0.271000000000001
0.981201171875,0.3170166015625,-0.051025390625,6.87022900763359,-3.00763358778626,8.94656488549618,0.272000000000006
0.966796875,0.2784423828125,-0.0556640625,6.83969465648855,-2.59541984732824,6.09160305343511,0.272000000000006
1.0611572265625,0.2962646484375,-0.158935546875,21.6335877862595,3.19083969465649,10.9465648854962,0.356999999999999
1.09521484375,0.26611328125,-0.141357421875,23.0839694656489,9.32824427480916,10.3053435114504,0.359000000000009
1.0938720703125,0.2945556640625,-0.1512451171875,27.8625954198473,7.58778625954198,13.5419847328244,0.359000000000009
1.0579833984375,0.24658203125,-0.1962890625,29.1603053435114,11.3129770992366,13.175572519084,0.359999999999999
1.0513916015625,0.238525390625,-0.2001953125,26.2442748091603,17.3740458015267,13.4198473282443,0.361000000000004
1.0726318359375,0.2637939453125,-0.20166015625,31.4656488549618,19.587786259542,9.95419847328244,0.361000000000004
1.0634765625,0.2633056640625,-0.202392578125,29.3129770992366,21.4503816793893,10.8091603053435,0.361000000000004
1.0162353515625,0.2415771484375,-0.172607421875,36.5648854961832,21.8778625954198,16.2442748091603,0.362000000000009
0.99951171875,0.2440185546875,-0.20166015625,33.4351145038168,28.824427480916,16.1526717557252,0.362000000000009
1.009033203125,0.243896484375,-0.196044921875,33.8778625954198,31.8015267175573,15.7099236641221,0.447000000000003
0.935791015625,0.2464599609375,-0.1546630859375,34.5190839694656,32.5954198473282,11.2824427480916,0.447000000000003
0.946533203125,0.24853515625,-0.1507568359375,39.6946564885496,34.412213740458,10.9770992366412,0.448000000000008
0.8968505859375,0.2818603515625,-0.147705078125,40.1832061068702,39.5572519083969,10.793893129771,0.448999999999998
0.912841796875,0.285400390625,-0.146728515625,40.6717557251908,40.1068702290076,10.7022900763359,0.450000000000003
0.8870849609375,0.2926025390625,-0.1444091796875,40.9465648854962,39.6946564885496,9.87786259541985,0.451000000000008
0.840087890625,0.2943115234375,-0.1416015625,40.7022900763359,35.0687022900763,12.5343511450382,0.451999999999998
0.853515625,0.294921875,-0.1707763671875,40.4580152671756,33.8167938931298,6.80916030534351,0.451999999999998
0.8037109375,0.2950439453125,-0.1676025390625,40.1221374045802,35.7862595419847,8.59541984732824,0.453000000000003
0.7734375,0.287353515625,-0.1650390625,34.763358778626,25.8625954198473,4.73282442748092,0.537999999999997
0.790771484375,0.2474365234375,-0.1546630859375,33.8625954198473,22.9007633587786,-1.20610687022901,0.539000000000001
0.713623046875,0.25146484375,-0.11669921875,35.7709923664122,18.0763358778626,-2.6412213740458,0.540000000000006
0.6849365234375,0.2293701171875,-0.1099853515625,30.8549618320611,15.6030534351145,-9.38931297709924,0.540999999999997
0.651611328125,0.1719970703125,-0.133544921875,30.1221374045802,17.206106870229,-12.2290076335878,0.542000000000002
0.61376953125,0.1431884765625,-0.0821533203125,29.7404580152672,11.0229007633588,-11.0687022900763,0.543000000000006
0.5711669921875,0.0892333984375,-0.0982666015625,30.0458015267176,7.90839694656489,-14.9618320610687,0.543999999999997
0.5174560546875,0.0986328125,-0.05126953125,31.1603053435114,-1.87786259541985,-19.6488549618321,0.545000000000002
0.517822265625,0.0555419921875,-0.072265625,33.2519083969466,-9.43511450381679,-19.7099236641221,0.626999999999995
0.556884765625,0.0283203125,-0.0421142578125,34.5190839694656,-16.2442748091603,-21.3893129770992,0.628
0.5899658203125,0.0164794921875,0.0096435546875,39.8320610687023,-27.206106870229,-18.8396946564886,0.629000000000005
0.6431884765625,0.017822265625,-0.00732421875,38.5648854961832,-34.3358778625954,-19.2824427480916,0.629999999999995
0.71826171875,0.0645751953125,-0.0045166015625,41.8778625954198,-44.7022900763359,-18.7480916030534,0.631
0.9013671875,0.1090087890625,0.0147705078125,48.0763358778626,-46.7480916030534,-17.6335877862595,0.634
1.0025634765625,0.087158203125,0.00927734375,42.793893129771,-48.4274809160305,-19.3282442748092,0.635000000000005
1.045166015625,0.08447265625,0.009033203125,43.8473282442748,-44.2290076335878,-21.7862595419847,0.635000000000005
1.057861328125,0.1031494140625,0.0145263671875,37.2977099236641,-40.1068702290076,-23.3282442748092,0.635999999999996
1.0828857421875,0.082763671875,0.0113525390625,40.5038167938931,-36.7786259541985,-24.1679389312977,0.718000000000004
1.156494140625,0.1109619140625,0.001708984375,38.1221374045802,-34.0763358778626,-19.8015267175573,0.719000000000008
1.1827392578125,0.2286376953125,-0.0267333984375,43.5419847328244,-39.6946564885496,-11.1908396946565,0.719999999999999
1.3524169921875,0.2430419921875,-0.0772705078125,43.8778625954198,-37.8320610687023,-8.83969465648855,0.722000000000008
1.399169921875,0.3143310546875,-0.0975341796875,38.5648854961832,-37.7251908396947,-7.87786259541985,0.722000000000008
1.50390625,0.3499755859375,-0.08349609375,40.5954198473282,-40.2900763358779,-8.51908396946565,0.722000000000008
1.5623779296875,0.39306640625,-0.1190185546875,39.175572519084,-34.2137404580153,-6.22900763358779,0.722000000000008
1.6446533203125,0.4329833984375,-0.140869140625,34.4885496183206,-29.4045801526718,-13.5572519083969,0.724000000000004
1.728271484375,0.5050048828125,-0.19970703125,34.4885496183206,-27.1145038167939,-10.1984732824427,0.725999999999999
1.7691650390625,0.5777587890625,-0.2413330078125,34.0916030534351,-27.5267175572519,-16.1068702290076,0.808999999999997
1.7762451171875,0.5826416015625,-0.2755126953125,36.4732824427481,-14.3511450381679,-16.8702290076336,0.810000000000002
1.8270263671875,0.658447265625,-0.3460693359375,36.8549618320611,-16.8854961832061,-11.6793893129771,0.811000000000007
1.8287353515625,0.6776123046875,-0.3890380859375,37.1145038167939,-16.763358778626,-13.0992366412214,0.897999999999996
1.8946533203125,0.7659912109375,-0.4371337890625,36.1221374045802,-10.5190839694656,-8.79389312977099,0.900000000000006
1.938232421875,0.8253173828125,-0.4661865234375,25.8625954198473,-7.41984732824428,-8.21374045801527,0.902000000000001
1.9002685546875,0.8087158203125,-0.4852294921875,25.175572519084,-3.51145038167939,-8.41221374045801,0.903000000000006
1.9088134765625,0.8458251953125,-0.4971923828125,20.5648854961832,0.564885496183206,-8.77862595419847,0.903000000000006
1.8037109375,0.806396484375,-0.532958984375,15.1603053435114,8.58015267175572,-8.80916030534351,0.903999999999996
1.7464599609375,0.815673828125,-0.4945068359375,5.55725190839695,9.95419847328244,-9.46564885496183,0.905000000000001
1.6934814453125,0.747802734375,-0.5072021484375,-4.7175572519084,20.6564885496183,-7.58778625954198,0.906000000000006
1.4495849609375,0.6461181640625,-0.4476318359375,-7.06870229007634,28.2748091603053,-10.381679389313,0.906000000000006
1.2666015625,0.5853271484375,-0.411376953125,-18.5343511450382,44.2442748091603,-18.2290076335878,0.906999999999996
1.129638671875,0.5455322265625,-0.3414306640625,-28.3969465648855,51.969465648855,-22.4427480916031,0.908000000000001
0.29345703125,0.1173095703125,-0.12353515625,-40.824427480916,56.8091603053435,-26.2137404580153,0.908000000000001
0.1527099609375,0.0963134765625,-0.11181640625,-32.7175572519084,37.175572519084,-11.4809160305344,0.988
0.171142578125,0.0545654296875,-0.1328125,-29.175572519084,31.8778625954198,-8.90076335877863,0.989000000000004
0.143798828125,0.0477294921875,-0.09326171875,-22.4427480916031,24.1526717557252,0.0916030534351145,0.989000000000004
0.153076171875,0.0703125,-0.0819091796875,-24.6259541984733,14.4427480916031,-0.580152671755725,0.989999999999995
0.17431640625,0.0452880859375,-0.057861328125,-18.9312977099237,7.55725190839695,5.75572519083969,0.991
0.1815185546875,-0.00244140625,-0.0623779296875,-18.8396946564886,6.70229007633588,5.63358778625954,0.992000000000004
0.175048828125,0.00537109375,-0.0311279296875,-19.4198473282443,11.7709923664122,4.44274809160305,1.07900000000001
0.156005859375,-0.0216064453125,-0.0457763671875,-23.7404580152672,9.89312977099237,-0.961832061068702,1.08
0.1168212890625,-0.0614013671875,0.00732421875,-18.1832061068702,16.0458015267176,-1.87786259541985,1.081
0.1343994140625,-0.10546875,0.0135498046875,-20.9618320610687,16.5496183206107,-1.77099236641221,1.08500000000001
0.087646484375,-0.0850830078125,-0.01416015625,-20.0763358778626,17.3129770992366,1.81679389312977,1.086
0.099609375,-0.12548828125,-0.01123046875,-15.3587786259542,14.2137404580153,1.06870229007634,1.089
0.0286865234375,-0.11083984375,-0.0107421875,-13.9083969465649,14.2290076335878,-4.73282442748092,1.089
0.043701171875,-0.114990234375,-0.012939453125,-16.5954198473282,17.1908396946565,-5.74045801526718,1.09
-0.0001220703125,-0.116455078125,-0.015625,-11.2519083969466,15.6335877862595,-2.76335877862595,1.09
-0.0087890625,-0.11328125,0.008544921875,-13.6641221374046,9.80152671755725,-3.72519083969466,1.09100000000001
0.0081787109375,-0.14013671875,0.0050048828125,-6.83969465648855,9.6030534351145,-6.15267175572519,1.09100000000001
0.00244140625,-0.132568359375,0.002197265625,-9.3587786259542,3.23664122137405,-7.43511450381679,1.16800000000001
0.0001220703125,-0.091064453125,0.0001220703125,-7.96946564885496,3.96946564885496,-12.1526717557252,1.169
0.067138671875,-0.0220947265625,0.00244140625,-5.69465648854962,-2.04580152671756,-4.22900763358779,1.17
0.1783447265625,0.0672607421875,-0.030029296875,12.9160305343511,-33.8625954198473,13.5572519083969,1.17100000000001
0.39111328125,0.1685791015625,-0.125244140625,14.9007633587786,-49.1450381679389,28.7022900763359,1.172
0.55810546875,0.224853515625,-0.1563720703125,15.6946564885496,-50.5343511450382,30.7328244274809,1.351
0.79443359375,0.2930908203125,-0.1630859375,6.38167938931298,-45.1908396946565,26.8549618320611,1.355
0.917724609375,0.30615234375,-0.188232421875,8.35114503816794,-48.1679389312977,26.2442748091603,1.35600000000001
1.0081787109375,0.3505859375,-0.2020263671875,-1.05343511450382,-38.3358778625954,22.1832061068702,1.357
0.9849853515625,0.3157958984375,-0.1546630859375,-6.35114503816794,-27.206106870229,13.7251908396947,1.357
0.9764404296875,0.2066650390625,-0.1068115234375,-9.9236641221374,-27.8778625954198,11.0076335877863,1.437
1.1029052734375,0.2919921875,-0.127685546875,-1.11450381679389,-43.8320610687023,26.3511450381679,1.438
1.304931640625,0.36376953125,-0.1546630859375,16.7022900763359,-60.4885496183206,45.8015267175573,1.43900000000001
1.602783203125,0.463623046875,-0.2698974609375,23.5572519083969,-67.0687022900763,60.3511450381679,1.44800000000001
1.8187255859375,0.5751953125,-0.2806396484375,16.1374045801527,-41.0687022900763,34.9465648854962,1.44800000000001
1.823974609375,0.5614013671875,-0.323974609375,9.83206106870229,-36,24.7175572519084,1.527
1.9219970703125,0.6910400390625,-0.437744140625,-0.717557251908397,29.236641221374,16.5648854961832,1.529
1.8935546875,0.71875,-0.4273681640625,-1.55725190839695,29.8320610687023,19.969465648855,1.53
1.8572998046875,0.722412109375,-0.4276123046875,-5.78625954198473,39.3435114503817,21.3435114503817,1.53100000000001
1.769287109375,0.68603515625,-0.451171875,-8.42748091603053,38.2900763358779,19.8167938931298,1.532
1.7269287109375,0.6981201171875,-0.4022216796875,-11.8167938931298,41.236641221374,13.8931297709924,1.533
0.818115234375,0.279296875,-0.206298828125,-26.5954198473282,81.3740458015267,6.77862595419847,1.53400000000001
0.664794921875,0.2637939453125,-0.2271728515625,-28.5801526717557,81.7404580152672,13.4045801526718,1.535
0.41552734375,0.188720703125,-0.1829833984375,-24.8702290076336,73.8778625954198,15.587786259542,1.536
0.32568359375,0.123779296875,-0.1763916015625,-23.5267175572519,66,18.824427480916,1.536
0.2376708984375,0.1251220703125,-0.2012939453125,-18.1068702290076,59.9541984732824,22.8549618320611,1.53700000000001
0.209228515625,0.0948486328125,-0.1727294921875,-20.9160305343511,46.1984732824427,26.9160305343511,1.538
0.211181640625,-0.0072021484375,-0.1356201171875,-11.0687022900763,25.7251908396947,39.5267175572519,1.54000000000001
0.17822265625,-0.0426025390625,-0.07861328125,-10.9923664122137,26.7175572519084,35.8015267175573,1.71000000000001
0.19482421875,-0.0289306640625,-0.1005859375,-10.2595419847328,25.969465648855,30.030534351145,1.71000000000001
0.1492919921875,-0.0469970703125,-0.057861328125,-13.618320610687,28.8091603053435,31.8320610687023,1.711
0.1151123046875,-0.1055908203125,-0.06689453125,-11.3587786259542,21.9083969465649,22.7328244274809,1.711
0.1331787109375,-0.0811767578125,-0.028564453125,-9.64885496183206,23.6030534351145,23.7862595419847,1.712
0.0858154296875,-0.0880126953125,-0.0213623046875,-8.0763358778626,17.7404580152672,20.1068702290076,1.798
0.096923828125,-0.125244140625,-0.0452880859375,-2.73282442748092,19.6946564885496,15.7709923664122,1.79900000000001
0.0225830078125,-0.111083984375,0.001953125,-4.13740458015267,10.8702290076336,2.76335877862595,1.79900000000001
0.0345458984375,-0.1197509765625,0.0137939453125,1.51145038167939,7.46564885496183,-1.34351145038168,1.8
-0.009521484375,-0.123779296875,-0.009033203125,4.13740458015267,3.32824427480916,-4.9618320610687,1.801
0.0133056640625,-0.1566162109375,-0.001708984375,3.0381679389313,-0.977099236641221,-8.42748091603053,1.801
0.673583984375,0.1031494140625,0.0406494140625,26.9312977099237,-76.4580152671756,6.88549618320611,1.803
0.9351806640625,0.1231689453125,0.0247802734375,28.1068702290076,-77.4045801526718,4.65648854961832,1.803
1.0751953125,0.164794921875,0.0230712890625,24.0610687022901,-75.2519083969466,-4.24427480916031,1.804
1.0899658203125,0.1221923828125,0.0689697265625,14.9312977099237,-61.0992366412214,-12.2290076335878,1.804
1.139892578125,0.12353515625,0.0474853515625,14.2900763358779,-54.2290076335878,-14.6564885496183,1.80500000000001
1.6336669921875,0.511962890625,-0.232177734375,11.618320610687,-55.4045801526718,-40.1374045801527,1.982
1.645751953125,0.536376953125,-0.2630615234375,12.1832061068702,-54.4580152671756,-40.9007633587786,1.983
1.7593994140625,0.569091796875,-0.2752685546875,6.74809160305344,-58.0916030534351,-33.9847328244275,1.985
1.857421875,0.607666015625,-0.386474609375,8.22900763358779,-56.9465648854962,-36.3664122137405,1.985
1.81884765625,0.5968017578125,-0.3656005859375,-5.77099236641221,-44.9160305343511,-44.0152671755725,1.986
1.73779296875,0.5565185546875,-0.370849609375,-8.50381679389313,-40.2748091603053,-42.8396946564885,2.06700000000001
1.7572021484375,0.5992431640625,-0.392333984375,-8.80916030534351,-40.5038167938931,-41.8931297709924,2.06700000000001
1.7939453125,0.607177734375,-0.4041748046875,-8.38167938931298,-42.1068702290076,-36.9160305343511,2.157
1.808349609375,0.60791015625,-0.4432373046875,-9.38931297709924,-42.4427480916031,-32.412213740458,2.158
1.86865234375,0.5740966796875,-0.4405517578125,-7.29770992366412,-43.5419847328244,-27.8473282442748,2.15900000000001
1.8668212890625,0.5169677734375,-0.4022216796875,-13.5419847328244,-26.1679389312977,-23.0229007633588,2.15900000000001
1.6470947265625,0.57080078125,-0.431640625,9.75572519083969,15.1297709923664,-5.89312977099237,2.16
1.6263427734375,0.572021484375,-0.447998046875,7.9236641221374,24.3511450381679,-3.69465648854962,2.161
1.5281982421875,0.56591796875,-0.39697265625,5.49618320610687,26.4274809160305,-5.3587786259542,2.16200000000001
1.370361328125,0.5426025390625,-0.365478515625,-0.717557251908397,36.2290076335878,-0.50381679389313,2.16200000000001
1.2725830078125,0.489013671875,-0.380615234375,-2.65648854961832,45.2519083969466,4.45801526717557,2.163
0.517822265625,0.2122802734375,-0.2286376953125,-18.5190839694656,67.6946564885496,4.12213740458015,2.164
0.42529296875,0.1796875,-0.1790771484375,-20.6412213740458,63.8015267175573,2.70229007633588,2.16500000000001
0.1385498046875,-0.0447998046875,-0.0733642578125,-13.3587786259542,16.4580152671756,16.8854961832061,2.246
0.1190185546875,-0.0650634765625,-0.03125,-7.70992366412214,13.0534351145038,19.969465648855,2.337
0.1129150390625,-0.05517578125,-0.0185546875,-7.02290076335878,10.6564885496183,15.4351145038168,2.33800000000001
0.0931396484375,-0.10693359375,-0.035400390625,-9.58778625954199,16.6106870229008,13.9389312977099,2.339
0.1063232421875,-0.089599609375,0.0068359375,-3.00763358778626,17.0992366412214,16.763358778626,2.34
0.100830078125,-0.091552734375,0.0068359375,-1.58778625954198,16.3664122137405,10.9007633587786,2.34100000000001
0.0562744140625,-0.12890625,0.012451171875,-0.641221374045801,13.7557251908397,11.969465648855,2.34100000000001
0.0684814453125,-0.1334228515625,-0.0150146484375,4.29007633587786,14.9465648854962,8.61068702290076,2.342
0.02392578125,-0.135009765625,0.013671875,5.54198473282443,15.5419847328244,5.14503816793893,2.343
0.007568359375,-0.136962890625,-0.014892578125,2.91603053435115,11.4656488549618,-5.08396946564886,2.343
0.011474609375,-0.11767578125,-0.0045166015625,5.66412213740458,9.16030534351145,-2.74809160305344,2.34400000000001
-0.0035400390625,-0.1668701171875,0.0450439453125,4.30534351145038,1.80152671755725,-3.49618320610687,2.345
0.13525390625,-0.1378173828125,0.074951171875,10.2290076335878,-30.824427480916,9.05343511450382,2.346
1.079833984375,0.05615234375,-0.0833740234375,9.43511450381679,-46.793893129771,3.41984732824427,2.42700000000001
0.9302978515625,-0.0760498046875,0.0565185546875,0.0305343511450382,-28.0763358778626,-24.9007633587786,2.43000000000001
1.043701171875,0.013916015625,0.0697021484375,14.9923664122137,-48.1526717557252,-16.4732824427481,2.431
1.272705078125,0.1099853515625,-0.028076171875,35.0534351145038,-68.5496183206107,4.45801526717557,2.431
1.5994873046875,0.25732421875,-0.23046875,42.763358778626,-78.9618320610687,12.1526717557252,2.431
1.7530517578125,0.3043212890625,-0.2119140625,32.3206106870229,-43.4961832061069,-17.4503816793893,2.432
1.70751953125,0.3582763671875,-0.2532958984375,28.3358778625954,-30.2900763358779,-27.4656488549618,2.432
1.77685546875,0.413818359375,-0.296142578125,25.8167938931298,-36.8854961832061,-28.9618320610687,2.435
1.9215087890625,0.4984130859375,-0.3743896484375,26.9160305343511,-39.4961832061069,-28.6412213740458,2.43600000000001
1.9638671875,0.5247802734375,-0.403076171875,24.2442748091603,-25.4656488549618,-36.793893129771,2.517
2.0035400390625,0.547607421875,-0.42724609375,17.969465648855,-23.3435114503817,-39.4045801526718,2.517
2.0394287109375,0.5782470703125,-0.487060546875,21.236641221374,-28.8396946564886,-34.9312977099237,2.518
2.13037109375,0.663330078125,-0.536376953125,17.3740458015267,-25.9236641221374,-30.4732824427481,2.518
2.1239013671875,0.640869140625,-0.5389404296875,10.0152671755725,-27.4809160305344,-31.8625954198473,2.607
2.1407470703125,0.6444091796875,-0.53759765625,7.61832061068702,-24.2137404580153,-28.5496183206107,2.608
2.145263671875,0.645263671875,-0.543701171875,9.48091603053435,-10.3053435114504,-20.824427480916,2.60900000000001
2.1590576171875,0.643798828125,-0.5167236328125,9.19083969465649,-8.51908396946565,-17.1297709923664,2.60900000000001
2.1357421875,0.643798828125,-0.522705078125,9.20610687022901,0.366412213740458,-13.5114503816794,2.60900000000001
2.102783203125,0.6705322265625,-0.5201416015625,8.80916030534351,4.99236641221374,-6.42748091603053,2.61
1.96630859375,0.6099853515625,-0.542236328125,3.02290076335878,10,-5.6793893129771,2.611
1.8953857421875,0.583984375,-0.495361328125,2.0763358778626,14.5954198473282,-4.21374045801527,2.61200000000001
1.8077392578125,0.556396484375,-0.4818115234375,5.51145038167939,23.5572519083969,0.229007633587786,2.61200000000001
1.585205078125,0.4910888671875,-0.423828125,5.22137404580153,31.0992366412214,-5.55725190839695,2.61200000000001
1.483154296875,0.482666015625,-0.39208984375,4.73282442748092,37.3129770992366,-8.06106870229008,2.613
1.3057861328125,0.40576171875,-0.3604736328125,4.10687022900763,48.0610687022901,-11.7557251908397,2.613
0.7783203125,0.2362060546875,-0.2911376953125,-1.08396946564885,65.5725190839695,-29.1450381679389,2.697
0.627197265625,0.1787109375,-0.263427734375,-0.519083969465649,69.0839694656488,-30.2137404580153,2.78700000000001
0.4510498046875,0.1217041015625,-0.2337646484375,4.18320610687023,69.4503816793893,-33.4961832061069,2.788
0.153564453125,0.075439453125,-0.1492919921875,6.01526717557252,52.9007633587786,-31.5267175572519,2.789
0.112060546875,0.0625,-0.1712646484375,10.381679389313,40.7175572519084,-21.3435114503817,2.789
0.1226806640625,0.0299072265625,-0.1676025390625,13.8473282442748,25.1145038167939,-6.21374045801527,2.789
0.1900634765625,0.0625,-0.164794921875,19.6030534351145,9.80152671755725,-1.02290076335878,2.789
0.207763671875,0.042724609375,-0.1400146484375,14.1984732824427,3.58778625954198,9.75572519083969,2.79000000000001
0.2039794921875,-0.0037841796875,-0.091552734375,17.0992366412214,8.6412213740458,9.6793893129771,2.791
0.2288818359375,0.013427734375,-0.078857421875,16.4427480916031,6,9.52671755725191,2.792
0.18603515625,-0.0345458984375,-0.0777587890625,11.4656488549618,11.9083969465649,9.05343511450382,2.79300000000001
0.164794921875,-0.0726318359375,-0.028564453125,10.2748091603053,16.2290076335878,3.25190839694656,2.794
-0.0426025390625,-0.10205078125,0.0069580078125,20.7328244274809,15.6793893129771,-11.4198473282443,2.878
-0.022705078125,-0.1009521484375,0.0130615234375,21.4045801526718,7.6030534351145,-17.1450381679389,2.88
-0.020751953125,-0.0997314453125,-0.010986328125,18.2290076335878,2.38167938931298,-14.381679389313,2.88
-0.039794921875,-0.0970458984375,0.034423828125,18.9618320610687,0.885496183206107,-15.3587786259542,2.88
0.037353515625,-0.0955810546875,0.0460205078125,23.6793893129771,-11.0687022900763,-20.1526717557252,2.88
0.057861328125,-0.052001953125,0.0203857421875,22.5801526717557,-25.1908396946565,-17.1145038167939,2.881
0.1888427734375,-0.0423583984375,0.036376953125,33.1450381679389,-40.8702290076336,-9.0381679389313,2.881
0.3291015625,0.05712890625,-0.099609375,38.0916030534351,-59.8778625954198,3.66412213740458,2.88200000000001
0.784912109375,0.18115234375,-0.115966796875,42,-69.0229007633588,21.1450381679389,2.88200000000001
0.8819580078125,0.224365234375,-0.1201171875,34.3358778625954,-57.3282442748092,11.7404580152672,2.967
0.9217529296875,0.22802734375,-0.1099853515625,29.3893129770992,-51.8473282442748,0.259541984732824,2.968
1.1065673828125,0.2752685546875,-0.1558837890625,29.8473282442748,-46.8396946564885,-8.21374045801527,2.96900000000001
1.1959228515625,0.32568359375,-0.1805419921875,25.9083969465649,-42.6564885496183,-6.62595419847328,2.97
1.1873779296875,0.3203125,-0.1806640625,24.4274809160305,-34.6412213740458,-16.5496183206107,2.971
1.2169189453125,0.3441162109375,-0.229248046875,21.6488549618321,-33.9083969465649,-14.9618320610687,2.971
1.4569091796875,0.50048828125,-0.33203125,33.4351145038168,-52.2137404580153,-9.6030534351145,2.971
1.62646484375,0.5489501953125,-0.439208984375,33.3893129770992,-50.412213740458,-9.22137404580153,2.97200000000001
1.7322998046875,0.6141357421875,-0.464111328125,29.5572519083969,-49.2213740458015,-12.9618320610687,2.97200000000001
1.8914794921875,0.7503662109375,-0.60009765625,23.6335877862595,-45.9389312977099,-17.6335877862595,3.05800000000001
1.9691162109375,0.7427978515625,-0.628662109375,13.8015267175573,-42.1374045801527,-23.1908396946565,3.05800000000001
2.0145263671875,0.794921875,-0.623779296875,10.3053435114504,-44.3053435114504,-26.5190839694656,3.059
2.111572265625,0.85498046875,-0.733154296875,12.9770992366412,-38.3511450381679,-27.2977099236641,3.06
2.2008056640625,0.884033203125,-0.7396240234375,11.7404580152672,-39.4656488549618,-26.5343511450382,3.06100000000001
2.26025390625,0.8743896484375,-0.76904296875,9.19083969465649,-35.8931297709924,-28.3664122137405,3.06100000000001
2.2685546875,0.9112548828125,-0.7681884765625,5.09923664122137,-25.6793893129771,-22.3969465648855,3.062
2.24072265625,0.8883056640625,-0.7481689453125,-3.20610687022901,-6.88549618320611,-18.5801526717557,3.063
2.2269287109375,0.838623046875,-0.7559814453125,-6.06106870229008,-1.58778625954198,-15.4045801526718,3.14700000000001
2.169921875,0.84814453125,-0.7325439453125,-12.1221374045802,7.00763358778626,-15.7709923664122,3.148
2.0806884765625,0.796142578125,-0.6898193359375,-9.87786259541985,15.0839694656489,-12.5496183206107,3.15000000000001
1.9202880859375,0.759765625,-0.666748046875,-17.3893129770992,29.4961832061069,-9.32824427480916,3.15000000000001
1.7738037109375,0.682861328125,-0.6368408203125,-19.8167938931298,39.8015267175573,-6.13740458015267,3.151
1.6407470703125,0.6600341796875,-0.5985107421875,-18.381679389313,41.8015267175573,-12.3053435114504,3.15300000000001
1.342529296875,0.531982421875,-0.5089111328125,-24.6259541984733,51.1297709923664,-12.1984732824427,3.15300000000001
1.173583984375,0.4288330078125,-0.4241943359375,-28.9770992366412,63.0839694656489,-21.8320610687023,3.154
0.9918212890625,0.39013671875,-0.367919921875,-26.1068702290076,65.5114503816794,-32.1984732824427,3.155
0.8035888671875,0.324951171875,-0.2926025390625,-26.3969465648855,75.0381679389313,-34.6259541984733,3.331
0.42529296875,0.194091796875,-0.210693359375,-26.793893129771,77.4809160305343,-48.8091603053435,3.33200000000001
0.2843017578125,0.1331787109375,-0.1976318359375,-26.1679389312977,74.2137404580153,-45.8778625954198,3.333
0.12255859375,0.0555419921875,-0.16455078125,-22.8549618320611,67.8320610687023,-41.4503816793893,3.334
0.097412109375,0.070068359375,-0.1107177734375,-21.4351145038168,31.6946564885496,-18.3053435114504,3.33500000000001
0.1185302734375,0.0567626953125,-0.1162109375,-7.87786259541985,15.9389312977099,-6.59541984732824,3.417
0.19921875,0.1025390625,-0.1170654296875,-5.26717557251908,3.52671755725191,0.0305343511450382,3.41800000000001
0.2225341796875,0.1087646484375,-0.1402587890625,-4.77862595419847,4.48854961832061,1.55725190839695,3.419
0.2215576171875,0.0987548828125,-0.083251953125,-2.45801526717557,4.50381679389313,-2.62595419847328,3.419
0.1998291015625,0.049072265625,-0.095947265625,-8.35114503816794,2.59541984732824,-6.54961832061069,3.42
0.1656494140625,0.023193359375,-0.0738525390625,-6.44274809160305,8.62595419847328,-10.5038167938931,3.42
-0.03369140625,-0.0609130859375,-0.0093994140625,-2.50381679389313,6.77862595419847,-5.90839694656489,3.42100000000001
-0.03173828125,-0.0963134765625,-0.01025390625,-2.33587786259542,2.61068702290076,-3.70992366412214,3.42100000000001
0.007568359375,-0.09521484375,-0.01220703125,-4.97709923664122,4.47328244274809,-2.73282442748092,3.422
-0.0128173828125,-0.0604248046875,0.015380859375,-3.98473282442748,-1.0381679389313,-2.15267175572519,3.422
-0.0052490234375,-0.0555419921875,0.010986328125,1.02290076335878,1.54198473282443,-2.18320610687023,3.423
0.8883056640625,0.2764892578125,-0.212158203125,23.5725190839695,-58.8702290076336,33.7404580152672,3.508
0.91357421875,0.273193359375,-0.2069091796875,10.5190839694656,-43.5419847328244,19.4809160305344,3.512
0.8956298828125,0.275390625,-0.2056884765625,6.3969465648855,-33.3282442748092,10.8854961832061,3.51300000000001
1.01220703125,0.301513671875,-0.2650146484375,7.63358778625954,-38.5954198473282,13.6946564885496,3.51300000000001
1.3343505859375,0.4049072265625,-0.3338623046875,14.3511450381679,-56.6564885496183,33.7709923664122,3.51300000000001
1.4931640625,0.462158203125,-0.413330078125,20.1068702290076,-52.4274809160305,40.4427480916031,3.51300000000001
1.7054443359375,0.6689453125,-0.533447265625,19.4351145038168,-43.6030534351145,30.4885496183206,3.51300000000001
1.916259765625,0.794921875,-0.6358642578125,30.793893129771,-47.8778625954198,30.6564885496183,3.51300000000001
2.0804443359375,0.8665771484375,-0.7337646484375,31.6030534351145,-48.5648854961832,27.2213740458015,3.598
2.2259521484375,0.9503173828125,-0.7906494140625,17.9541984732824,-37.5419847328244,21.2213740458015,3.599
2.3076171875,1.0020751953125,-0.850830078125,3.17557251908397,-26.412213740458,5.05343511450382,3.60000000000001
2.3839111328125,0.9873046875,-0.877685546875,-1.26717557251908,-22.2748091603053,0.0916030534351145,3.60000000000001
2.3853759765625,0.9908447265625,-0.885009765625,-5.74045801526718,-20.7480916030534,-8.51908396946565,3.601
2.387939453125,0.998291015625,-0.8873291015625,-8.56488549618321,-13.969465648855,-5.98473282442748,3.601
2.35986328125,0.9993896484375,-0.841552734375,-11.1603053435114,-7.45038167938931,-3.64885496183206,3.601
2.302978515625,0.9683837890625,-0.807373046875,-20.8854961832061,-4.10687022900763,-3.54198473282443,3.602
2.25390625,0.9515380859375,-0.7939453125,-22.6412213740458,3.16030534351145,-2.80916030534351,3.602
2.157958984375,0.8114013671875,-0.6998291015625,-26.793893129771,9.89312977099237,-4.97709923664122,3.60300000000001
1.9307861328125,0.7706298828125,-0.666015625,-32.3664122137405,22.793893129771,4.04580152671756,3.68600000000001
1.8470458984375,0.7593994140625,-0.6331787109375,-33.0381679389313,30.3206106870229,5.37404580152672,3.68600000000001
1.679931640625,0.6773681640625,-0.595703125,-30.7480916030534,38.8702290076336,4.50381679389313,3.687
1.3638916015625,0.5621337890625,-0.510498046875,-33.6488549618321,58.8091603053435,-5.00763358778626,3.687
1.2281494140625,0.4979248046875,-0.433837890625,-35.175572519084,62.1984732824427,-8.90076335877863,3.69
1.0205078125,0.424560546875,-0.4146728515625,-40.7480916030534,69.5572519083969,-9.96946564885496,3.776
0.6534423828125,0.2803955078125,-0.3258056640625,-39.0534351145038,81.5572519083969,-24.7175572519084,3.777
0.503662109375,0.2537841796875,-0.292236328125,-30.6870229007634,87.6793893129771,-28.9312977099237,3.77800000000001
0.3084716796875,0.18505859375,-0.2369384765625,-27.4809160305344,80.381679389313,-26.4732824427481,3.78
0.2210693359375,0.2022705078125,-0.2618408203125,-14.8396946564886,69.9236641221374,-27.3893129770992,3.78100000000001
0.1123046875,0.1724853515625,-0.2374267578125,-5.48091603053435,43.0992366412214,-12.9007633587786,3.782
0.1170654296875,0.1746826171875,-0.2655029296875,1.72519083969466,25.7709923664122,-2.80916030534351,3.783
0.1614990234375,0.1732177734375,-0.2550048828125,-1.16030534351145,19.8473282442748,1.00763358778626,3.78400000000001
0.16845703125,0.1915283203125,-0.203857421875,1.58778625954198,10.1832061068702,-1.55725190839695,3.786
0.1197509765625,0.1160888671875,-0.1484375,-2.24427480916031,9.43511450381679,1.84732824427481,3.786
0.119140625,0.0911865234375,-0.1243896484375,-8.04580152671756,7.83206106870229,-1.26717557251908,3.78700000000001
0.116455078125,0.056884765625,-0.1290283203125,-6.73282442748092,7.95419847328244,-0.564885496183206,3.789
0.0823974609375,0.0064697265625,-0.068359375,-13.1450381679389,9.75572519083969,-0.198473282442748,3.866
0.0955810546875,-0.02734375,-0.04296875,-10.5954198473282,13.1145038167939,2.48854961832061,3.867
0.053466796875,-0.0518798828125,0.0076904296875,-13.5267175572519,9.81679389312977,8.99236641221374,3.869
0.05126953125,-0.1002197265625,-0.008544921875,-12.1221374045802,9.95419847328244,11.7709923664122,3.869
0.0745849609375,-0.1318359375,0.04443359375,-6.25954198473282,16.3358778625954,9.95419847328244,3.87
0.023193359375,-0.1163330078125,0.0230712890625,-8.99236641221374,14.4580152671756,12.7175572519084,3.871
0.031982421875,-0.15771484375,0.0299072265625,-2.97709923664122,15.0534351145038,7.48091603053435,3.872
0.0140380859375,-0.121826171875,0.0257568359375,-4.10687022900763,13.8473282442748,6.80916030534351,3.873
0.012939453125,-0.112548828125,0.017822265625,4.53435114503817,9.90839694656488,9.11450381679389,3.873
0.0081787109375,-0.135986328125,0.0423583984375,5.6793893129771,12.1221374045802,3.20610687022901,3.95700000000001
0.000732421875,-0.1300048828125,0.0367431640625,2.42748091603053,9.75572519083969,4.41221374045802,4.048
0.01220703125,-0.1273193359375,0.0318603515625,5.80152671755725,0.900763358778626,-4.18320610687023,4.05200000000001
-0.01025390625,-0.13427734375,0.037353515625,5.29770992366412,-7.90839694656489,-2.62595419847328,4.05200000000001
0.0338134765625,-0.090087890625,0.017578125,8.82442748091603,-14.0610687022901,-5.83206106870229,4.053
0.3570556640625,0.0806884765625,-0.09521484375,29.4503816793893,-71.0992366412214,23.3893129770992,4.054
0.6405029296875,0.1732177734375,-0.1522216796875,29.8015267175573,-87.3587786259542,40.412213740458,4.05500000000001
0.82177734375,0.182861328125,-0.1927490234375,18.9312977099237,-83.3893129770992,36.5038167938931,4.05500000000001
0.91064453125,0.2213134765625,-0.2232666015625,17.3129770992366,-72.4732824427481,24.0763358778626,4.05500000000001
1.17138671875,0.3245849609375,-0.246826171875,14.6717557251908,-74.8549618320611,13.4045801526718,4.056
1.2113037109375,0.2767333984375,-0.2855224609375,3.86259541984733,-58.3969465648855,-0.137404580152672,4.05800000000001
1.1505126953125,0.2115478515625,-0.2320556640625,-8.01526717557252,-43.9389312977099,-11.2213740458015,4.059
2.0626220703125,0.799560546875,-0.6148681640625,2.61068702290076,-51.4351145038168,-18.9465648854962,4.06
2.12939453125,0.8330078125,-0.6431884765625,0.610687022900763,-42.0458015267176,-27.6793893129771,4.137
2.1165771484375,0.8426513671875,-0.649169921875,-8.9618320610687,-34.3664122137405,-32.9160305343511,4.137
2.1151123046875,0.870361328125,-0.655517578125,-7.70992366412214,-32.6412213740458,-33.8473282442748,4.13800000000001
2.1575927734375,0.899658203125,-0.673095703125,-9.57251908396947,-22.1526717557252,-33.3740458015267,4.148
2.1201171875,0.9508056640625,-0.682861328125,-9.72519083969466,-18.4274809160305,-36.7786259541985,4.148
2.1297607421875,0.929443359375,-0.68408203125,-6.33587786259542,-14.8549618320611,-35.8473282442748,4.151
2.09716796875,0.97265625,-0.720703125,-5.87786259541985,-10.381679389313,-26.5954198473282,4.154
2.0693359375,0.9354248046875,-0.6842041015625,-6.62595419847328,-6.76335877862595,-27.6946564885496,4.155
1.9971923828125,0.9525146484375,-0.699951171875,-11.8778625954198,-2.41221374045802,-24.7328244274809,4.319
1.982177734375,0.90234375,-0.6466064453125,-13.2671755725191,-1.90839694656489,-20.9923664122137,4.32000000000001
1.876220703125,0.881591796875,-0.625244140625,-13.0534351145038,11.7251908396947,-11.9083969465649,4.322
1.780517578125,0.8458251953125,-0.5606689453125,-19.6641221374046,13.9236641221374,-3.58778625954198,4.32300000000001
1.730224609375,0.7667236328125,-0.5234375,-19.3893129770992,21.8625954198473,-4.61068702290076,4.324
1.586181640625,0.7032470703125,-0.5076904296875,-27.969465648855,35.8625954198473,-4.22900763358779,4.499
1.3221435546875,0.55322265625,-0.3721923828125,-30.6564885496183,55.0534351145038,-2.91603053435115,4.501
1.16796875,0.509033203125,-0.3565673828125,-35.6641221374046,58.3664122137405,-7.93893129770992,4.504
1.0107421875,0.399658203125,-0.2803955078125,-36.0458015267176,64.8854961832061,-6,4.505
0.8463134765625,0.3533935546875,-0.2366943359375,-35.2519083969466,75.0076335877863,-13.4351145038168,4.506
0.501708984375,0.175537109375,-0.1558837890625,-25.6335877862595,82.7480916030534,-19.0687022900763,4.58800000000001
0.11279296875,0.109130859375,-0.09375,12.1679389312977,20.3206106870229,-4.59541984732824,4.592
0.1307373046875,0.0943603515625,-0.086181640625,6.6412213740458,15.0229007633588,0.198473282442748,4.593
0.0811767578125,0.0728759765625,-0.10498046875,8.42748091603053,14.3664122137405,0.931297709923664,4.593
0.067626953125,-0.0047607421875,-0.0770263671875,5.84732824427481,16.6870229007634,-1.31297709923664,4.59400000000001
0.0196533203125,0.00732421875,-0.066162109375,5.64885496183206,11.4503816793893,-0.137404580152672,4.59400000000001
0.6756591796875,0.1488037109375,-0.10791015625,24.8702290076336,-63.236641221374,35.9083969465649,4.59400000000001
0.7967529296875,0.176025390625,-0.0799560546875,18.2900763358779,-59.4351145038168,27.7099236641221,4.678
1.0057373046875,0.2762451171875,-0.17138671875,23.9236641221374,-56.9465648854962,15.2824427480916,4.768
1.08740234375,0.304931640625,-0.19921875,19.9083969465649,-54.030534351145,11.6335877862595,4.771
1.1583251953125,0.3260498046875,-0.191650390625,13.1908396946565,-48.763358778626,3.54198473282443,4.77200000000001
1.892333984375,0.795166015625,-0.57568359375,21.9541984732824,-45.0076335877863,-3.96946564885496,4.952
2.0107421875,0.8438720703125,-0.5919189453125,18.9770992366412,-47.969465648855,-7.98473282442748,4.953
2.09033203125,0.8690185546875,-0.654296875,17.9541984732824,-48.1984732824427,-9.45038167938931,4.95400000000001
2.1729736328125,0.904541015625,-0.7550048828125,14.763358778626,-43.9541984732824,-12.824427480916,4.95400000000001
2.172607421875,0.9476318359375,-0.7633056640625,7.6793893129771,-25.8320610687023,-19.0839694656489,4.955
2.2225341796875,0.935302734375,-0.785888671875,12.381679389313,-28.030534351145,-18.7786259541985,5.03700000000001
2.2606201171875,0.9613037109375,-0.814208984375,13.1603053435114,-22.2290076335878,-20.2748091603053,5.03700000000001
2.0931396484375,0.919921875,-0.7415771484375,-1.93893129770992,8.12213740458015,-12.8549618320611,5.038
0.5604248046875,0.2655029296875,-0.3095703125,-18.1221374045802,82.1374045801527,-9.81679389312977,5.039
0.4261474609375,0.223876953125,-0.316650390625,-10.1984732824427,76.8702290076336,-9.98473282442748,5.04000000000001
0.34619140625,0.1978759765625,-0.2684326171875,-8.24427480916031,75.1908396946565,-12.824427480916,5.041
-0.034423828125,-0.05126953125,-0.035888671875,-1.64885496183206,28.2748091603053,-5.84732824427481,5.128
-0.01953125,-0.0579833984375,0.00341796875,-0.320610687022901,22.9465648854962,-3.55725190839695,5.128
-0.0709228515625,-0.05615234375,0.0130615234375,2.25954198473282,18.030534351145,-6.74809160305344,5.217
-0.07177734375,-0.060791015625,-0.0076904296875,2.33587786259542,14.1221374045802,-12.2900763358779,5.218
-0.016357421875,-0.1085205078125,0.0247802734375,5.37404580152672,8.25954198473282,-11.3435114503817,5.218
0.7020263671875,0.1351318359375,-0.020751953125,9.86259541984733,-44.0916030534351,11.969465648855,5.22
0.7381591796875,0.1649169921875,-0.0250244140625,17.0381679389313,-41.9847328244275,1.96946564885496,5.221
1.105224609375,0.294921875,-0.1214599609375,24.1679389312977,-55.9541984732824,12.8396946564886,5.221
1.2305908203125,0.275146484375,-0.1622314453125,20.793893129771,-54.2442748091603,9.6030534351145,5.221
1.253173828125,0.2489013671875,-0.0894775390625,10.4885496183206,-48.1221374045802,-1.9236641221374,5.22200000000001
1.29150390625,0.2733154296875,-0.1014404296875,15.3893129770992,-47.6335877862595,-1.70992366412214,5.22200000000001
1.667724609375,0.538818359375,-0.260498046875,29.6641221374046,-55.1450381679389,19.1297709923664,5.223
2.2225341796875,0.951171875,-0.582275390625,42.4580152671756,-45.5419847328244,11.7862595419847,5.22500000000001
2.2406005859375,0.9599609375,-0.664306640625,26.5190839694656,-37.1145038167939,-9.49618320610687,5.226
2.0228271484375,0.8837890625,-0.60498046875,-10.8854961832061,14.8091603053435,-7.46564885496183,5.401
1.9390869140625,0.82421875,-0.531005859375,-17.3740458015267,22.4885496183206,-8.45801526717557,5.581
1.6912841796875,0.7010498046875,-0.482421875,-15.618320610687,29.8320610687023,-3.0381679389313,5.581
1.54638671875,0.6331787109375,-0.4420166015625,-24.6717557251908,46.3358778625954,1.43511450381679,5.581
1.3865966796875,0.5257568359375,-0.3695068359375,-27.8473282442748,59.2671755725191,0.381679389312977,5.58200000000001
1.18359375,0.4744873046875,-0.33056640625,-26.8702290076336,68.1068702290076,-5.80152671755725,5.58500000000001
0.8455810546875,0.269287109375,-0.288330078125,-33.0687022900763,74.6717557251908,-11.8473282442748,5.667
0.66259765625,0.221923828125,-0.255126953125,-32.793893129771,81.175572519084,-9.84732824427481,5.67
0.500732421875,0.158935546875,-0.2294921875,-29.2977099236641,82.9160305343512,-13.3587786259542,5.67
0.342041015625,0.0859375,-0.1805419921875,-23.7404580152672,75.8778625954198,-6.48854961832061,5.67
0.20849609375,0.101318359375,-0.173095703125,-16.7786259541985,61.0687022900763,-3.84732824427481,5.672
0.13916015625,0.0078125,-0.0609130859375,-0.106870229007634,2.21374045801527,0.824427480916031,5.75700000000001
1.0206298828125,0.301025390625,-0.22119140625,16.030534351145,-62.793893129771,18.3053435114504,5.758
1.1806640625,0.3446044921875,-0.2509765625,7.58778625954198,-62,26.2900763358779,5.758
1.2857666015625,0.2744140625,-0.212646484375,-1.90839694656489,-50.2900763358779,24.6412213740458,5.758
1.2684326171875,0.2376708984375,-0.22509765625,-4.7175572519084,-44.2442748091603,15.175572519084,5.759
1.3367919921875,0.4193115234375,-0.355224609375,9.57251908396947,-47.1908396946565,18.4580152671756,5.759
2.314453125,0.823486328125,-0.7850341796875,13.6793893129771,-37.8778625954198,-4.19847328244275,5.76300000000001
2.3082275390625,0.80810546875,-0.7730712890625,13.0687022900763,-35.7557251908397,-7.06870229007634,5.764
2.3048095703125,0.8538818359375,-0.814208984375,6.21374045801527,-25.8015267175573,-17.0076335877863,5.764
2.30224609375,0.9073486328125,-0.8511962890625,9.38931297709924,-21.6335877862595,-20.7786259541985,5.765
2.2684326171875,0.917236328125,-0.8544921875,4.47328244274809,-15.969465648855,-21.7557251908397,5.76600000000001
2.2078857421875,0.908203125,-0.8050537109375,-4.3969465648855,-6.03053435114504,-27.7251908396947,5.76600000000001
1.8572998046875,0.7357177734375,-0.6712646484375,-21.1297709923664,14.9770992366412,-14,5.767
1.7518310546875,0.68701171875,-0.6280517578125,-24.6106870229008,22.5648854961832,-11.4351145038168,5.84700000000001
1.45751953125,0.562255859375,-0.4969482421875,-32.6717557251908,44.8549618320611,-12.9465648854962,5.848
1.30029296875,0.487548828125,-0.47216796875,-36.8549618320611,55.2519083969466,-13.4503816793893,5.85000000000001
1.156982421875,0.4376220703125,-0.412841796875,-40.5190839694656,62.0763358778626,-11.1450381679389,5.85000000000001
0.97021484375,0.3546142578125,-0.270263671875,-38.9007633587786,76.0610687022901,-17.2824427480916,5.85000000000001
0.5577392578125,0.201171875,-0.257568359375,-37.6488549618321,85.8167938931298,-17.9389312977099,5.851
0.4091796875,0.1146240234375,-0.220703125,-37.1145038167939,85.2824427480916,-17.7251908396947,5.852
0.202392578125,0.082763671875,-0.1912841796875,-25.8778625954198,76.5038167938931,-3.77099236641221,5.852
0.1934814453125,0.1259765625,-0.1973876953125,-13.4656488549618,47.8015267175573,2.03053435114504,6.12
0.176025390625,0.140380859375,-0.20068359375,-8.38167938931298,30.3511450381679,12.3664122137405,6.208
0.219970703125,0.119873046875,-0.19580078125,-5.58778625954198,25.1450381679389,10.2748091603053,6.209
0.1856689453125,0.115234375,-0.1676025390625,-5.49618320610687,16.1068702290076,8.91603053435115,6.21000000000001
0.17529296875,0.130615234375,-0.1141357421875,-3.00763358778626,10,5.3587786259542,6.21000000000001
0.1966552734375,0.07958984375,-0.092041015625,-8.30534351145038,12.3664122137405,-1.2824427480916,6.211
0.1878662109375,0.0556640625,-0.103271484375,-9.55725190839695,11.7557251908397,0.50381679389313,6.211
0.1171875,-0.00537109375,-0.0303955078125,-6.82442748091603,10.4732824427481,-7.86259541984733,6.212
0.08837890625,-0.03271484375,-0.044921875,-9.54198473282443,15.6793893129771,-9.72519083969466,6.212
0.062255859375,-0.0213623046875,-0.033935546875,-3.3587786259542,15.8931297709924,-6.87022900763359,6.212
0.0718994140625,-0.0650634765625,0.0030517578125,-4.50381679389313,11.1145038167939,-7.32824427480916,6.21300000000001
1.0830078125,0.3203125,-0.323974609375,7.77099236641221,-53.7862595419847,-13.6030534351145,6.221
1.1632080078125,0.2994384765625,-0.27685546875,7.02290076335878,-52.381679389313,-12.7022900763359,6.221
2.2796630859375,1.0013427734375,-0.804931640625,7.93893129770992,-3.54198473282443,-12.3358778625954,6.297
2.2977294921875,1.03662109375,-0.853515625,8.91603053435115,-4.74809160305344,-6.24427480916031,6.297
2.29736328125,1.02392578125,-0.8565673828125,2.94656488549618,-0.0152671755725191,-8.3206106870229,6.298
2.2828369140625,1.046142578125,-0.8040771484375,-1.3587786259542,7.22137404580153,-7.89312977099237,6.29900000000001
2.0848388671875,0.9564208984375,-0.7606201171875,-8.99236641221374,23.5572519083969,-5.84732824427481,6.3
1.9967041015625,0.9459228515625,-0.7197265625,-11.8320610687023,28.0458015267176,0.809160305343511,6.301
1.9017333984375,0.8665771484375,-0.647705078125,-10.4427480916031,33.0534351145038,-0.396946564885496,6.303
1.822509765625,0.84423828125,-0.637939453125,-16.6106870229008,34.9160305343511,5.43511450381679,6.304
1.571533203125,0.730712890625,-0.5308837890625,-20.0152671755725,45.9236641221374,3.86259541984733,6.304
1.4000244140625,0.666259765625,-0.49072265625,-18.1221374045802,55.3435114503817,3.45038167938931,6.661
1.24951171875,0.5982666015625,-0.4796142578125,-23.9541984732824,56.793893129771,1.95419847328244,6.751
1.125,0.4954833984375,-0.4376220703125,-21.8015267175573,61.4045801526718,3.9236641221374,6.75700000000001
0.81298828125,0.3800048828125,-0.351806640625,-27.7404580152672,71.9847328244275,0.33587786259542,6.758
0.66552734375,0.314697265625,-0.31494140625,-22.7175572519084,69.6793893129771,-4.82442748091603,6.758
0.495849609375,0.2618408203125,-0.286865234375,-23.8778625954198,69.6488549618321,-5.6793893129771,6.837
0.3701171875,0.220947265625,-0.2646484375,-20.1526717557252,71.0992366412214,-5.77099236641221,6.839
0.210693359375,0.140625,-0.2088623046875,-6.80916030534351,55.7557251908397,-0.50381679389313,6.842
0.1849365234375,0.1595458984375,-0.2049560546875,-2.3969465648855,42.0763358778626,3.14503816793893,6.843
0.20166015625,0.1156005859375,-0.2288818359375,0.83969465648855,34.2137404580153,8.97709923664122,6.84400000000001
0.1890869140625,0.1351318359375,-0.1724853515625,-0.656488549618321,32.1679389312977,9.3587786259542,6.84400000000001
1.5321044921875,0.414306640625,-0.2254638671875,26.5038167938931,-51.0229007633588,13.6793893129771,6.84400000000001
2.25341796875,0.8760986328125,-0.6884765625,3.69465648854962,-18.5496183206107,-10.2748091603053,6.84400000000001
2.232666015625,0.8411865234375,-0.64501953125,-1.61832061068702,-5.98473282442748,-7.26717557251908,6.845
2.197265625,0.8577880859375,-0.6580810546875,-5.08396946564886,1.77099236641221,-8.62595419847328,6.92700000000001
2.1368408203125,0.8253173828125,-0.6282958984375,-9.54198473282443,7.02290076335878,-3.32824427480916,6.92700000000001
1.164306640625,0.3724365234375,-0.323486328125,-28.5648854961832,69.587786259542,-5.93893129770992,6.928
0.9671630859375,0.3067626953125,-0.285400390625,-28.9160305343511,79.3587786259542,-12.7480916030534,6.929
0.8026123046875,0.2452392578125,-0.2236328125,-28.1374045801527,83.5419847328244,-11.3587786259542,6.929
0.4921875,0.17041015625,-0.201416015625,-23.6793893129771,81.6793893129771,-14.3206106870229,6.93000000000001
0.35986328125,0.1298828125,-0.153564453125,-20.1832061068702,82.2290076335878,-13.9389312977099,6.93000000000001
0.281982421875,0.0985107421875,-0.141357421875,-16.0763358778626,75.7404580152672,-15.9083969465649,6.931
0.200439453125,0.073974609375,-0.1632080078125,-7.51145038167939,62.4732824427481,-12.4274809160305,6.931
0.109375,0.0758056640625,-0.1630859375,1.2824427480916,38.793893129771,-1.86259541984733,6.932
0.115234375,0.048828125,-0.161865234375,3.93893129770992,32.2595419847328,2.76335877862595,6.932
0.157470703125,0.0499267578125,-0.123046875,5.00763358778626,24.5801526717557,9.45038167938931,7.01600000000001
0.1622314453125,0.0648193359375,-0.08984375,4.62595419847328,19.8778625954198,5.87786259541985,7.017
0.1241455078125,0.0224609375,-0.1031494140625,-0.778625954198473,16.381679389313,9.08396946564885,7.018
0.116455078125,0.0426025390625,-0.057373046875,-1.2824427480916,16.0763358778626,8.58015267175572,7.10600000000001
0.084228515625,0.0137939453125,-0.0294189453125,1.63358778625954,13.9541984732824,3.38931297709924,7.107
0.0623779296875,0.001220703125,-0.0184326171875,1.74045801526718,14.9160305343511,2.94656488549618,7.29000000000001
0.0726318359375,-0.041015625,-0.0418701171875,-1.80152671755725,15.206106870229,2.77862595419847,7.291
0.0235595703125,-0.018798828125,-0.0350341796875,-1.48091603053435,14.8549618320611,2.87022900763359,7.292
-0.0040283203125,-0.0684814453125,0.0074462890625,-1.19083969465649,16.7328244274809,3.23664122137405,7.29300000000001
-0.0130615234375,-0.0472412109375,0.01220703125,-1.16030534351145,11.3893129770992,3.31297709923664,7.294
0.009521484375,-0.05712890625,-0.0140380859375,-0.885496183206107,9.98473282442748,3.0381679389313,7.471
0.000732421875,-0.0611572265625,-0.011474609375,4.25954198473282,12.0763358778626,2.38167938931298,7.557
0.0068359375,-0.07470703125,0.014892578125,8.45801526717557,-0.0610687022900763,4.70229007633588,7.557
-0.0052490234375,-0.0709228515625,-0.01171875,9.19083969465649,-2.62595419847328,4.18320610687023,7.559
0.6654052734375,0.164794921875,-0.083251953125,18.6717557251908,-58.5038167938931,30.6412213740458,7.559
0.68115234375,0.1634521484375,-0.09716796875,17.0229007633588,-50.0916030534351,23.6946564885496,7.56
2.1019287109375,0.87890625,-0.6715087890625,-9.83206106870229,14.6259541984733,-25.2824427480916,7.56100000000001
2.006591796875,0.8525390625,-0.6160888671875,-15.8625954198473,24.0152671755725,-23.8931297709924,7.56100000000001
1.908203125,0.822998046875,-0.5906982421875,-13.7862595419847,28.7328244274809,-17.969465648855,7.562
1.6920166015625,0.7138671875,-0.5303955078125,-19.7709923664122,29.3740458015267,-18.6412213740458,7.562
1.5269775390625,0.689208984375,-0.487060546875,-23.0534351145038,41.2671755725191,-14.763358778626,7.563
0.1181640625,0.018798828125,-0.1087646484375,-15.9236641221374,8.53435114503817,-4.83969465648855,7.64700000000001
-0.0223388671875,-0.1405029296875,0.014892578125,2.59541984732824,4.10687022900763,-9.72519083969466,7.648
0.0093994140625,-0.1435546875,0.0166015625,7.93893129770992,-2.22900763358779,-6.33587786259542,7.649
0.0338134765625,-0.154052734375,0.06787109375,12.2595419847328,-15.3282442748092,-9.46564885496183,7.65000000000001
0.0531005859375,-0.166748046875,0.0589599609375,15.1908396946565,-32.1221374045802,0.549618320610687,7.651
0.2503662109375,-0.0562744140625,-0.06689453125,29.6335877862595,-55.1603053435115,16.5496183206107,7.828
0.6541748046875,0.0830078125,-0.0567626953125,34.1984732824427,-65.4503816793893,32.9770992366412,7.83200000000001
0.716552734375,0.1339111328125,-0.0740966796875,32.1526717557252,-59.3435114503817,18.0610687022901,7.83200000000001
0.774169921875,0.16259765625,-0.0484619140625,26.4732824427481,-55.236641221374,12.0763358778626,7.833
0.9813232421875,0.2191162109375,-0.0877685546875,27.9541984732824,-53.4045801526718,-1.70992366412214,7.833
1.0234375,0.232666015625,-0.130615234375,24.793893129771,-55.8931297709924,-2.25954198473282,8.28100000000001
1.0960693359375,0.2335205078125,-0.1300048828125,17.7251908396947,-48.9923664122137,-6.93129770992366,8.73100000000001
1.1297607421875,0.212890625,-0.1575927734375,18.5343511450382,-49.4656488549618,-12.0610687022901,8.732
1.3865966796875,0.3731689453125,-0.2305908203125,40.2595419847328,-72.1068702290076,9.51145038167939,8.733
1.5556640625,0.48828125,-0.320556640625,42.3664122137405,-74.0458015267176,17.4045801526718,8.73400000000001
1.7562255859375,0.592529296875,-0.3748779296875,41.9847328244275,-75.8625954198473,16.6717557251908,8.736
1.6268310546875,0.656005859375,-0.519775390625,-27.4198473282443,42.1068702290076,-8.77862595419847,8.815
1.4617919921875,0.63818359375,-0.490478515625,-26.5343511450382,49.6641221374046,-8.27480916030534,8.816
1.17724609375,0.488037109375,-0.41064453125,-36.6870229007634,67.0992366412214,-8.53435114503817,9.09100000000001
1.0267333984375,0.451904296875,-0.331787109375,-39.3129770992366,69.6793893129771,-9.77099236641221,9.09700000000001
0.8704833984375,0.3812255859375,-0.3192138671875,-37.3740458015267,79.7862595419847,-11.9389312977099,9.098
2.3604736328125,0.886474609375,-0.614013671875,-1.78625954198473,-3.02290076335878,-11.4045801526718,9.099
1.744384765625,0.7291259765625,-0.5643310546875,36.7480916030534,-51.2519083969466,9.55725190839695,9.099
1.9532470703125,0.846923828125,-0.5831298828125,26.4732824427481,-48.6106870229008,1.22137404580153,9.271
2.0533447265625,0.8660888671875,-0.6634521484375,27.4198473282443,-42.5190839694656,-5.61832061068702,9.27200000000001
2.167724609375,0.9007568359375,-0.7015380859375,18.9618320610687,-38.1374045801527,-8.42748091603053,9.27200000000001
2.2249755859375,0.9237060546875,-0.734375,13.7404580152672,-35.6793893129771,-7.17557251908397,9.273
2.1090087890625,0.8367919921875,-0.6942138671875,-2.76335877862595,17.8473282442748,-0.641221374045801,9.273
2.0233154296875,0.85498046875,-0.6507568359375,-3.22137404580153,22.2900763358779,3.32824427480916,9.721
1.9561767578125,0.8048095703125,-0.6649169921875,-8.90076335877863,27.3435114503817,6.04580152671756,9.72200000000001
-0.0294189453125,-0.062255859375,-0.0460205078125,2.35114503816794,3.9236641221374,-1.11450381679389,9.723
-0.0645751953125,-0.096923828125,-0.0396728515625,8.18320610687023,-5.02290076335878,-1.86259541984733,9.724
0.014404296875,-0.10205078125,0.008544921875,6.04580152671756,-17.2824427480916,-1.69465648854962,9.72500000000001
0.0450439453125,-0.108642578125,-0.0089111328125,9.43511450381679,-20.793893129771,1.06870229007634,9.80800000000001
1.8050537109375,0.6793212890625,-0.467041015625,14.2290076335878,-39.0534351145038,-28.8702290076336,9.81
1.908447265625,0.76123046875,-0.5360107421875,11.0839694656489,-38.412213740458,-31.4351145038168,9.81100000000001
1.9671630859375,0.8193359375,-0.6348876953125,9.80152671755725,-38.9007633587786,-31.618320610687,9.812
2.078369140625,0.8594970703125,-0.6571044921875,3.20610687022901,-29.587786259542,-35.5725190839695,9.812
2.103515625,0.86669921875,-0.6629638671875,4.01526717557252,-23.0992366412214,-34.4732824427481,9.81400000000001
0.883056640625,0.2286376953125,-0.113037109375,20.8702290076336,-32.2748091603053,30.7480916030534,9.815
0.93115234375,0.2591552734375,-0.15869140625,15.0992366412214,-27.175572519084,29.2519083969466,9.816
1.01806640625,0.2591552734375,-0.1109619140625,5.96946564885496,-25.0229007633588,14.1221374045802,9.81700000000001
1.05126953125,0.2568359375,-0.131591796875,8.04580152671756,-22.1832061068702,16.3969465648855,9.818
1.162109375,0.248046875,-0.1136474609375,6.93129770992366,-29.7251908396947,20.9618320610687,9.818
2.0592041015625,0.650634765625,-0.458740234375,15.8320610687023,-39.3587786259542,19.7099236641221,10.172
2.161376953125,0.6761474609375,-0.4908447265625,8.30534351145038,-31.0992366412214,10.2900763358779,10.173
2.1875,0.685546875,-0.54150390625,3.9236641221374,-25.4503816793893,3.57251908396947,10.174
2.193115234375,0.724365234375,-0.5228271484375,1.48091603053435,-21.7862595419847,1.6793893129771,10.174
2.216064453125,0.762451171875,-0.598388671875,1.29770992366412,-25.3893129770992,-3.0381679389313,10.174
2.2520751953125,0.734375,-0.607666015625,-5.48091603053435,-18.1984732824427,-8.85496183206107,10.35
2.2298583984375,0.757568359375,-0.6007080078125,-8.30534351145038,-14.0458015267176,-6.41221374045802,10.351
2.1658935546875,0.7076416015625,-0.547607421875,-7.3587786259542,-6.56488549618321,-9.00763358778626,10.352
2.0479736328125,0.72802734375,-0.56689453125,-7.90839694656489,-0.580152671755725,-5.66412213740458,10.352
1.9853515625,0.7196044921875,-0.565185546875,-12.3664122137405,9.48091603053435,-4.99236641221374,10.352
1.901123046875,0.7017822265625,-0.52783203125,-13.6488549618321,16.5343511450382,-2.03053435114504,10.439
0.0013427734375,-0.05859375,-0.045166015625,12.6564885496183,-14.3053435114504,-9.81679389312977,10.439
0.0142822265625,-0.100830078125,-0.0400390625,13.4045801526718,-18.9618320610687,-11.3740458015267,10.44
0.0279541015625,-0.1016845703125,0.005859375,10.9770992366412,-28.0916030534351,-15.4503816793893,10.44
0.1392822265625,-0.0643310546875,0.0067138671875,22.0152671755725,-49.4045801526718,-3.61832061068702,10.527
0.3070068359375,0.029296875,-0.0550537109375,33.7862595419847,-72.9923664122137,12.0458015267176,10.529
2.2266845703125,0.83544921875,-0.788818359375,19.206106870229,-49.9083969465649,-12.2900763358779,10.529
2.2408447265625,0.8902587890625,-0.7984619140625,20.2748091603053,-47.5572519083969,-11.1145038167939,10.53
2.276611328125,0.9151611328125,-0.8353271484375,14.2748091603053,-37.4198473282443,-15.7099236641221,10.53
2.322021484375,0.901611328125,-0.8665771484375,11.3893129770992,-29.9236641221374,-11.5572519083969,10.531
2.2896728515625,0.9422607421875,-0.8607177734375,3.16030534351145,-16.4732824427481,-12.3664122137405,10.532
1.6961669921875,0.716064453125,-0.6246337890625,-26.5954198473282,49.8167938931298,-4.48854961832061,10.534
1.5185546875,0.6456298828125,-0.5386962890625,-35.8931297709924,58.1832061068702,0.152671755725191,10.537
1.22802734375,0.5338134765625,-0.4739990234375,-47.0534351145038,73.4198473282443,-4.10687022900763,10.538
1.027099609375,0.4483642578125,-0.4085693359375,-51.3740458015267,83.0992366412214,-4.48854961832061,10.617
0.1595458984375,0.0465087890625,-0.057861328125,-34.824427480916,48.8549618320611,20.3206106870229,10.618
0.1461181640625,0.043701171875,-0.0487060546875,-30.6259541984733,38.381679389313,22.1526717557252,10.618
0.1744384765625,0.0372314453125,-0.0706787109375,-31.9389312977099,36.0763358778626,29.1145038167939,10.619
0.1751708984375,0.009521484375,-0.046875,-26.3358778625954,35.6030534351145,22.2900763358779,10.619
0.1903076171875,-0.03173828125,-0.039794921875,-21.6641221374046,36.2290076335878,23.8320610687023,10.62
0.1434326171875,-0.0406494140625,-0.034423828125,-19.2671755725191,36.4580152671756,17.9236641221374,10.62
0.122314453125,-0.0213623046875,0.0037841796875,-21.3740458015267,36.8702290076336,19.5725190839695,10.621
0.09814453125,-0.0478515625,-0.0093994140625,-14.1068702290076,36.1068702290076,11.6335877862595,10.621
0.0765380859375,-0.054443359375,-0.0054931640625,-16.0763358778626,30,10.7328244274809,10.622
0.0633544921875,-0.057861328125,-0.0001220703125,-10.7022900763359,27.0534351145038,10.412213740458,10.804
0.0234375,-0.0963134765625,0.0333251953125,-13.4351145038168,25.0534351145038,13.175572519084,10.804
0.0186767578125,-0.1036376953125,0.036376953125,-13.5114503816794,19.175572519084,11.7251908396947,10.805
0.040283203125,-0.0828857421875,0.042236328125,-13.587786259542,21.3435114503817,9.74045801526718,10.805
0.03271484375,-0.101806640625,0.0198974609375,-13.0687022900763,15.0839694656489,7.98473282442748,10.806
-0.0013427734375,-0.137451171875,0.02197265625,-9.6793893129771,12.381679389313,5.11450381679389,10.886
0.0413818359375,-0.1363525390625,0.0240478515625,-3.17557251908397,2.9618320610687,4.42748091603053,11.071
0.0736083984375,-0.1275634765625,0.02490234375,0.0916030534351145,-4.99236641221374,5.14503816793893,11.072
0.1129150390625,-0.0269775390625,0.036865234375,4.79389312977099,-15.8167938931298,8.16793893129771,11.073
0.369140625,0.0401611328125,-0.038818359375,15.2519083969466,-41.9083969465649,18.9160305343511,11.074
0.548828125,0.062255859375,-0.077392578125,17.587786259542,-55.3129770992366,27.6030534351145,11.075
1.6248779296875,0.4022216796875,-0.3157958984375,23.9389312977099,-70.3969465648855,-4.47328244274809,11.159
1.8214111328125,0.5064697265625,-0.3779296875,21.8931297709924,-65.3587786259542,-2.04580152671756,11.161
1.9281005859375,0.5728759765625,-0.4033203125,21.8167938931298,-61.9541984732824,-6.50381679389313,11.163
2.2105712890625,0.67822265625,-0.52099609375,22.381679389313,-58.3206106870229,-15.6641221374046,11.164
2.3892822265625,0.787353515625,-0.5927734375,23.0229007633588,-59.2213740458015,-16.9160305343511,11.166
2.4443359375,0.9473876953125,-0.7193603515625,4.99236641221374,-3.80152671755725,-19.4351145038168,11.247
0.192138671875,0.1015625,-0.1522216796875,5.72519083969466,7.14503816793893,-11.9847328244275,11.249
0.164306640625,0.077880859375,-0.164794921875,5.58778625954198,13.1297709923664,-12.6106870229008,11.25
0.05810546875,0.0372314453125,-0.1314697265625,5.6030534351145,17.3435114503817,-13.2519083969466,11.25
0.02587890625,-0.01123046875,-0.084716796875,5.58778625954198,17.2824427480916,-12.2595419847328,11.252
0.036865234375,0.004150390625,-0.100830078125,5.25190839694656,15.6641221374046,-6.30534351145038,11.253
-0.04248046875,-0.115234375,-0.0059814453125,-3.08396946564885,16.3664122137405,1.89312977099237,11.254
-0.042236328125,-0.1590576171875,0.031494140625,-3.41984732824427,16.2595419847328,2.10687022900763,11.254
-0.0433349609375,-0.1680908203125,0.0369873046875,-2.79389312977099,16.1984732824427,3.61832061068702,11.254
-0.0460205078125,-0.1705322265625,0.0399169921875,-5.40458015267176,11.2213740458015,8.58015267175572,11.255
-0.017578125,-0.1168212890625,0.0245361328125,0.442748091603053,7.29770992366412,6.27480916030534,11.338
0.9200439453125,0.20166015625,-0.086181640625,10.1679389312977,-48.3358778625954,35.7404580152672,11.34
1.063232421875,0.184326171875,-0.1337890625,6.61068702290076,-46.5496183206107,30.2290076335878,11.34
1.20556640625,0.1700439453125,-0.10205078125,4.19847328244275,-47.1145038167939,28.9465648854962,11.341
1.2142333984375,0.1170654296875,-0.0487060546875,-4.77862595419847,-31.7099236641221,11.7709923664122,11.342
1.2850341796875,0.1676025390625,-0.0555419921875,5.64885496183206,-30.2290076335878,8.47328244274809,11.343
1.4134521484375,0.204833984375,-0.138916015625,16.6870229007634,-41.1297709923664,12.1221374045802,11.344
1.7838134765625,0.39453125,-0.27099609375,22.2748091603053,-52.7175572519084,9.89312977099237,11.348
1.910400390625,0.506103515625,-0.3408203125,25.4198473282443,-51.8625954198473,5.34351145038168,11.348
1.95654296875,0.5286865234375,-0.4173583984375,24.0763358778626,-41.5114503816794,-8.73282442748092,11.348
2.019775390625,0.600830078125,-0.4482421875,15.206106870229,-37.5419847328244,-16.2442748091603,11.521
2.2001953125,0.6512451171875,-0.4901123046875,13.9847328244275,-36.5343511450382,-18.1984732824427,11.522
2.25,0.6798095703125,-0.546875,7.51145038167939,-31.5114503816794,-23.7709923664122,11.523
2.28564453125,0.704345703125,-0.5650634765625,9.41984732824428,-22.1221374045802,-24.3358778625954,11.524
2.27587890625,0.7576904296875,-0.5477294921875,3.81679389312977,-20.0610687022901,-24.1068702290076,11.524
2.26416015625,0.73828125,-0.569091796875,-1.11450381679389,-5.81679389312977,-19.4503816793893,11.607
2.23046875,0.740234375,-0.523193359375,1.32824427480916,-0.793893129770992,-20.8549618320611,11.697
2.17822265625,0.7454833984375,-0.542236328125,0.427480916030534,3.40458015267176,-16.6259541984733,11.698
2.1480712890625,0.7454833984375,-0.5003662109375,-5.48091603053435,13.6641221374046,-12.4274809160305,11.699
1.998291015625,0.7286376953125,-0.4332275390625,-9.37404580152672,33.0229007633588,-2.47328244274809,11.7
1.8935546875,0.652587890625,-0.393310546875,-19.618320610687,42.9923664122137,0.977099236641221,11.7
0.6248779296875,0.1976318359375,-0.1585693359375,-37.4351145038168,104.152671755725,40.5496183206107,11.7
0.49169921875,0.1597900390625,-0.1126708984375,-40.1221374045802,104.152671755725,37.8931297709924,11.701
0.246337890625,0.0521240234375,-0.132080078125,-33.2977099236641,96.7022900763359,37.7862595419847,11.788
0.1549072265625,0.0296630859375,-0.091796875,-29.6030534351145,90.4580152671756,43.2213740458015,11.789
0.11083984375,0.021240234375,-0.0867919921875,-28.8702290076336,75.7557251908397,47.3740458015267,11.79
0.169921875,-0.0234375,-0.02783203125,-14.7786259541985,32.3358778625954,42.793893129771,11.79
0.0460205078125,-0.1767578125,0.0704345703125,-1.2824427480916,-8.42748091603053,7.14503816793893,11.791
0.063720703125,-0.18505859375,0.0511474609375,4.67175572519084,-15.7099236641221,3.78625954198473,11.791
0.12744140625,-0.2242431640625,0.082275390625,3.0381679389313,-22.0152671755725,-1.89312977099237,11.792
0.1558837890625,-0.17822265625,0.1275634765625,10.8854961832061,-47.7251908396947,-1.74045801526718,11.971
0.265869140625,-0.16552734375,0.12841796875,18.8091603053435,-64.6717557251908,7.95419847328244,12.151
0.5145263671875,-0.0518798828125,0.0546875,32.7175572519084,-94.2290076335878,15.206106870229,12.153
0.93798828125,-0.0067138671875,0.010986328125,31.1603053435114,-102.763358778626,10.5801526717557,12.153
1.1259765625,-0.011962890625,-0.034912109375,20.1832061068702,-86.0763358778626,-36.6717557251908,12.154
1.258544921875,0.0394287109375,-0.02001953125,19.8473282442748,-87.9236641221374,-41.1297709923664,12.154
1.3922119140625,0.0572509765625,-0.0968017578125,29.0229007633588,-108.488549618321,-44.1068702290076,12.237
1.6217041015625,0.1248779296875,-0.1676025390625,35.6946564885496,-121.099236641221,-34.0610687022901,12.239
1.8382568359375,0.2330322265625,-0.251953125,40.824427480916,-126.824427480916,-34.3206106870229,12.327
2.1324462890625,0.4100341796875,-0.420654296875,44.1679389312977,-116.076335877863,-51.9083969465649,12.418
2.2322998046875,0.4774169921875,-0.4561767578125,37.618320610687,-100.274809160305,-52.8396946564885,12.419
1.6788330078125,0.5650634765625,-0.4625244140625,-21.4503816793893,52.4885496183206,-26.9160305343511,12.419
0.04296875,-0.0736083984375,-0.039306640625,-1.61832061068702,-8.45801526717557,-19.4351145038168,12.422
-0.0008544921875,-0.0484619140625,-0.0357666015625,-0.67175572519084,-6.13740458015267,-24.3053435114504,12.425
0.0155029296875,-0.0985107421875,0.0086669921875,-0.259541984732824,-10.0610687022901,-22.8854961832061,12.507
0.01123046875,-0.0809326171875,-0.0133056640625,-0.442748091603053,-16.0610687022901,-27.9847328244275,12.598
0.0113525390625,-0.128662109375,-0.0028076171875,-0.900763358778626,-14.4274809160305,-28.5496183206107,12.599
0.3028564453125,-0.0699462890625,-0.0028076171875,17.7709923664122,-59.0076335877863,4.48854961832061,12.6
0.52001953125,0.0638427734375,-0.0555419921875,28.8091603053435,-66.3664122137405,17.3740458015267,12.6
1.5382080078125,0.406005859375,-0.327880859375,23.5419847328244,-55.206106870229,12.4885496183206,12.6
2.270263671875,0.8736572265625,-0.718994140625,4.53435114503817,-3.29770992366412,-19.5725190839695,12.6
2.191650390625,0.8597412109375,-0.69970703125,1.25190839694656,12.1832061068702,-16.0152671755725,12.601
2.087646484375,0.8758544921875,-0.64892578125,-4.33587786259542,19.8778625954198,-9.81679389312977,12.601
1.997802734375,0.8541259765625,-0.656494140625,-2.88549618320611,28.1374045801527,-11.7862595419847,12.602
1.8153076171875,0.7962646484375,-0.59765625,-13.0229007633588,43.4961832061069,-3.78625954198473,12.602
1.09765625,0.5035400390625,-0.3421630859375,-30.6412213740458,76.2290076335878,-5.43511450381679,12.603
0.1610107421875,0.1358642578125,-0.178955078125,-6.74809160305344,9.55725190839695,9.64885496183206,12.603
0.123779296875,0.08203125,-0.1898193359375,-9.32824427480916,5.6030534351145,3.86259541984733,12.688
0.119140625,0.06103515625,-0.170654296875,-8.51908396946565,-1.02290076335878,2.68702290076336,12.688
0.1170654296875,0.07421875,-0.1248779296875,-3.6030534351145,1.45038167938931,2.16793893129771,12.689
0.1265869140625,0.038330078125,-0.1312255859375,-2.44274809160305,-0.213740458015267,4.68702290076336,12.87
0.1036376953125,-0.0103759765625,-0.089599609375,-2.06106870229008,2,3.93893129770992,12.871
0.051025390625,0.007080078125,-0.0799560546875,-5.37404580152672,3.6030534351145,-0.106870229007634,12.872
0.0654296875,-0.034423828125,-0.0992431640625,-4.79389312977099,8.45801526717557,4.04580152671756,13.053
0.03515625,-0.0185546875,-0.0941162109375,-4.09160305343511,9.3587786259542,4.36641221374046,13.32
-0.001953125,-0.02099609375,-0.059814453125,0.152671755725191,9.00763358778626,4.53435114503817,13.321
-0.0079345703125,-0.0247802734375,-0.05322265625,-4.01526717557252,8.9618320610687,4.30534351145038,13.324
-0.01220703125,-0.031005859375,-0.0657958984375,-4.76335877862595,8.93129770992366,-0.16793893129771,13.327
0.002197265625,-0.0565185546875,-0.0223388671875,-5.6030534351145,9.2824427480916,0.748091603053435,13.33
-0.03759765625,-0.0611572265625,-0.0435791015625,0.259541984732824,2.77862595419847,-4.53435114503817,13.68
0.010986328125,-0.0521240234375,-0.033447265625,4.27480916030534,-5.75572519083969,1.00763358778626,13.681
0.2672119140625,0.0731201171875,-0.09521484375,12.1984732824427,-41.236641221374,19.2824427480916,13.682
1.799072265625,0.5853271484375,-0.4112548828125,8.19847328244275,-15.2213740458015,5.57251908396947,14.222
1.8609619140625,0.6375732421875,-0.4024658203125,-0.152671755725191,-17.1297709923664,4.0763358778626,14.491
1.035888671875,0.2447509765625,-0.120849609375,-40.6106870229008,74.0152671755725,1.81679389312977,14.495
-0.0357666015625,-0.0814208984375,0.024658203125,-16.030534351145,6.36641221374046,15.6793893129771,14.496
0.955322265625,0.163330078125,-0.0159912109375,14.6717557251908,-69.1297709923664,38.3664122137405,14.498
1.1004638671875,0.177978515625,0.0045166015625,12.0152671755725,-55.8015267175573,19.9541984732824,14.498
1.18896484375,0.215087890625,-0.0362548828125,11.8778625954198,-55.3587786259542,11.5114503816794,14.762
1.2884521484375,0.2901611328125,-0.019287109375,12.412213740458,-53.2519083969466,13.2977099236641,14.762
0.0921630859375,-0.0316162109375,-0.040771484375,-27.5725190839695,28.7786259541985,6.80916030534351,14.764
0.0882568359375,-0.02880859375,0.00146484375,-28.4274809160305,22.793893129771,11.6793893129771,14.765
0.125732421875,-0.104736328125,-0.0098876953125,-27.4351145038168,24.1374045801527,24.0763358778626,14.765
0.1466064453125,0.0946044921875,-0.193359375,6.33587786259542,54.1068702290076,-44.763358778626,14.848
0.09814453125,-0.09716796875,0.0186767578125,18.6259541984733,-3.78625954198473,6.44274809160305,15.031
1.8319091796875,0.6517333984375,-0.6131591796875,-9.41984732824428,-20.8854961832061,-22.763358778626,15.118
1.8115234375,0.6639404296875,-0.6136474609375,-12.2442748091603,-14.6106870229008,-18.9923664122137,15.119
1.8250732421875,0.5830078125,-0.6207275390625,-11.4961832061069,-12.7175572519084,-6.01526717557252,15.571
1.771728515625,0.5509033203125,-0.616455078125,-16.2900763358779,-8.04580152671756,0.83969465648855,15.573
0.0343017578125,-0.0029296875,-0.108154296875,-19.175572519084,8.76335877862596,-4.94656488549618,15.573
0.0013427734375,-0.0455322265625,-0.0767822265625,-23.6793893129771,5.11450381679389,-3.17557251908397,15.574
-0.038818359375,-0.067138671875,-0.023681640625,-19.4961832061069,-1.89312977099237,-3.69465648854962,15.575
-0.039306640625,-0.0968017578125,-0.005615234375,-18.1526717557252,-2.03053435114504,-7.40458015267176,15.657
-0.0003662109375,-0.0758056640625,0.0389404296875,-6.09160305343511,-22.0610687022901,0.824427480916031,15.658
0.7728271484375,0.220458984375,-0.054443359375,11.9236641221374,-88.4580152671756,25.5572519083969,15.659
1.69482421875,0.6497802734375,-0.483642578125,-31.6946564885496,49.1908396946565,-24.7175572519084,15.66
1.5460205078125,0.626220703125,-0.445556640625,-32.5343511450382,56.7480916030534,-22.9923664122137,15.747
0.1510009765625,0.1015625,-0.1123046875,-14.2442748091603,54.5954198473282,-15.2824427480916,15.748
0.157470703125,0.079833984375,-0.1387939453125,-12.2748091603053,41.5114503816794,-12.412213740458,15.749
0.8203125,0.2154541015625,-0.2501220703125,-26.3511450381679,88.3358778625954,-21.8167938931298,15.75
0.4444580078125,0.188720703125,-0.1842041015625,-22.381679389313,98.4274809160305,-29.236641221374,15.754
0.2889404296875,0.1219482421875,-0.1934814453125,-20.6564885496183,87.9847328244275,-22.763358778626,15.755
0.1905517578125,0.137939453125,-0.1558837890625,-10.1679389312977,78.5343511450382,-19.9236641221374,15.756
0.1103515625,0.1077880859375,-0.13671875,0.290076335877863,3.6793893129771,1.77099236641221,15.758
0.09228515625,0.07568359375,-0.08447265625,-2,3.54198473282443,0.656488549618321,15.761
0.096435546875,0.0421142578125,-0.094970703125,-3.17557251908397,8.18320610687023,0.0763358778625954,15.762
0.015625,-0.0386962890625,-0.064208984375,-5.12977099236641,7.98473282442748,-1.57251908396947,15.762
-0.0316162109375,-0.047119140625,-0.0406494140625,7.89312977099237,5.72519083969466,3.74045801526718,16.112
-0.0418701171875,-0.074462890625,-0.0379638671875,8.77862595419847,5.58778625954198,4.67175572519084,16.112
-0.0347900390625,-0.0489501953125,0.000244140625,7.84732824427481,1.20610687022901,-0.274809160305344,16.113
-0.015625,-0.06103515625,0.0123291015625,2.33587786259542,-3.0381679389313,-0.67175572519084,16.114
0.044189453125,-0.1026611328125,-0.0032958984375,5.43511450381679,-12.7480916030534,4.13740458015267,16.114
0.20654296875,-0.0406494140625,-0.0135498046875,7.86259541984733,-43.8625954198473,19.3129770992366,16.291
0.4356689453125,0.0765380859375,-0.0513916015625,24.9007633587786,-58.0458015267176,35.0992366412214,16.291
0.662353515625,0.091796875,-0.091064453125,19.2671755725191,-63.9389312977099,44.1526717557252,16.292
0.7520751953125,0.13427734375,-0.0821533203125,13.7404580152672,-55.9236641221374,36.6259541984733,16.292
0.9111328125,0.1944580078125,-0.133056640625,13.8473282442748,-50.4274809160305,19.1450381679389,16.293
0.9959716796875,0.225341796875,-0.124755859375,16.3358778625954,-56.4885496183206,20.9160305343511,17.009
2.035400390625,0.7607421875,-0.6324462890625,-4.68702290076336,25.0076335877863,-17.206106870229,17.01
0.44384765625,0.1588134765625,-0.1763916015625,-19.4809160305344,82.3664122137405,-28.4885496183206,17.012
0.267578125,0.08837890625,-0.1519775390625,-15.2671755725191,72.5648854961832,-21.7862595419847,17.012
0.1195068359375,0.0479736328125,-0.1219482421875,-9.05343511450382,46.6259541984733,-7.12977099236641,17.012
0.113037109375,0.07568359375,-0.114013671875,-4.06106870229008,36.030534351145,1.31297709923664,17.096
-0.0386962890625,-0.0877685546875,0.009521484375,11.7251908396947,0.793893129770992,-9.52671755725191,17.097
0.0120849609375,-0.0926513671875,-0.0140380859375,11.9541984732824,-7.37404580152672,-9.48091603053435,17.097
0.0859375,-0.0814208984375,-0.0018310546875,16.3969465648855,-35.2824427480916,-1.26717557251908,17.098
0.2147216796875,-0.063720703125,0.01123046875,24.3053435114504,-50.6412213740458,10.6412213740458,17.098
0.661865234375,0.0911865234375,-0.1290283203125,37.0687022900763,-82.1221374045802,33.6488549618321,17.098
2.3365478515625,0.7713623046875,-0.820556640625,-11.7709923664122,-28.1526717557252,-14.9618320610687,17.1
2.33447265625,0.772216796875,-0.804443359375,-6.87022900763359,-25.0992366412214,-14.8091603053435,18.272
2.3118896484375,0.7952880859375,-0.80810546875,-6.80916030534351,-20.4732824427481,-14.0610687022901,18.275
2.284423828125,0.740234375,-0.8236083984375,-7.66412213740458,-9.98473282442748,-13.7251908396947,18.277
2.10546875,0.673583984375,-0.7374267578125,-7.64885496183206,-0.549618320610687,-11.6793893129771,18.989
1.41357421875,0.4266357421875,-0.5325927734375,-12.1221374045802,43.4656488549618,0.427480916030534,18.989
1.2349853515625,0.3668212890625,-0.471923828125,-10.5496183206107,48.9618320610687,0.473282442748092,18.99
0.9315185546875,0.292236328125,-0.3575439453125,-15.7404580152672,58.1679389312977,0.641221374045801,18.991
0.77099609375,0.218017578125,-0.3170166015625,-10.5190839694656,76.5496183206107,-5.70992366412214,18.992
0.6331787109375,0.185302734375,-0.285400390625,-12.2748091603053,84.030534351145,-8.85496183206107,19.62
0.4749755859375,0.194091796875,-0.260986328125,-9.05343511450382,90.2900763358779,-6.85496183206107,21.692
0.2393798828125,0.1549072265625,-0.2115478515625,-4.93129770992366,86,-6.25954198473282,21.693
0.1795654296875,0.2003173828125,-0.2333984375,8.51908396946565,43.7557251908397,5.84732824427481,21.693
0.020751953125,-0.0247802734375,-0.02685546875,-24.2137404580153,-1.87786259541985,-8.74809160305344,21.699
0.038330078125,-0.06884765625,-0.0174560546875,-24.0152671755725,-0.946564885496183,-9.19083969465649,21.7
2.3524169921875,0.7794189453125,-0.568603515625,45.4045801526718,-70,0.641221374045801,23.041
2.48193359375,0.875,-0.6109619140625,40.5190839694656,-62.0916030534351,-12.6870229007634,23.044
2.48828125,0.8699951171875,-0.6470947265625,27.0534351145038,-55.0076335877863,-23.9083969465649,23.044
2.488037109375,0.911376953125,-0.699951171875,24.1221374045802,-42.381679389313,-31.8931297709924,23.046
2.5111083984375,0.9410400390625,-0.713134765625,17.5572519083969,-36.4427480916031,-35.4961832061069,23.046
2.0989990234375,0.7950439453125,-0.616455078125,-8.18320610687023,9.05343511450382,-19.3435114503817,23.128
0.174072265625,0.1358642578125,-0.228515625,10.1374045801527,27.7404580152672,2.9618320610687,23.129
0.080078125,0.1309814453125,-0.147705078125,-2.10687022900763,36.5954198473282,-2.38167938931298,23.13
0.125244140625,0.138671875,-0.1461181640625,-0.580152671755725,23.4656488549618,4.15267175572519,23.13
0.113525390625,0.114013671875,-0.142578125,3.41984732824427,9.84732824427481,3.14503816793893,23.13
0.170654296875,0.1107177734375,-0.1602783203125,7.12977099236641,-0.259541984732824,4.62595419847328,23.131
1.20751953125,0.4285888671875,-0.2557373046875,-4.58015267175572,-20.1374045801527,22.1068702290076,23.583
1.6512451171875,0.6136474609375,-0.5081787109375,24.3664122137405,-52.4885496183206,19.9236641221374,23.76
1.8253173828125,0.7269287109375,-0.57763671875,19.4351145038168,-50.9465648854962,14.4580152671756,23.761
1.9794921875,0.7696533203125,-0.6201171875,20.6717557251908,-45.618320610687,16.5496183206107,23.763
2.0810546875,0.8531494140625,-0.7523193359375,11.6946564885496,-41.4809160305344,12.7022900763359,24.213
2.346923828125,0.864501953125,-0.7513427734375,-16.0458015267176,11.2824427480916,0.381679389312977,24.214
2.235107421875,0.7977294921875,-0.6474609375,-14.4885496183206,24.6412213740458,-4.38167938931298,24.215
2.068359375,0.7684326171875,-0.6181640625,-15.0687022900763,40.2748091603053,-4.77862595419847,24.215
1.923095703125,0.7420654296875,-0.625244140625,-14.5190839694656,46.9312977099237,-4.88549618320611,24.215
1.8271484375,0.7099609375,-0.5968017578125,-14.9618320610687,49.0381679389313,-5.38931297709924,24.297
1.701904296875,0.6236572265625,-0.489013671875,-20.1526717557252,54.1526717557252,-2.18320610687023,24.298
2.0791015625,0.7147216796875,-0.5892333984375,17.6641221374046,-48.6259541984733,8.70229007633588,24.299
0.3018798828125,0.2220458984375,-0.2213134765625,-28.1068702290076,53.6793893129771,-0.198473282442748,24.299
0.251220703125,0.201171875,-0.180419921875,-24.5801526717557,46.0458015267176,4.58015267175572,24.3
0.198974609375,0.1976318359375,-0.1817626953125,-17.0534351145038,31.8625954198473,2.73282442748092,24.301
0.6243896484375,0.1871337890625,-0.296630859375,-38.1679389312977,50.9618320610687,-26.5343511450382,24.302
0.3602294921875,0.1180419921875,-0.2633056640625,-40.1526717557252,48.8396946564885,-30.2748091603053,24.303
0.292724609375,0.1370849609375,-0.2518310546875,-33.4045801526718,38,-32.9923664122137,24.304
0.207275390625,0.1395263671875,-0.2181396484375,-30.2748091603053,27.175572519084,-28.7786259541985,24.304
0.2305908203125,0.117431640625,-0.251220703125,-32.3969465648855,19.7404580152672,-23.6793893129771,24.304
0.0887451171875,0.0279541015625,-0.115234375,-41.0076335877863,5.25190839694656,-25.618320610687,24.388
0.061279296875,0.0382080078125,-0.1265869140625,-37.3740458015267,5.74045801526718,-29.2671755725191,24.477
0.0311279296875,-0.0123291015625,-0.1080322265625,-37.2671755725191,2.30534351145038,-28.4885496183206,24.479
0.01513671875,-0.043701171875,-0.0474853515625,-39.8167938931298,5.16030534351145,-24.2137404580153,24.482
0.00439453125,-0.0260009765625,-0.0675048828125,-35.1145038167939,4.01526717557252,-21.1450381679389,24.483
-0.034423828125,-0.07080078125,-0.027587890625,-34.4274809160305,-0.564885496183206,-14.3511450381679,24.484
-0.045166015625,-0.05419921875,-0.0198974609375,-33.7404580152672,-0.702290076335878,-15.9083969465649,24.484
-0.0716552734375,-0.08642578125,0.00146484375,-35.6488549618321,1.22137404580153,-7.75572519083969,24.485
-0.0711669921875,-0.1361083984375,0.0146484375,-30.4274809160305,-5.74045801526718,-8.68702290076336,24.485
-0.0301513671875,-0.1566162109375,-0.00244140625,-32.6870229007634,-9.06870229007634,-5.69465648854962,24.486
-0.0179443359375,-0.144287109375,0.0286865234375,-26.4274809160305,-12.1374045801527,0.702290076335878,24.486
0.0357666015625,-0.161376953125,0.0489501953125,-13.9236641221374,-27.5267175572519,7.09923664122137,24.487
1.1724853515625,0.2591552734375,-0.1494140625,9.52671755725191,-76.5496183206107,26.6259541984733,24.487
1.3331298828125,0.249755859375,-0.175537109375,2.36641221374046,-74.5190839694657,22.6412213740458,24.66
1.5047607421875,0.3209228515625,-0.1807861328125,-1.0381679389313,-63.236641221374,15.1145038167939,24.662
1.61376953125,0.3980712890625,-0.2496337890625,16.5496183206107,-58.1984732824427,12.9465648854962,24.663
1.832275390625,0.571044921875,-0.372314453125,21.7404580152672,-67.9847328244275,16.5954198473282,24.663
2.0234375,0.699462890625,-0.513427734375,21.9541984732824,-62.3358778625954,12.4274809160305,24.663
2.2891845703125,0.8778076171875,-0.6566162109375,19.5572519083969,-60.5648854961832,-7.06870229007634,24.746
2.3753662109375,0.904296875,-0.6732177734375,1.9236641221374,-51.3893129770992,-17.4351145038168,24.747
2.425537109375,0.97705078125,-0.71630859375,-9.43511450381679,-48.2137404580153,-21.4503816793893,24.747
2.48876953125,1.011474609375,-0.78955078125,-16.4885496183206,-33.7404580152672,-27.618320610687,24.748
2.4915771484375,1.0050048828125,-0.787109375,-28.6717557251908,-32.9923664122137,-27.8931297709924,24.748
2.508544921875,0.9537353515625,-0.7432861328125,-33.175572519084,-27.6488549618321,-22.9770992366412,24.749
1.3433837890625,0.4793701171875,-0.361572265625,-48.0610687022901,47.8778625954198,-22.3053435114504,24.749
1.1485595703125,0.369140625,-0.3450927734375,-47.206106870229,56.4732824427481,-27.6793893129771,24.75
0.7666015625,0.2431640625,-0.239990234375,-44.6564885496183,63.7862595419847,-25.4351145038168,24.751
0.60888671875,0.2265625,-0.212890625,-36.9160305343511,69.969465648855,-26.763358778626,24.751
0.4029541015625,0.19287109375,-0.2227783203125,-31.7862595419847,69.4503816793893,-26.7022900763359,24.752
0.2220458984375,0.17529296875,-0.2261962890625,-3.70992366412214,13.1908396946565,-2.65648854961832,24.837
0.173828125,0.1468505859375,-0.1719970703125,-7.89312977099237,7.52671755725191,-6.6412213740458,24.838
0.1123046875,0.15673828125,-0.155517578125,-9.51145038167939,9.63358778625954,-16.2290076335878,24.838
0.088134765625,0.1334228515625,-0.1416015625,-6.13740458015267,8.42748091603053,-16.3511450381679,24.839
0.0947265625,0.107421875,-0.1591796875,-6.61068702290076,8.04580152671756,-11.7099236641221,24.84
0.040283203125,0.0284423828125,-0.126220703125,-6.80916030534351,8.15267175572519,-10.3664122137405,24.843
-0.006103515625,0.0419921875,-0.0823974609375,-9.34351145038168,2.53435114503817,-8.70229007633588,24.843
-0.012451171875,-0.003173828125,-0.1053466796875,-8.19847328244275,5.25190839694656,-5.43511450381679,24.843
-0.015380859375,0.013916015625,-0.0975341796875,-3.51145038167939,4.73282442748092,1.00763358778626,24.844
0.0072021484375,-0.01953125,-0.0780029296875,-3.06870229007634,4.6412213740458,3.90839694656489,25.02
0.0093994140625,-0.064453125,-0.0714111328125,-5.0381679389313,4.15267175572519,5.16030534351145,25.02
0.0125732421875,-0.077392578125,-0.064697265625,-3.95419847328244,4.30534351145038,2.16793893129771,25.022
0.0106201171875,-0.059814453125,-0.0244140625,0.763358778625954,5.14503816793893,2.61068702290076,25.022
0.0101318359375,-0.0821533203125,-0.0355224609375,1.74045801526718,2.35114503816794,8.36641221374046,25.023
-0.013916015625,-0.090576171875,0.00390625,4.3206106870229,2.90076335877863,5.96946564885496,25.108
-0.0103759765625,-0.1334228515625,-0.0150146484375,5.40458015267176,7.90839694656489,7.12977099236641,25.108
-0.01025390625,-0.1385498046875,0.0321044921875,7.87786259541985,7.87786259541985,12.5190839694656,25.109
0.12939453125,-0.046142578125,0.0179443359375,11.3282442748092,-20.1832061068702,31.6030534351145,25.11
0.3372802734375,0.079345703125,-0.072021484375,40.8091603053435,-38.9618320610687,51.3282442748092,25.111
0.60302734375,0.1531982421875,-0.131103515625,40.4732824427481,-47.6641221374046,60.3969465648855,25.292
0.7535400390625,0.2200927734375,-0.0841064453125,32.6717557251908,-33.2824427480916,48.9923664122137,25.293
1.5770263671875,0.571533203125,-0.3221435546875,34.6412213740458,-27.2519083969466,33.4656488549618,25.294
1.713134765625,0.665771484375,-0.372314453125,40.7328244274809,-32.2137404580153,36.412213740458,25.298
1.8116455078125,0.710205078125,-0.427001953125,33.9847328244275,-27.4351145038168,27.969465648855,25.302
1.910888671875,0.8511962890625,-0.5364990234375,29.4809160305344,-23.6946564885496,14.8702290076336,25.377
2.111083984375,0.8505859375,-0.578125,-2.80916030534351,-2.58015267175573,1.51145038167939,25.38
2.1331787109375,0.8238525390625,-0.56396484375,-8.47328244274809,-1.69465648854962,4.15267175572519,25.383
1.9945068359375,0.718505859375,-0.4852294921875,-6.10687022900763,13.7862595419847,8.38167938931298,25.383
1.94580078125,0.6767578125,-0.454833984375,-7.06870229007634,25.2977099236641,7.22137404580153,25.384
1.83203125,0.643310546875,-0.4295654296875,-9.46564885496183,31.7251908396947,11.1603053435114,25.384
1.23876953125,0.4752197265625,-0.3204345703125,-5.96946564885496,65.6793893129771,32.412213740458,25.384
0.144287109375,0.099609375,-0.0616455078125,6.50381679389313,49.0381679389313,35.0839694656489,25.385
0.1407470703125,0.051513671875,-0.0711669921875,9.29770992366412,41.7862595419847,34,25.386
0.16162109375,0.037109375,-0.0361328125,8,39.2519083969466,36.5801526717557,25.387
0.1561279296875,0.0052490234375,-0.015625,3.9236641221374,30.2900763358779,26.0610687022901,25.387
0.0272216796875,-0.1593017578125,0.0625,9.75572519083969,20.824427480916,4.30534351145038,25.388
0.04541015625,-0.1553955078125,0.077880859375,6.24427480916031,9.93893129770992,0.687022900763359,25.467
0.0469970703125,-0.229248046875,0.091064453125,9.87786259541985,-5.95419847328244,-4.62595419847328,25.557
0.111572265625,-0.1749267578125,0.1168212890625,20.5038167938931,-27.5725190839695,3.46564885496183,25.558
0.3482666015625,-0.1053466796875,0.083740234375,30.8091603053435,-54.1832061068702,26.2137404580153,25.559
0.6827392578125,0.017333984375,-0.039306640625,44.3358778625954,-80.1832061068702,50.4427480916031,25.559
1.045654296875,0.03759765625,-0.03564453125,24.1984732824427,-59.4045801526718,37.6488549618321,25.56
1.1046142578125,0.0394287109375,-0.037841796875,19.0229007633588,-47.236641221374,23.1450381679389,25.561
1.123291015625,0.0418701171875,-0.0186767578125,18.8702290076336,-34.0763358778626,16.4885496183206,25.561
1.159912109375,-0.0137939453125,-0.0440673828125,20.8549618320611,-29.1145038167939,-3.9236641221374,25.562
1.114990234375,0.013916015625,-0.0411376953125,19.6335877862595,-19.969465648855,-8.38167938931298,25.563
1.166748046875,-0.0008544921875,-0.0205078125,18.3511450381679,-23.5114503816794,-8.51908396946565,25.564
1.204345703125,0.0272216796875,-0.075439453125,25.1145038167939,-26.0152671755725,-5.78625954198473,25.565
1.7642822265625,0.2515869140625,-0.2353515625,9.75572519083969,-0.50381679389313,-3.2824427480916,25.565
1.6219482421875,0.185546875,-0.211181640625,2.6412213740458,12.1068702290076,-12.2442748091603,25.647
1.5009765625,0.19140625,-0.2220458984375,2.77862595419847,10.1984732824427,-11.9389312977099,25.648
1.4471435546875,0.15185546875,-0.18212890625,3.38931297709924,12.5954198473282,-7.32824427480916,25.648
1.365234375,0.14404296875,-0.2030029296875,2.97709923664122,6.97709923664122,-11.9083969465649,25.649
1.344482421875,0.1697998046875,-0.1971435546875,2.61068702290076,9.12977099236641,-10.3969465648855,25.649
1.2274169921875,0.163330078125,-0.188720703125,5.52671755725191,2.25954198473282,-24.1679389312977,25.65
1.163818359375,0.1663818359375,-0.1888427734375,5.49618320610687,3.93893129770992,-26.3053435114504,25.651
1.1055908203125,0.14306640625,-0.194091796875,5.77099236641221,0.412213740458015,-35.6488549618321,25.651
1.0257568359375,0.1650390625,-0.181640625,2.09160305343511,-8,-40.1984732824427,25.829
0.9820556640625,0.175048828125,-0.225830078125,1.95419847328244,-17.4961832061069,-47.3435114503817,25.83
0.9521484375,0.1820068359375,-0.20751953125,5.3587786259542,-17.8015267175573,-46.1374045801527,25.831
0.8946533203125,0.1861572265625,-0.250244140625,4.76335877862595,-25.3282442748092,-52.1984732824427,25.831
0.8739013671875,0.2227783203125,-0.261962890625,4.47328244274809,-28.5190839694656,-49.6488549618321,25.832
0.8824462890625,0.206298828125,-0.289306640625,-0.0305343511450382,-32.8702290076336,-50.381679389313,26.011
0.8369140625,0.2093505859375,-0.2662353515625,-0.931297709923664,-29.5419847328244,-50.3664122137405,26.013
0.8565673828125,0.2166748046875,-0.274658203125,-1.29770992366412,-30.1374045801527,-49.2671755725191,26.014
0.8543701171875,0.2591552734375,-0.31787109375,-1.45038167938931,-30.9312977099237,-50.9160305343511,26.015
0.8492431640625,0.2484130859375,-0.302978515625,0.50381679389313,-30.030534351145,-42.2900763358779,26.016
0.8118896484375,0.2896728515625,-0.30810546875,-4.88549618320611,-32.6717557251908,-43.8931297709924,26.1
0.8072509765625,0.3414306640625,-0.3076171875,-24.3969465648855,-13.7862595419847,-18.2748091603053,26.1
0.8536376953125,0.3841552734375,-0.3095703125,-21.6335877862595,-16.3511450381679,-19.8320610687023,26.1
0.8411865234375,0.367919921875,-0.3551025390625,-22.1832061068702,-11.587786259542,-17.3282442748092,26.187
0.9205322265625,0.399658203125,-0.3299560546875,-23.206106870229,-10.9160305343511,-12.3358778625954,26.189
0.9456787109375,0.4425048828125,-0.334228515625,-27.9083969465649,-10.7480916030534,-6.27480916030534,26.19
0.9786376953125,0.3931884765625,-0.3260498046875,-29.4809160305344,-5.70992366412214,-2.7175572519084,26.191
0.8951416015625,0.2935791015625,-0.22021484375,-25.7862595419847,8.03053435114504,10.2900763358779,26.192
0.9207763671875,0.2906494140625,-0.1854248046875,-25.5572519083969,8.83969465648855,10.0610687022901,26.193
0.908447265625,0.2872314453125,-0.1807861328125,-29.1603053435114,9.25190839694656,13.3740458015267,26.193
0.90966796875,0.2869873046875,-0.1805419921875,-28.3358778625954,3.78625954198473,12.824427480916,26.195
