-0.1766357421875,0.3441162109375,-0.9681396484375,1.57251908396947,1.0381679389313,-4.41221374045802,0
-0.176513671875,0.344482421875,-0.9677734375,1.69465648854962,1.11450381679389,-4.45801526717557,0.0790000000000077
-0.177490234375,0.3443603515625,-0.9664306640625,1.81679389312977,1.26717557251908,-4.47328244274809,0.0800000000000409
-0.1788330078125,0.3438720703125,-0.9658203125,1.93893129770992,1.52671755725191,-4.45801526717557,0.0819999999999936
-0.17822265625,0.31201171875,-0.9658203125,-1.78625954198473,1.63358778625954,-4.30534351145038,0.0819999999999936
-0.17724609375,0.3116455078125,-0.966064453125,-1.64885496183206,1.70992366412214,-4.09160305343511,0.0830000000000268
-0.17724609375,0.3115234375,-0.96630859375,-1.55725190839695,1.80152671755725,0.0152671755725191,0.0850000000000364
-0.175537109375,0.34375,-0.96630859375,-1.3587786259542,-1.90839694656489,0.351145038167939,0.0850000000000364
-0.1749267578125,0.344482421875,-0.9666748046875,-1.26717557251908,-1.78625954198473,0.412213740458015,0.0860000000000127
-0.174560546875,0.3446044921875,-0.9678955078125,-1.12977099236641,-1.66412213740458,0.381679389312977,0.0869999999999891
-0.1749267578125,0.34521484375,-1.00048828125,-1.02290076335878,-1.58778625954198,0.290076335877863,0.172000000000025
-0.175048828125,0.3468017578125,-1.001708984375,-0.946564885496183,-1.54198473282443,0.106870229007634,0.174000000000035
-0.1748046875,0.3468017578125,-1.0025634765625,-0.946564885496183,-1.69465648854962,0.0458015267175573,0.175999999999988
-0.1746826171875,0.3468017578125,-1.0037841796875,-0.977099236641221,-1.77099236641221,-3.95419847328244,0.177000000000021
-0.1744384765625,0.3460693359375,-1.0037841796875,-1.00763358778626,-1.84732824427481,-4.09160305343511,0.182999999999993
-0.1748046875,0.3448486328125,-1.00439453125,-1.09923664122137,-1.95419847328244,-4.35114503816794,0.186000000000035
-0.175048828125,0.3443603515625,-1.00439453125,-1.12977099236641,1.89312977099237,-4.42748091603053,0.186000000000035
-0.17529296875,0.34423828125,-1.0037841796875,-1.17557251908397,1.83206106870229,-4.48854961832061,0.187999999999988
-0.175537109375,0.3446044921875,-1.0035400390625,-1.25190839694656,1.80152671755725,-4.53435114503817,0.189000000000021
-0.1766357421875,0.3123779296875,-1.004150390625,-1.43511450381679,1.78625954198473,-4.59541984732824,0.258000000000038
-0.1763916015625,0.311279296875,-1.0030517578125,-1.49618320610687,1.80152671755725,-4.53435114503817,0.259999999999991
-0.1761474609375,0.311279296875,-1.002685546875,-1.49618320610687,1.83206106870229,-4.44274809160305,0.262
-0.1756591796875,0.3121337890625,-1.001708984375,-1.46564885496183,1.84732824427481,-4.35114503816794,0.262
-0.1749267578125,0.3447265625,-1.002197265625,-1.52671755725191,1.77099236641221,-4.24427480916031,0.44300000000004
-0.1748046875,0.3443603515625,-1.001220703125,-1.58778625954198,1.77099236641221,-4.22900763358779,0.444000000000017
-0.1748046875,0.343994140625,-1.000732421875,-1.63358778625954,1.78625954198473,-4.27480916030534,0.444000000000017
-0.1751708984375,0.3438720703125,-1.00048828125,-1.6030534351145,1.78625954198473,-4.33587786259542,0.446000000000026
-0.17529296875,0.3448486328125,-1.0009765625,-1.45038167938931,1.70992366412214,-4.3969465648855,0.447000000000003
-0.1756591796875,0.3448486328125,-1.0010986328125,-1.46564885496183,1.75572519083969,-4.51908396946565,0.802000000000021
-0.176025390625,0.3448486328125,-1.001220703125,-1.48091603053435,1.78625954198473,-4.62595419847328,0.802000000000021
-0.1773681640625,0.3116455078125,-1.001953125,-1.46564885496183,-1.93893129770992,-4.74809160305344,0.80400000000003
-0.1788330078125,0.3109130859375,-1.001708984375,-1.46564885496183,-1.80152671755725,-4.7175572519084,0.805000000000007
-0.1783447265625,0.31201171875,-1.001220703125,-1.31297709923664,1.93893129770992,-4.30534351145038,0.805000000000007
-0.17626953125,0.344970703125,-1.00146484375,-1.19083969465649,1.77099236641221,-4.0763358778626,0.980999999999995
-0.173828125,0.34716796875,-1.001220703125,-1.08396946564885,1.6793893129771,-3.98473282442748,0.982000000000028
-0.1793212890625,0.34521484375,-1.0045166015625,-1.0381679389313,1.80152671755725,-4.13740458015267,0.983000000000004
-0.1793212890625,0.344482421875,-1.0028076171875,-1.19083969465649,1.74045801526718,-4.16793893129771,0.985000000000014
-0.17724609375,0.3438720703125,-1.0028076171875,-1.37404580152672,1.64885496183206,-4.13740458015267,0.98599999999999
-0.1767578125,0.3114013671875,-1.002685546875,-1.46564885496183,1.70992366412214,-4.13740458015267,1.06800000000004
-0.17626953125,0.310302734375,-1.001708984375,-1.17557251908397,1.6793893129771,-4.12213740458015,1.06900000000002
-0.1756591796875,0.310791015625,-1.0020751953125,-1.08396946564885,1.74045801526718,-4.09160305343511,1.06999999999999
-0.1759033203125,0.311279296875,-1.0028076171875,-1.09923664122137,1.81679389312977,-4.09160305343511,1.15800000000002
-0.175537109375,0.311279296875,-1.0030517578125,-1.11450381679389,1.86259541984733,-4.09160305343511,1.24799999999999
-0.1759033203125,0.34375,-1.00439453125,-1.11450381679389,1.86259541984733,-4.19847328244275,1.44
-0.1781005859375,0.3123779296875,-1.0048828125,-1.25190839694656,1.48091603053435,-4.53435114503817,1.51800000000003
-0.177490234375,0.34423828125,-1.00439453125,-1.2824427480916,1.31297709923664,-4.44274809160305,1.51800000000003
-0.177490234375,0.311767578125,-1.0035400390625,-1.38931297709924,1.29770992366412,-4.53435114503817,2.065
-0.177490234375,0.31103515625,-1.0020751953125,-1.45038167938931,1.29770992366412,-4.61068702290076,2.06600000000003
-0.17724609375,0.3084716796875,-1.0028076171875,-1.49618320610687,1.34351145038168,-4.65648854961832,2.06700000000001
-0.1749267578125,0.3472900390625,-1.003173828125,-1.54198473282443,1.22137404580153,-4.33587786259542,2.06800000000004
-0.174560546875,0.346435546875,-1.002685546875,-1.6793893129771,1.12977099236641,-4.59541984732824,2.06999999999999
-0.173828125,0.34423828125,-1.001953125,-1.80152671755725,1.0381679389313,-4.87022900763359,2.149
-0.1785888671875,0.31201171875,-1.0025634765625,-1.23664122137405,1.46564885496183,-4.59541984732824,2.15000000000003
-0.1796875,0.3096923828125,-1.001220703125,-1.41984732824427,1.84732824427481,-3.96946564885496,2.15100000000001
-0.1771240234375,0.312255859375,-1.002197265625,-1.22137404580153,1.74045801526718,0.0916030534351145,2.15199999999999
-0.1783447265625,0.310302734375,-1.002197265625,-1.81679389312977,1.57251908396947,-4.15267175572519,2.15300000000002
-0.177978515625,0.309814453125,-1.002685546875,-1.83206106870229,1.57251908396947,-4.09160305343511,2.154
-0.1785888671875,0.3116455078125,-0.96826171875,-1.93893129770992,1.77099236641221,-4,2.154
-0.177978515625,0.3121337890625,-0.968017578125,-1.89312977099237,1.84732824427481,-3.95419847328244,2.15500000000003
-0.17822265625,0.344482421875,-0.966796875,-1.83206106870229,1.89312977099237,-3.93893129770992,2.15600000000001
-0.1767578125,0.345458984375,-0.967529296875,-1.63358778625954,1.89312977099237,0.0458015267175573,2.15600000000001
-0.1767578125,0.34521484375,-0.968505859375,-1.6030534351145,-1.87786259541985,-3.95419847328244,2.15700000000004
-0.1778564453125,0.3450927734375,-1.001708984375,-1.2824427480916,-1.87786259541985,0.16793893129771,2.51800000000003
-0.1773681640625,0.3446044921875,-1.0006103515625,-1.2824427480916,1.9236641221374,0.183206106870229,2.51900000000001
-0.1771240234375,0.3441162109375,-0.968505859375,-1.3587786259542,1.84732824427481,0.0305343511450382,2.52000000000004
-0.1776123046875,0.34375,-1.0006103515625,-1.31297709923664,1.87786259541985,-3.95419847328244,2.52000000000004
-0.1781005859375,0.34375,-1.0009765625,-1.31297709923664,1.87786259541985,-3.98473282442748,2.52100000000002
-0.1790771484375,0.34423828125,-1.0020751953125,-1.32824427480916,1.84732824427481,-3.98473282442748,2.59800000000001
-0.1785888671875,0.3448486328125,-1.002197265625,-1.34351145038168,1.74045801526718,-3.95419847328244,2.60300000000001
-0.178466796875,0.344482421875,-1.0028076171875,-1.38931297709924,1.64885496183206,-3.93893129770992,2.60500000000002
-0.178466796875,0.3443603515625,-1.0032958984375,-1.45038167938931,1.61832061068702,-3.93893129770992,2.60500000000002
-0.1788330078125,0.344970703125,-1.0028076171875,-1.46564885496183,1.58778625954198,-4,2.60500000000002
-0.1793212890625,0.3450927734375,-1.002197265625,-1.49618320610687,1.55725190839695,-4.01526717557252,2.77699999999999
-0.1778564453125,0.34375,-1.0013427734375,-1.26717557251908,1.72519083969466,-4.45801526717557,2.77800000000002
-0.1783447265625,0.3441162109375,-1.0023193359375,-1.26717557251908,1.74045801526718,-4.47328244274809,2.77800000000002
-0.1778564453125,0.343994140625,-1.001953125,-1.31297709923664,1.6793893129771,-4.38167938931298,2.779
-0.177734375,0.312255859375,-1.00146484375,-1.34351145038168,1.69465648854962,-4.35114503816794,2.78100000000001
-0.1781005859375,0.3118896484375,-1.0009765625,-1.34351145038168,1.70992366412214,-4.35114503816794,2.78100000000001
-0.1787109375,0.34375,-1.0018310546875,-1.41984732824427,1.75572519083969,-4.53435114503817,2.78100000000001
-0.1787109375,0.31201171875,-1.001708984375,-1.45038167938931,1.81679389312977,-4.61068702290076,2.78100000000001
-0.178955078125,0.3114013671875,-1.001220703125,-1.41984732824427,1.84732824427481,-4.59541984732824,2.78200000000004
-0.1787109375,0.3111572265625,-1.0010986328125,-1.38931297709924,1.89312977099237,-4.53435114503817,2.78300000000002
-0.1785888671875,0.312255859375,-1.0025634765625,-1.34351145038168,1.90839694656489,-4.44274809160305,2.86799999999999
-0.1790771484375,0.34423828125,-1.0030517578125,-1.26717557251908,-1.95419847328244,-4.3969465648855,3.05200000000002
-0.1741943359375,0.347900390625,-1.0018310546875,-1.54198473282443,1.19083969465649,-4.51908396946565,3.05400000000003
-0.1754150390625,0.3106689453125,-0.966796875,-1.64885496183206,1.25190839694656,-4.94656488549618,3.05500000000001
-0.1776123046875,0.3087158203125,-0.9659423828125,-1.52671755725191,1.37404580152672,-4.9618320610687,3.05700000000002
-0.18017578125,0.30859375,-0.9666748046875,-1.14503816793893,1.52671755725191,-4.56488549618321,3.05900000000003
-0.1807861328125,0.3096923828125,-0.9676513671875,-1.00763358778626,1.6030534351145,-4.35114503816794,3.06100000000004
-0.180908203125,0.3106689453125,-1.00048828125,-0.931297709923664,1.66412213740458,-4.18320610687023,3.06100000000004
-0.1807861328125,0.3115234375,-1.0020751953125,-0.916030534351145,1.70992366412214,-4.10687022900763,3.06200000000001
-0.181396484375,0.31201171875,-1.002685546875,-0.977099236641221,1.80152671755725,-4.15267175572519,3.06200000000001
-0.1817626953125,0.311767578125,-1.003173828125,-1.02290076335878,1.83206106870229,-4.21374045801527,3.06299999999999
-0.1820068359375,0.3118896484375,-1.0029296875,-1.05343511450382,1.86259541984733,-4.24427480916031,3.065
-0.1817626953125,0.3114013671875,-1.00244140625,-1.11450381679389,1.87786259541985,-4.22900763358779,3.06600000000003
-0.17724609375,0.311279296875,-1.002197265625,-1.45038167938931,1.90839694656489,0.259541984732824,3.13900000000001
-0.1773681640625,0.3446044921875,-1.00341796875,-1.2824427480916,1.9236641221374,0.244274809160305,3.142
-0.177001953125,0.345703125,-1.0035400390625,-1.26717557251908,1.87786259541985,0.183206106870229,3.14400000000001
-0.1767578125,0.3448486328125,-1.00244140625,-1.3587786259542,1.77099236641221,0.0305343511450382,3.14500000000004
-0.1773681640625,0.34423828125,-1.0009765625,-1.3587786259542,1.78625954198473,-3.95419847328244,3.14600000000002
-0.1776123046875,0.312255859375,-1.0008544921875,-1.31297709923664,1.77099236641221,-3.98473282442748,3.14699999999999
-0.1781005859375,0.3121337890625,-1.0008544921875,-1.12977099236641,1.74045801526718,-3.96946564885496,3.149
-0.178466796875,0.3441162109375,-1.0008544921875,-1.0381679389313,1.70992366412214,-3.95419847328244,3.149
-0.1781005859375,0.3450927734375,-1.0020751953125,-1.00763358778626,1.63358778625954,-3.96946564885496,3.15000000000003
-0.177490234375,0.3455810546875,-1.001953125,-1.00763358778626,1.55725190839695,-4.22900763358779,3.50100000000003
-0.1783447265625,0.345458984375,-1.0023193359375,-1.06870229007634,1.57251908396947,-4.3969465648855,3.50200000000001
-0.1788330078125,0.3453369140625,-1.00244140625,-1.05343511450382,1.54198473282443,-4.53435114503817,3.86200000000002
-0.1788330078125,0.3448486328125,-1.002197265625,-1.09923664122137,1.48091603053435,-4.61068702290076,3.86500000000001
-0.1793212890625,0.3116455078125,-1.0013427734375,-1.20610687022901,1.52671755725191,-4.73282442748092,3.86799999999999
-0.1796875,0.31103515625,-1.001220703125,-1.20610687022901,1.58778625954198,-4.73282442748092,3.875
-0.179931640625,0.310791015625,-1.0018310546875,-1.16030534351145,1.64885496183206,-4.65648854961832,3.87700000000001
-0.18017578125,0.3106689453125,-1.0023193359375,-1.14503816793893,1.75572519083969,-4.61068702290076,3.88
-0.1802978515625,0.309814453125,-1.003662109375,-1.17557251908397,1.87786259541985,-4.48854961832061,3.88200000000001
-0.179931640625,0.309326171875,-1.0035400390625,-1.20610687022901,1.89312977099237,-4.3969465648855,3.88499999999999
-0.1800537109375,0.308837890625,-1.003173828125,-1.26717557251908,1.87786259541985,-4.30534351145038,3.88600000000002
-0.177978515625,0.31103515625,-1.0040283203125,-1.40458015267176,1.64885496183206,-4.56488549618321,3.88600000000002
-0.1790771484375,0.3094482421875,-1.003173828125,-1.48091603053435,1.6793893129771,-4.67175572519084,3.887
-0.1815185546875,0.310302734375,-1.0040283203125,-1.43511450381679,1.54198473282443,0.0152671755725191,3.887
-0.1785888671875,0.31201171875,-1.0037841796875,-1.48091603053435,1.63358778625954,-3.96946564885496,3.887
-0.1790771484375,0.3115234375,-1.00390625,-1.55725190839695,1.55725190839695,-4.01526717557252,3.95100000000002
-0.1790771484375,0.3099365234375,-1.002685546875,-1.64885496183206,1.49618320610687,-4.03053435114504,3.95300000000003
-0.1798095703125,0.3095703125,-1.0025634765625,-1.75572519083969,1.37404580152672,-3.93893129770992,3.95600000000002
-0.1798095703125,0.3094482421875,-1.001708984375,-1.78625954198473,1.29770992366412,0.106870229007634,3.95800000000003
-0.1800537109375,0.3087158203125,-1.0008544921875,-1.78625954198473,1.29770992366412,0.244274809160305,3.96000000000004
-0.1796875,0.310546875,-1.0015869140625,-1.70992366412214,1.3587786259542,0.519083969465649,3.96100000000001
-0.1798095703125,0.311767578125,-1.00244140625,-1.57251908396947,1.37404580152672,0.610687022900763,3.96199999999999
-0.1802978515625,0.34423828125,-1.0037841796875,-1.63358778625954,1.34351145038168,0.656488549618321,3.964
-0.1798095703125,0.344970703125,-1.00244140625,-1.72519083969466,1.22137404580153,0.656488549618321,4.31
-0.1783447265625,0.3450927734375,-1.0028076171875,-1.78625954198473,1.06870229007634,0.442748091603053,4.31200000000001
-0.1788330078125,0.34521484375,-1.002197265625,-1.84732824427481,1.06870229007634,0.290076335877863,4.315
-0.1790771484375,0.34521484375,-1.00244140625,-1.84732824427481,1.0381679389313,0.152671755725191,4.31600000000003
-0.1787109375,0.34521484375,-1.001953125,-1.90839694656489,0.977099236641221,0.0916030534351145,4.31600000000003
-0.179443359375,0.3438720703125,-1.0009765625,1.84732824427481,1.02290076335878,-4.04580152671756,4.39800000000002
-0.1798095703125,0.31201171875,-1.0009765625,1.83206106870229,1.11450381679389,-4.15267175572519,4.39800000000002
-0.1802978515625,0.3106689453125,-1.0010986328125,1.78625954198473,1.26717557251908,-4.22900763358779,4.399
-0.1806640625,0.3095703125,-1.0013427734375,1.81679389312977,1.40458015267176,-4.25954198473282,4.399
-0.1807861328125,0.3094482421875,-1.001708984375,-1.95419847328244,1.52671755725191,-4.10687022900763,4.40100000000001
-0.1800537109375,0.3101806640625,-1.0020751953125,-1.84732824427481,1.54198473282443,-4.01526717557252,4.40100000000001
-0.18017578125,0.3104248046875,-1.0015869140625,-1.55725190839695,1.9236641221374,-4.48854961832061,4.40199999999999
-0.1822509765625,0.309814453125,-1.00244140625,-1.58778625954198,-1.77099236641221,-4.51908396946565,4.404
-0.1837158203125,0.3095703125,-1.0030517578125,-1.6030534351145,-1.69465648854962,-4.50381679389313,4.404
-0.183837890625,0.3101806640625,-1.0028076171875,-1.57251908396947,-1.77099236641221,-4.33587786259542,4.40500000000003
-0.1810302734375,0.3441162109375,-1.0030517578125,-1.38931297709924,-1.95419847328244,-4.12213740458015,4.40800000000002
-0.1787109375,0.3104248046875,-0.96875,-1.55725190839695,1.41984732824427,-5.12977099236641,4.488
-0.179443359375,0.30908203125,-0.9676513671875,-1.52671755725191,1.48091603053435,-5.09923664122137,4.48900000000003
-0.1805419921875,0.307861328125,-0.96728515625,-1.45038167938931,1.63358778625954,-4.6412213740458,4.49000000000001
-0.18115234375,0.3084716796875,-0.9677734375,-1.20610687022901,1.74045801526718,-4.41221374045802,4.49100000000004
-0.181640625,0.3096923828125,-0.9683837890625,-1.14503816793893,1.80152671755725,-4.24427480916031,4.49200000000002
-0.1815185546875,0.3109130859375,-1.000244140625,-1.09923664122137,1.84732824427481,-4.16793893129771,4.495
-0.1824951171875,0.31201171875,-1.0010986328125,-1.19083969465649,1.87786259541985,-4.22900763358779,4.495
-0.1822509765625,0.3118896484375,-1.0009765625,-1.26717557251908,1.86259541984733,-4.29007633587786,4.49600000000004
-0.1820068359375,0.3109130859375,-1.0009765625,-1.32824427480916,1.86259541984733,-4.33587786259542,4.49700000000001
-0.18212890625,0.31103515625,-1.0015869140625,-1.31297709923664,1.87786259541985,-4.35114503816794,4.57900000000001
-0.1829833984375,0.3104248046875,-1.0028076171875,-1.31297709923664,-1.9236641221374,-4.3969465648855,4.58000000000004
-0.1834716796875,0.309814453125,-1.004150390625,-1.37404580152672,-1.90839694656489,-4.35114503816794,4.58199999999999
-0.1832275390625,0.3099365234375,-1.0037841796875,-1.45038167938931,-1.90839694656489,-4.25954198473282,4.58500000000004
-0.182861328125,0.3092041015625,-1.00341796875,-1.55725190839695,-1.90839694656489,-4.16793893129771,4.59000000000003
-0.1820068359375,0.308837890625,-1.00341796875,-1.6793893129771,-1.89312977099237,-3.93893129770992,4.59300000000002
-0.1815185546875,0.309326171875,-1.0037841796875,-1.72519083969466,-1.84732824427481,0.0458015267175573,4.75999999999999
-0.1802978515625,0.3096923828125,-1.00390625,-1.77099236641221,-1.86259541984733,0.122137404580153,4.76499999999999
-0.179931640625,0.3109130859375,-1.0032958984375,-1.81679389312977,-1.87786259541985,0.152671755725191,4.76600000000002
-0.1793212890625,0.3118896484375,-1.003173828125,-1.89312977099237,1.89312977099237,0.106870229007634,4.767
-0.1793212890625,0.3438720703125,-1.0028076171875,-1.93893129770992,1.78625954198473,0.0763358778625954,4.767
-0.1783447265625,0.344482421875,-1.0028076171875,1.93893129770992,1.66412213740458,0,4.84899999999999
-0.1781005859375,0.344482421875,-1.001708984375,1.9236641221374,1.58778625954198,-3.98473282442748,4.93799999999999
-0.1793212890625,0.34423828125,-1.001708984375,1.9236641221374,1.57251908396947,-4.30534351145038,5.03200000000004
-0.180908203125,0.3118896484375,-1.0008544921875,1.90839694656489,1.61832061068702,-4.44274809160305,5.03200000000004
-0.181640625,0.3115234375,-1.0006103515625,-1.9236641221374,1.54198473282443,-4.42748091603053,5.12200000000001
-0.1795654296875,0.3123779296875,-0.96875,-1.83206106870229,1.38931297709924,-4.33587786259542,5.12600000000003
-0.181640625,0.3438720703125,-1.0020751953125,-0.977099236641221,-1.84732824427481,0.0305343511450382,5.12700000000001
-0.1826171875,0.345458984375,-1.0052490234375,-1.05343511450382,-1.93893129770992,-4,5.12800000000004
-0.18310546875,0.3458251953125,-1.006103515625,-1.16030534351145,1.80152671755725,-4.0763358778626,5.12900000000002
-0.1824951171875,0.3450927734375,-1.0042724609375,-1.41984732824427,1.45038167938931,-4.25954198473282,5.13
-0.18212890625,0.34423828125,-1.0032958984375,-1.52671755725191,1.29770992366412,-4.33587786259542,5.13100000000003
-0.181640625,0.31005859375,-0.967041015625,-1.6793893129771,1.52671755725191,-4.3206106870229,5.13800000000003
-0.1806640625,0.3123779296875,-1.0015869140625,-1.45038167938931,1.80152671755725,-4.06106870229008,5.13900000000001
-0.1805419921875,0.3438720703125,-1.0013427734375,-1.43511450381679,1.77099236641221,-4.10687022900763,5.14699999999999
-0.1812744140625,0.3104248046875,-1.0013427734375,-1.52671755725191,-1.81679389312977,-4,5.14800000000002
-0.1810302734375,0.3109130859375,-1.001708984375,-1.54198473282443,-1.72519083969466,-3.96946564885496,5.149
-0.1796875,0.3111572265625,-1.0008544921875,-1.49618320610687,-1.74045801526718,0.0152671755725191,5.214
-0.1800537109375,0.3116455078125,-1.0010986328125,-1.45038167938931,-1.69465648854962,-3.95419847328244,5.21500000000003
-0.181640625,0.3118896484375,-1.001953125,-1.40458015267176,-1.66412213740458,-3.95419847328244,5.21600000000001
-0.1812744140625,0.34375,-1.003173828125,-1.34351145038168,-1.75572519083969,0.0610687022900763,5.21700000000004
-0.1806640625,0.3441162109375,-1.0037841796875,-1.34351145038168,-1.84732824427481,0.152671755725191,5.21700000000004
-0.1805419921875,0.3118896484375,-1.0032958984375,-1.40458015267176,-1.93893129770992,0.213740458015267,5.21800000000002
-0.17919921875,0.3118896484375,-1.0032958984375,-1.3587786259542,1.86259541984733,0.290076335877863,5.21899999999999
-0.1787109375,0.3111572265625,-1.0035400390625,-1.41984732824427,1.90839694656489,0.244274809160305,5.22000000000003
-0.1806640625,0.309814453125,-1.0025634765625,-1.52671755725191,-1.83206106870229,0.137404580152672,5.22200000000004
-0.18017578125,0.31103515625,-1.00244140625,-1.40458015267176,-1.90839694656489,0.244274809160305,5.30000000000001
-0.1785888671875,0.3441162109375,-1.0025634765625,-1.29770992366412,1.83206106870229,0.290076335877863,5.30099999999999
-0.17822265625,0.3460693359375,-1.0025634765625,-1.26717557251908,1.70992366412214,0.137404580152672,5.303
-0.177734375,0.3482666015625,-1.0023193359375,-1.22137404580153,1.55725190839695,-4.27480916030534,5.30600000000004
-0.1776123046875,0.3468017578125,-1.0018310546875,-1.49618320610687,1.41984732824427,-4.53435114503817,5.30700000000002
-0.1776123046875,0.3448486328125,-1.000244140625,-1.61832061068702,1.34351145038168,-4.74809160305344,5.30799999999999
-0.1783447265625,0.310302734375,-0.9676513671875,-1.63358778625954,1.31297709923664,-4.88549618320611,5.31100000000004
-0.1798095703125,0.30908203125,-0.9674072265625,-1.51145038167939,1.3587786259542,-4.79389312977099,5.31100000000004
-0.1798095703125,0.3092041015625,-0.9681396484375,-1.37404580152672,1.40458015267176,-4.58015267175572,5.31100000000004
-0.1802978515625,0.310546875,-1.001220703125,-1.19083969465649,1.51145038167939,-4.24427480916031,5.387
-0.18017578125,0.311279296875,-1.001708984375,-1.23664122137405,1.51145038167939,-4.16793893129771,5.47700000000003
-0.180419921875,0.3116455078125,-1.0015869140625,-1.25190839694656,1.55725190839695,-4.13740458015267,5.47800000000001
-0.1817626953125,0.3121337890625,-1.002685546875,-1.20610687022901,1.72519083969466,-4.29007633587786,5.47900000000004
-0.1822509765625,0.312255859375,-1.00341796875,-1.26717557251908,1.74045801526718,-4.36641221374046,5.48000000000002
-0.18212890625,0.312255859375,-1.0030517578125,-1.31297709923664,1.77099236641221,-4.42748091603053,5.48099999999999
-0.1824951171875,0.3118896484375,-1.0029296875,-1.32824427480916,1.78625954198473,-4.45801526717557,5.48200000000003
-0.1822509765625,0.3118896484375,-1.002685546875,-1.37404580152672,1.83206106870229,-4.42748091603053,5.48200000000003
-0.1822509765625,0.3114013671875,-1.0030517578125,-1.48091603053435,1.86259541984733,-4.42748091603053,5.48500000000001
-0.1820068359375,0.31103515625,-1.0023193359375,-1.55725190839695,1.90839694656489,-4.42748091603053,5.48599999999999
-0.1817626953125,0.31103515625,-1.0015869140625,-1.6030534351145,1.93893129770992,-4.35114503816794,5.48599999999999
-0.180908203125,0.3109130859375,-1.001708984375,-1.70992366412214,-1.95419847328244,-4.3206106870229,5.48599999999999
-0.180419921875,0.3114013671875,-1.0013427734375,-1.74045801526718,-1.9236641221374,-4.30534351145038,5.488
-0.179443359375,0.3441162109375,-1.0015869140625,-1.93893129770992,1.89312977099237,-4.44274809160305,5.76800000000003
-0.1783447265625,0.343994140625,-1.0023193359375,1.87786259541985,1.81679389312977,-4.3969465648855,5.77000000000004
-0.1787109375,0.3116455078125,-1.0018310546875,1.77099236641221,-1.90839694656489,-4.48854961832061,5.77100000000002
-0.179931640625,0.31103515625,-1.001953125,1.74045801526718,-1.77099236641221,-4.48854961832061,5.77199999999999
-0.1798095703125,0.311279296875,-1.00146484375,1.81679389312977,-1.74045801526718,-4.38167938931298,5.77199999999999
-0.1802978515625,0.34423828125,-1.0020751953125,1.90839694656489,-1.66412213740458,-4.41221374045802,5.84100000000001
-0.1805419921875,0.3455810546875,-1.002685546875,-1.74045801526718,-1.63358778625954,-4.47328244274809,5.84300000000002
-0.1806640625,0.34619140625,-1.00341796875,-1.75572519083969,-1.74045801526718,-4.53435114503817,5.84500000000003
-0.1807861328125,0.3460693359375,-1.002685546875,-1.84732824427481,-1.87786259541985,-4.61068702290076,5.85200000000003
-0.1800537109375,0.3447265625,-1.0010986328125,-1.95419847328244,1.72519083969466,-4.58015267175572,5.85300000000001
-0.1795654296875,0.343994140625,-1.0008544921875,1.83206106870229,1.61832061068702,-4.51908396946565,5.85300000000001
-0.18017578125,0.3123779296875,-1.0009765625,1.77099236641221,1.57251908396947,-4.42748091603053,5.85300000000001
-0.1810302734375,0.3486328125,-1.001220703125,0.290076335877863,0.946564885496183,0.33587786259542,5.85300000000001
-0.180908203125,0.3489990234375,-0.9683837890625,0.16793893129771,0.763358778625954,0.259541984732824,5.85300000000001
-0.179443359375,0.34912109375,-0.96728515625,0.0763358778625954,0.534351145038168,0.0916030534351145,5.85300000000001
-0.1793212890625,0.3494873046875,-0.9664306640625,0.244274809160305,0.564885496183206,0.0152671755725191,5.85400000000004
-0.1824951171875,0.3499755859375,-0.964111328125,1.40458015267176,0.0305343511450382,-4.35114503816794,5.85500000000002
-0.18359375,0.3492431640625,-0.9637451171875,1.55725190839695,0.106870229007634,-4.25954198473282,5.928
-0.1834716796875,0.349609375,-0.963623046875,1.75572519083969,0.213740458015267,-4.06106870229008,5.93100000000004
-0.1834716796875,0.3499755859375,-0.96484375,-1.86259541984733,0.625954198473282,0.183206106870229,5.93200000000002
-0.1845703125,0.349609375,-0.96630859375,-1.81679389312977,0.870229007633588,0.259541984732824,5.93200000000002
-0.1845703125,0.3487548828125,-0.966552734375,1.93893129770992,1.0381679389313,0.396946564885496,5.93200000000002
-0.1844482421875,0.34912109375,-0.96875,-1.86259541984733,1.17557251908397,0.549618320610687,5.93200000000002
-0.18359375,0.3507080078125,-1.000732421875,-1.90839694656489,1.12977099236641,0.854961832061069,5.93200000000002
-0.18212890625,0.3511962890625,-1.00048828125,1.77099236641221,1.09923664122137,0.900763358778626,5.93299999999999
-0.18115234375,0.3505859375,-0.9683837890625,1.54198473282443,1.19083969465649,0.809160305343511,6.017
-0.1802978515625,0.3499755859375,-0.968505859375,1.43511450381679,1.41984732824427,0.717557251908397,6.01800000000003
-0.1842041015625,0.3526611328125,-1.00048828125,1.57251908396947,1.83206106870229,0.656488549618321,6.01800000000003
-0.182861328125,0.353515625,-1.0013427734375,1.43511450381679,1.70992366412214,0.748091603053435,6.02000000000004
-0.18115234375,0.352783203125,-1.00048828125,1.31297709923664,1.77099236641221,0.702290076335878,6.10900000000004
-0.180419921875,0.3526611328125,-0.9671630859375,1.41984732824427,-1.77099236641221,0.519083969465649,6.11000000000001
-0.1824951171875,0.3521728515625,-0.9664306640625,1.69465648854962,-1.11450381679389,0.213740458015267,6.11000000000001
-0.182373046875,0.35205078125,-0.9656982421875,1.75572519083969,-0.946564885496183,0.16793893129771,6.11099999999999
-0.18212890625,0.3521728515625,-0.965087890625,1.86259541984733,-0.854961832061069,0.16793893129771,6.38200000000001
-0.180908203125,0.352294921875,-0.963623046875,1.90839694656489,-0.748091603053435,0.16793893129771,6.38300000000004
-0.181640625,0.352294921875,-0.963623046875,-1.61832061068702,-0.412213740458015,0.0916030534351145,6.38300000000004
-0.181640625,0.35302734375,-0.9639892578125,-1.45038167938931,-0.305343511450382,0.0916030534351145,6.38400000000001
-0.181884765625,0.3533935546875,-0.96435546875,-1.32824427480916,-0.305343511450382,0.122137404580153,6.38400000000001
-0.1812744140625,0.354736328125,-0.9649658203125,-1.25190839694656,-0.351145038167939,0.122137404580153,6.471
-0.1815185546875,0.35400390625,-0.9652099609375,-1.34351145038168,-0.473282442748092,0,6.47200000000004
-0.1826171875,0.3525390625,-0.9676513671875,-1.34351145038168,-0.122137404580153,-4.41221374045802,6.47200000000004
-0.181884765625,0.353515625,-0.9683837890625,-1.26717557251908,-0.259541984732824,-4.35114503816794,6.47300000000001
-0.18017578125,0.357421875,-1.0018310546875,-1.14503816793893,-0.442748091603053,-4.27480916030534,6.47300000000001
-0.17822265625,0.3583984375,-1.00146484375,-1.09923664122137,-0.824427480916031,-4.70229007633588,6.47300000000001
-0.17919921875,0.35107421875,-0.9664306640625,-1.80152671755725,-1.12977099236641,-4.29007633587786,6.47399999999999
-0.174560546875,0.3551025390625,-0.9683837890625,1.81679389312977,-1.22137404580153,-4.04580152671756,6.47399999999999
-0.173095703125,0.3551025390625,-0.9683837890625,1.84732824427481,-1.40458015267176,-4.06106870229008,6.47399999999999
-0.1732177734375,0.3548583984375,-0.96875,1.86259541984733,-1.46564885496183,-4.19847328244275,6.47399999999999
-0.1744384765625,0.353759765625,-0.9681396484375,1.83206106870229,-1.48091603053435,-4.38167938931298,6.47500000000002
-0.1748046875,0.35498046875,-1.000732421875,-1.6793893129771,1.83206106870229,-4.3969465648855,6.745
-0.174560546875,0.3543701171875,-0.968017578125,-1.66412213740458,1.80152671755725,-4.42748091603053,6.74700000000001
-0.1746826171875,0.3531494140625,-0.96728515625,-1.63358778625954,1.81679389312977,-4.50381679389313,6.74799999999999
-0.175048828125,0.35302734375,-0.967041015625,-1.63358778625954,1.83206106870229,-4.53435114503817,6.74900000000002
-0.1756591796875,0.352783203125,-0.9666748046875,-1.63358778625954,1.89312977099237,-4.54961832061069,6.75
-0.1761474609375,0.353271484375,-0.96630859375,-1.63358778625954,1.90839694656489,-4.51908396946565,7.202
-0.17724609375,0.353759765625,-0.9664306640625,-1.63358778625954,1.93893129770992,-4.44274809160305,7.279
-0.1771240234375,0.3538818359375,-0.967041015625,-1.70992366412214,-1.93893129770992,-4.41221374045802,7.28100000000001
-0.1763916015625,0.3546142578125,-0.96728515625,-1.70992366412214,-1.87786259541985,-4.3969465648855,7.28100000000001
-0.1763916015625,0.35498046875,-0.968017578125,-1.75572519083969,-1.78625954198473,-4.42748091603053,7.28200000000004
-0.1763916015625,0.3543701171875,-0.967529296875,-1.87786259541985,-1.66412213740458,-4.3969465648855,7.28500000000003
-0.172119140625,0.3565673828125,-0.9681396484375,-1.87786259541985,-1.37404580152672,-4.68702290076336,7.28500000000003
-0.1734619140625,0.35595703125,-0.9671630859375,-1.80152671755725,-1.38931297709924,-4.80916030534351,7.28700000000003
-0.172607421875,0.3558349609375,-0.966796875,-1.72519083969466,-1.46564885496183,-4.77862595419847,7.28700000000003
-0.2030029296875,0.355712890625,-0.966552734375,-1.70992366412214,-1.46564885496183,-4.79389312977099,7.28700000000003
-0.17236328125,0.355712890625,-0.9666748046875,-1.69465648854962,-1.3587786259542,-4.85496183206107,7.28700000000003
-0.1988525390625,0.3302001953125,-0.96533203125,1.77099236641221,1.29770992366412,0.870229007633588,7.28800000000001
-0.197998046875,0.3306884765625,-0.967529296875,1.22137404580153,-0.458015267175573,-4.18320610687023,7.28800000000001
-0.1944580078125,0.3309326171875,-0.9661865234375,-1.6030534351145,4.51908396946565,-4.47328244274809,7.827
-0.194580078125,0.3331298828125,-0.96826171875,-1.38931297709924,4.73282442748092,-4.62595419847328,7.827
-0.1944580078125,0.3333740234375,-1.000732421875,-1.49618320610687,4.74809160305344,-4.79389312977099,7.82800000000003
-0.19482421875,0.333984375,-1.000732421875,-1.64885496183206,4.77862595419847,-4.9618320610687,7.82900000000001
-0.19482421875,0.331298828125,-0.9677734375,-1.89312977099237,4.73282442748092,-5.09923664122137,7.82900000000001
-0.1947021484375,0.331298828125,-0.9669189453125,1.77099236641221,4.93129770992366,-5.26717557251908,7.91000000000003
-0.1944580078125,0.33154296875,-0.966552734375,1.70992366412214,5.05343511450382,-5.29770992366412,7.91200000000003
-0.1942138671875,0.33154296875,-0.96630859375,1.63358778625954,5.23664122137405,-5.32824427480916,7.91200000000003
-0.19482421875,0.3292236328125,-0.9644775390625,1.45038167938931,5.69465648854962,-5.43511450381679,7.91300000000001
-0.1951904296875,0.3282470703125,-0.963134765625,1.17557251908397,5.81679389312977,-5.37404580152672,7.91300000000001
-0.194580078125,0.3284912109375,-0.9632568359375,1.25190839694656,1.96946564885496,-5.16030534351145,7.91399999999999
-0.1939697265625,0.329345703125,-0.964111328125,1.40458015267176,2.01526717557252,-4.9618320610687,7.91399999999999
-0.1181640625,0.3782958984375,-0.9783935546875,-9.0381679389313,6.48854961832061,0.442748091603053,7.91399999999999
-0.1171875,0.3892822265625,-0.9554443359375,-3.37404580152672,6.54961832061069,1.2824427480916,7.91500000000002
-0.1181640625,0.3624267578125,-0.9599609375,-2.77862595419847,6.54961832061069,1.51145038167939,7.91500000000002
-0.1192626953125,0.366943359375,-0.965087890625,-2.33587786259542,6.48854961832061,1.70992366412214,7.91500000000002
-0.1390380859375,0.3658447265625,-0.9671630859375,-3.38931297709924,2.35114503816794,1.90839694656489,8.09500000000003
-0.1361083984375,0.3656005859375,-0.963623046875,-3.52671755725191,2.10687022900763,1.9236641221374,8.09899999999999
-0.13720703125,0.364501953125,-0.9593505859375,-3.66412213740458,5.83206106870229,1.58778625954198,8.18000000000001
-0.133544921875,0.36669921875,-0.9544677734375,-3.70992366412214,5.46564885496183,1.26717557251908,8.18100000000004
-0.135498046875,0.3687744140625,-0.983642578125,-3.63358778625954,5.34351145038168,0.641221374045801,8.18200000000002
-0.1336669921875,0.3707275390625,-0.9835205078125,-3.63358778625954,5.2824427480916,0.320610687022901,8.18299999999999
-0.1353759765625,0.3720703125,-0.9832763671875,-3.14503816793893,5.2824427480916,-4.99236641221374,8.18400000000003
-0.1356201171875,0.374755859375,-0.9534912109375,-2.65648854961832,5.17557251908397,-5.54198473282443,8.185
-0.134765625,0.4095458984375,-0.955078125,-2.29007633587786,4.93129770992366,-2.03053435114504,8.18600000000004
-0.131103515625,0.4127197265625,-0.9539794921875,-5.81679389312977,4.61068702290076,-2.59541984732824,8.18799999999999
-0.1317138671875,0.4140625,-0.9554443359375,-5.6030534351145,4.83969465648855,-3.08396946564885,8.18900000000002
-0.134033203125,0.3740234375,-0.9833984375,1.6793893129771,4.56488549618321,-2.18320610687023,8.19
-0.1331787109375,0.3712158203125,-0.983154296875,1.75572519083969,4.41221374045802,-2.01526717557252,8.19200000000001
-0.12939453125,0.41455078125,-0.9600830078125,1.72519083969466,-1.00763358778626,-4.51908396946565,8.26900000000001
-0.1263427734375,0.4149169921875,-0.958984375,1.23664122137405,-1.26717557251908,-4.73282442748092,8.27000000000004
-0.126708984375,0.413330078125,-0.9571533203125,1.05343511450382,-1.20610687022901,-4.94656488549618,8.27199999999999
-0.127685546875,0.41259765625,-0.955322265625,1.02290076335878,-1.12977099236641,-5.06870229007634,8.27500000000003
-0.12548828125,0.4154052734375,-0.958251953125,1.11450381679389,-1.05343511450382,-5.06870229007634,8.27500000000003
-0.1307373046875,0.4090576171875,-0.9815673828125,0.702290076335878,-0.656488549618321,-5.43511450381679,8.27600000000001
-0.130859375,0.4095458984375,-0.98095703125,1.2824427480916,-0.99236641221374,-5.58778625954198,8.27600000000001
-0.12744140625,0.4111328125,-0.9808349609375,-1.83206106870229,-0.931297709923664,-5.6030534351145,8.36000000000001
-0.1275634765625,0.4122314453125,-0.9815673828125,-1.6030534351145,-0.625954198473282,-5.6793893129771,8.36000000000001
-0.1265869140625,0.4132080078125,-0.982421875,-1.45038167938931,-0.442748091603053,-5.72519083969466,8.36000000000001
-0.1258544921875,0.4151611328125,-0.955322265625,-1.29770992366412,-0.137404580152672,-5.63358778625954,8.44999999999999
-0.125244140625,0.4151611328125,-0.9569091796875,-1.32824427480916,-0.0916030534351145,-5.57251908396947,8.72200000000004
-0.0931396484375,0.4154052734375,-0.95751953125,-1.40458015267176,-0.152671755725191,-5.49618320610687,8.72300000000001
-0.0921630859375,0.4124755859375,-0.957763671875,-1.70992366412214,-0.396946564885496,-5.61832061068702,9.17000000000002
-0.0888671875,0.4122314453125,-0.961669921875,1.87786259541985,-0.290076335877863,-5.43511450381679,9.17099999999999
-0.1275634765625,0.40771484375,-0.9576416015625,1.57251908396947,-0.198473282442748,-2.03053435114504,9.173
-0.12646484375,0.407958984375,-0.96240234375,-1.95419847328244,-0.625954198473282,-5.66412213740458,9.17400000000004
-0.1259765625,0.3734130859375,-0.9595947265625,1.52671755725191,-0.793893129770992,-5.17557251908397,9.178
-0.1256103515625,0.373046875,-0.9610595703125,1.57251908396947,-1.06870229007634,-5.05343511450382,9.17900000000003
-0.125244140625,0.3721923828125,-0.961669921875,1.58778625954198,-1.09923664122137,-4.7175572519084,9.18000000000001
-0.1275634765625,0.375,-0.962890625,1.66412213740458,-1.05343511450382,-4.59541984732824,9.18100000000004
-0.1328125,0.4088134765625,-0.962890625,1.77099236641221,-1.29770992366412,-4.29007633587786,9.18200000000002
-0.0908203125,0.4141845703125,-0.9742431640625,-4.04580152671756,1.87786259541985,-4.18320610687023,9.18299999999999
-0.0924072265625,0.419921875,-0.9542236328125,4.18320610687023,-1.14503816793893,-4.41221374045802,9.18400000000003
-0.0826416015625,0.4195556640625,-0.960205078125,1.87786259541985,-0.748091603053435,0.809160305343511,9.185
-0.0850830078125,0.4156494140625,-0.955078125,-1.40458015267176,-1.16030534351145,-5.25190839694656,9.262
-0.08544921875,0.4140625,-0.9547119140625,-1.40458015267176,-1.19083969465649,-5.12977099236641,9.26300000000003
-0.0848388671875,0.41455078125,-0.9544677734375,-1.22137404580153,-1.32824427480916,-4.90076335877863,9.26400000000001
-0.0833740234375,0.4168701171875,-0.954345703125,-1.0381679389313,-1.45038167938931,-4.70229007633588,9.26400000000001
-0.080322265625,0.4205322265625,-0.9549560546875,-0.931297709923664,-1.81679389312977,-4.56488549618321,9.26400000000001
-0.0797119140625,0.4195556640625,-0.954345703125,-1.00763358778626,-1.90839694656489,-4.74809160305344,9.26400000000001
-0.0799560546875,0.417724609375,-0.9537353515625,-1.02290076335878,1.93893129770992,-4.94656488549618,9.26499999999999
-0.0802001953125,0.41552734375,-0.9842529296875,-1.00763358778626,1.9236641221374,-5.02290076335878,9.26499999999999
-0.0819091796875,0.4124755859375,-0.9534912109375,-0.83969465648855,1.93893129770992,-4.76335877862595,9.26600000000002
-0.08251953125,0.41259765625,-0.9541015625,-0.625954198473282,-1.93893129770992,-4.50381679389313,9.70800000000003
-0.0828857421875,0.413330078125,-0.9561767578125,-0.412213740458015,-1.89312977099237,-4.29007633587786,9.709
-0.0841064453125,0.4144287109375,-0.95751953125,-0.381679389312977,-1.86259541984733,-4.13740458015267,9.71199999999999
-0.0855712890625,0.41552734375,-0.9578857421875,-0.442748091603053,-1.93893129770992,-3.9236641221374,9.71300000000002
-0.083984375,0.417724609375,-0.9576416015625,-0.564885496183206,1.78625954198473,0.0152671755725191,9.71300000000002
-0.0838623046875,0.417724609375,-0.956787109375,-0.732824427480916,1.78625954198473,-4.04580152671756,9.714
-0.0841064453125,0.4176025390625,-0.9560546875,-0.916030534351145,1.84732824427481,-4.18320610687023,9.714
-0.08447265625,0.416748046875,-0.954833984375,-1.08396946564885,1.9236641221374,-4.30534351145038,9.71800000000002
-0.0855712890625,0.4149169921875,-0.9835205078125,-1.26717557251908,-1.84732824427481,-4.38167938931298,9.71800000000002
-0.0860595703125,0.4136962890625,-0.9833984375,-1.2824427480916,-1.66412213740458,-4.36641221374046,9.71899999999999
-0.0867919921875,0.4134521484375,-0.98291015625,-1.23664122137405,-1.48091603053435,-4.24427480916031,9.71899999999999
-0.0869140625,0.41357421875,-0.9832763671875,-1.17557251908397,-1.38931297709924,-4.0763358778626,9.71899999999999
-0.107421875,0.416748046875,-0.9580078125,1.29770992366412,-0.854961832061069,1.31297709923664,9.80000000000001
-0.10693359375,0.4168701171875,-0.9583740234375,1.05343511450382,-0.916030534351145,1.09923664122137,9.80000000000001
-0.1065673828125,0.4173583984375,-0.958251953125,0.977099236641221,-1.0381679389313,1.00763358778626,9.80200000000002
-0.106201171875,0.418212890625,-0.958984375,0.916030534351145,-1.17557251908397,0.916030534351145,9.80200000000002
-0.106201171875,0.419189453125,-0.9599609375,0.870229007633588,-1.2824427480916,0.793893129770992,9.803
-0.1065673828125,0.4202880859375,-0.959716796875,0.946564885496183,-1.46564885496183,0.381679389312977,9.803
-0.1064453125,0.4205322265625,-0.960693359375,0.961832061068702,-1.66412213740458,0.16793893129771,9.803
-0.106201171875,0.4210205078125,-0.959716796875,0.977099236641221,-1.84732824427481,-3.95419847328244,9.80400000000003
-0.1070556640625,0.421142578125,-0.9576416015625,0.977099236641221,1.78625954198473,-4.3969465648855,9.80400000000003
-0.1068115234375,0.4210205078125,-0.9564208984375,1.06870229007634,1.66412213740458,-4.56488549618321,9.88999999999999
-0.106689453125,0.420654296875,-0.9544677734375,1.14503816793893,1.54198473282443,-4.80916030534351,9.89100000000002
-0.107421875,0.4195556640625,-0.9842529296875,1.29770992366412,1.55725190839695,-4.93129770992366,9.89300000000003
-0.108642578125,0.4183349609375,-0.9837646484375,1.40458015267176,1.64885496183206,-5.00763358778626,9.89300000000003
-0.1085205078125,0.4176025390625,-0.9835205078125,1.6030534351145,1.72519083969466,-4.9618320610687,9.89400000000001
-0.07861328125,0.4171142578125,-0.9814453125,1.77099236641221,1.93893129770992,-4.85496183206107,9.89400000000001
-0.078857421875,0.418212890625,-0.98193359375,-1.64885496183206,-1.93893129770992,-4.77862595419847,9.89500000000004
-0.109375,0.4185791015625,-0.9825439453125,-1.48091603053435,-1.95419847328244,-4.68702290076336,9.89600000000002
-0.1092529296875,0.41796875,-0.9832763671875,-1.38931297709924,-1.87786259541985,-4.65648854961832,10.074
-0.0792236328125,0.4173583984375,-0.9835205078125,-1.20610687022901,-1.75572519083969,-4.59541984732824,10.076
-0.0794677734375,0.4169921875,-0.9534912109375,-1.11450381679389,-1.69465648854962,-4.56488549618321,10.077
-0.080078125,0.4158935546875,-0.9547119140625,-1.06870229007634,-1.6030534351145,-4.51908396946565,10.077
-0.0811767578125,0.41552734375,-0.9573974609375,-1.02290076335878,-1.61832061068702,-4.36641221374046,10.158
-0.109375,0.4171142578125,-0.9573974609375,-0.916030534351145,-1.83206106870229,0,10.159
-0.107666015625,0.4189453125,-0.9571533203125,-0.900763358778626,-1.93893129770992,0.0916030534351145,10.159
-0.1063232421875,0.4202880859375,-0.95654296875,-0.916030534351145,1.86259541984733,0.0610687022900763,10.16
-0.1043701171875,0.4208984375,-0.95556640625,-0.900763358778626,1.75572519083969,-4,10.162
-0.102783203125,0.41943359375,-0.954345703125,-0.900763358778626,1.69465648854962,-4.48854961832061,10.162
-0.1036376953125,0.4178466796875,-0.95458984375,-0.83969465648855,1.77099236641221,-4.73282442748092,10.163
-0.1051025390625,0.4168701171875,-0.9541015625,-0.809160305343511,1.80152671755725,-4.82442748091603,10.163
-0.1092529296875,0.419677734375,-0.95751953125,-0.748091603053435,-1.9236641221374,-4.10687022900763,10.164
-0.1090087890625,0.4197998046875,-0.956787109375,-0.793893129770992,1.93893129770992,-4.18320610687023,10.166
-0.10888671875,0.4188232421875,-0.9559326171875,-0.931297709923664,1.89312977099237,-4.35114503816794,10.166
-0.10888671875,0.4176025390625,-0.9549560546875,-1.0381679389313,1.89312977099237,-4.3969465648855,10.25
-0.1077880859375,0.4210205078125,-0.956787109375,-1.11450381679389,-1.74045801526718,-4.56488549618321,10.251
-0.107421875,0.42138671875,-0.95751953125,-1.25190839694656,-1.72519083969466,-4.79389312977099,10.253
-0.107666015625,0.42138671875,-0.9586181640625,-1.38931297709924,-1.81679389312977,-5.08396946564886,10.253
-0.1060791015625,0.390625,-0.9599609375,-1.52671755725191,1.89312977099237,-5.32824427480916,10.254
-0.1036376953125,0.4207763671875,-0.9603271484375,-1.64885496183206,1.69465648854962,-1.96946564885496,10.255
-0.1041259765625,0.4176025390625,-0.959716796875,1.81679389312977,1.48091603053435,-2.33587786259542,10.255
-0.1055908203125,0.4146728515625,-0.9591064453125,1.70992366412214,1.48091603053435,-2.59541984732824,10.256
-0.106201171875,0.412353515625,-0.9593505859375,1.74045801526718,1.48091603053435,-2.59541984732824,10.257
-0.0794677734375,0.409912109375,-0.95654296875,1.75572519083969,1.54198473282443,-2.21374045801527,10.258
-0.0799560546875,0.41162109375,-0.955078125,-1.95419847328244,1.41984732824427,-5.66412213740458,10.34
-0.080078125,0.4129638671875,-0.9544677734375,-1.86259541984733,1.29770992366412,-5.20610687022901,10.342
-0.0802001953125,0.414306640625,-0.95361328125,-1.84732824427481,1.26717557251908,-4.87022900763359,10.343
-0.079833984375,0.4154052734375,-0.98388671875,-1.9236641221374,1.23664122137405,-4.59541984732824,10.343
-0.078857421875,0.4146728515625,-0.9827880859375,1.87786259541985,1.32824427480916,-3.89312977099237,10.343
-0.109375,0.4149169921875,-0.982421875,1.9236641221374,1.45038167938931,0.244274809160305,10.343
-0.07861328125,0.4156494140625,-0.983154296875,-1.83206106870229,1.58778625954198,0.473282442748092,10.343
-0.109130859375,0.41650390625,-0.9534912109375,-1.70992366412214,1.66412213740458,0.702290076335878,10.343
-0.1083984375,0.4185791015625,-0.95458984375,-1.55725190839695,1.83206106870229,0.854961832061069,10.429
-0.1085205078125,0.41943359375,-0.9549560546875,-1.55725190839695,1.89312977099237,0.809160305343511,10.432
-0.10791015625,0.42041015625,-0.9552001953125,-1.52671755725191,1.90839694656489,0.763358778625954,10.432
-0.1080322265625,0.4207763671875,-0.955810546875,-1.55725190839695,1.93893129770992,0.625954198473282,10.432
-0.1082763671875,0.4188232421875,-0.954345703125,-1.64885496183206,-1.9236641221374,0.33587786259542,10.436
-0.1085205078125,0.41796875,-0.9539794921875,-1.72519083969466,-1.90839694656489,0.274809160305344,10.436
-0.10888671875,0.417236328125,-0.9537353515625,-1.6793893129771,-1.86259541984733,0.229007633587786,10.436
-0.1090087890625,0.416259765625,-0.9532470703125,-1.61832061068702,-1.83206106870229,0.274809160305344,10.438
-0.108642578125,0.4158935546875,-0.984130859375,-1.46564885496183,-1.64885496183206,0.519083969465649,10.613
-0.10888671875,0.4149169921875,-0.9835205078125,-1.49618320610687,-1.58778625954198,0.625954198473282,10.615
-0.10791015625,0.414306640625,-0.9830322265625,-1.46564885496183,-1.46564885496183,0.793893129770992,10.615
-0.108154296875,0.4141845703125,-0.9837646484375,-1.32824427480916,-1.2824427480916,0.900763358778626,10.616
-0.1077880859375,0.415771484375,-0.9534912109375,-1.09923664122137,-1.11450381679389,1.22137404580153,10.617
-0.1077880859375,0.416748046875,-0.9544677734375,-1.06870229007634,-1.00763358778626,1.2824427480916,10.884
-0.107666015625,0.41796875,-0.9537353515625,-1.00763358778626,-0.916030534351145,1.32824427480916,10.887
-0.1068115234375,0.4193115234375,-0.9539794921875,-0.961832061068702,-0.931297709923664,1.34351145038168,10.888
-0.10498046875,0.3909912109375,-0.983642578125,-1.06870229007634,-0.961832061068702,1.17557251908397,11.064
-0.103271484375,0.3927001953125,-0.9833984375,-1.11450381679389,-1.00763358778626,1.12977099236641,11.066
-0.10107421875,0.39404296875,-0.982177734375,-1.19083969465649,-1.0381679389313,1.02290076335878,11.152
-0.0987548828125,0.393310546875,-0.982421875,-1.31297709923664,-0.977099236641221,0.824427480916031,11.153
-0.1055908203125,0.419921875,-0.9638671875,-0.488549618320611,-1.22137404580153,0.610687022900763,11.157
-0.1044921875,0.4195556640625,-0.9644775390625,-0.793893129770992,-1.37404580152672,0.534351145038168,11.158
-0.1026611328125,0.41845703125,-0.96435546875,-1.06870229007634,-1.54198473282443,0.442748091603053,11.158
-0.1014404296875,0.4173583984375,-0.964111328125,-1.34351145038168,-1.70992366412214,0.351145038167939,11.159
-0.103759765625,0.4168701171875,-0.9619140625,0.717557251908397,1.20610687022901,-4.30534351145038,11.159
-0.1046142578125,0.419677734375,-0.9573974609375,-1.09923664122137,1.87786259541985,-4.16793893129771,11.16
-0.105224609375,0.4212646484375,-0.958251953125,-1.16030534351145,1.89312977099237,-4.25954198473282,11.16
-0.1055908203125,0.421142578125,-0.9583740234375,-1.41984732824427,1.81679389312977,-4.35114503816794,11.161
-0.105712890625,0.4215087890625,-0.9840087890625,-1.70992366412214,1.46564885496183,-4.38167938931298,11.163
-0.106689453125,0.4215087890625,-0.953857421875,-1.64885496183206,1.48091603053435,-4.33587786259542,11.164
-0.105224609375,0.3924560546875,-0.9556884765625,1.34351145038168,-3.9236641221374,0.198473282442748,11.165
-0.1065673828125,0.391845703125,-0.9549560546875,1.17557251908397,-4.0763358778626,0.213740458015267,11.239
-0.107177734375,0.39208984375,-0.95361328125,1.06870229007634,-4.13740458015267,0.259541984732824,11.24
-0.1077880859375,0.3917236328125,-0.9833984375,1.0381679389313,-4.21374045801527,0.274809160305344,11.241
-0.1082763671875,0.3916015625,-0.983154296875,0.99236641221374,-4.25954198473282,0.33587786259542,11.242
-0.078369140625,0.39306640625,-0.9818115234375,1.05343511450382,-4.33587786259542,0.50381679389313,11.243
-0.109375,0.3935546875,-0.9815673828125,1.11450381679389,-4.35114503816794,0.580152671755725,11.244
-0.109130859375,0.394287109375,-0.9813232421875,1.19083969465649,-4.33587786259542,0.580152671755725,11.245
-0.109130859375,0.394775390625,-0.979736328125,1.25190839694656,-4.25954198473282,0.50381679389313,11.245
-0.1087646484375,0.3935546875,-0.980224609375,1.34351145038168,-4.01526717557252,0.305343511450382,11.423
-0.1090087890625,0.3935546875,-0.98046875,1.40458015267176,0.106870229007634,0.213740458015267,11.424
-0.109130859375,0.3934326171875,-0.980224609375,1.52671755725191,0.305343511450382,0.106870229007634,11.425
-0.1087646484375,0.393310546875,-0.9803466796875,1.63358778625954,0.50381679389313,0.0152671755725191,11.426
-0.109375,0.39208984375,-0.980224609375,1.84732824427481,1.08396946564885,-4.13740458015267,11.427
-0.109375,0.39208984375,-0.9803466796875,-1.9236641221374,1.32824427480916,-4.19847328244275,11.603
-0.0782470703125,0.3916015625,-0.9803466796875,-1.81679389312977,1.57251908396947,-4.21374045801527,11.604
-0.078369140625,0.391845703125,-0.9805908203125,-1.66412213740458,1.77099236641221,-4.19847328244275,11.691
-0.108154296875,0.3931884765625,-0.9818115234375,-1.31297709923664,-1.81679389312977,-4.21374045801527,11.692
-0.10693359375,0.3931884765625,-0.9820556640625,-1.23664122137405,-1.69465648854962,-4.29007633587786,11.78
-0.1077880859375,0.3936767578125,-0.98193359375,-1.19083969465649,-1.52671755725191,-4.42748091603053,11.871
-0.1087646484375,0.3946533203125,-0.9833984375,-1.09923664122137,-1.48091603053435,-4.48854961832061,11.872
-0.109130859375,0.3934326171875,-0.9842529296875,-0.931297709923664,1.84732824427481,-5.06870229007634,11.873
-0.07861328125,0.3924560546875,-0.9815673828125,-0.900763358778626,1.90839694656489,-5.05343511450382,11.874
-0.079833984375,0.3935546875,-0.9813232421875,-0.763358778625954,1.84732824427481,-4.9618320610687,11.96
-0.07958984375,0.3946533203125,-0.982421875,-0.748091603053435,1.66412213740458,-4.80916030534351,11.964
-0.0802001953125,0.393798828125,-0.9837646484375,1.6793893129771,0.106870229007634,0.793893129770992,11.965
-0.082275390625,0.392578125,-0.984375,1.63358778625954,0.183206106870229,0.656488549618321,12.05
-0.082763671875,0.392578125,-0.983642578125,1.6030534351145,0.259541984732824,0.641221374045801,12.411
-0.0799560546875,0.3922119140625,-0.9793701171875,-1.70992366412214,0.381679389312977,-4.06106870229008,12.412
-0.0848388671875,0.3941650390625,-0.9818115234375,-0.931297709923664,1.3587786259542,-4.53435114503817,12.413
-0.0855712890625,0.39306640625,-0.9814453125,-0.885496183206107,1.45038167938931,-4.53435114503817,12.413
-0.0826416015625,0.39501953125,-0.9818115234375,-1.0381679389313,1.90839694656489,0.0152671755725191,12.414
-0.0823974609375,0.394287109375,-0.9810791015625,-1.06870229007634,1.9236641221374,0.0152671755725191,12.501
-0.0816650390625,0.3944091796875,-0.981201171875,-1.02290076335878,1.87786259541985,0.0458015267175573,12.501
-0.08203125,0.39453125,-0.9534912109375,-0.961832061068702,0.977099236641221,0.396946564885496,12.502
-0.08203125,0.3936767578125,-0.9842529296875,-1.06870229007634,1.0381679389313,0.244274809160305,12.502
-0.0814208984375,0.39208984375,-0.9830322265625,-1.09923664122137,1.09923664122137,0.152671755725191,12.502
-0.0833740234375,0.3936767578125,-0.9534912109375,-0.946564885496183,-1.74045801526718,-4.70229007633588,12.503
-0.0855712890625,0.392822265625,-0.953369140625,-0.99236641221374,-1.80152671755725,-4.83969465648855,12.503
-0.0843505859375,0.4207763671875,-0.953369140625,-1.19083969465649,1.86259541984733,-4.56488549618321,12.504
-0.0845947265625,0.4208984375,-0.9544677734375,-1.16030534351145,1.78625954198473,-4.47328244274809,12.504
-0.08544921875,0.419677734375,-0.953857421875,-1.32824427480916,1.83206106870229,-4.44274809160305,12.589
-0.086669921875,0.419189453125,-0.953857421875,-1.31297709923664,1.83206106870229,-4.36641221374046,12.59
-0.080810546875,0.4207763671875,-0.982177734375,-1.26717557251908,0.67175572519084,-4.94656488549618,12.591
-0.0826416015625,0.418701171875,-0.98095703125,-1.20610687022901,0.702290076335878,-4.93129770992366,12.593
-0.0823974609375,0.4185791015625,-0.982177734375,-1.08396946564885,0.656488549618321,-4.67175572519084,12.594
-0.08251953125,0.41748046875,-0.9822998046875,-1.0381679389313,0.702290076335878,-4.42748091603053,12.594
-0.0849609375,0.4185791015625,-0.983642578125,-0.809160305343511,0.946564885496183,-4.24427480916031,12.595
-0.085205078125,0.420166015625,-0.953369140625,-0.763358778625954,0.946564885496183,-4.13740458015267,12.595
-0.0849609375,0.4212646484375,-0.953857421875,-0.748091603053435,0.931297709923664,-4.06106870229008,12.596
-0.0850830078125,0.421630859375,-0.9539794921875,-0.809160305343511,0.977099236641221,-4.15267175572519,12.596
-0.0855712890625,0.390869140625,-0.9544677734375,-0.854961832061069,1.08396946564885,-4.42748091603053,12.597
-0.086181640625,0.39111328125,-0.954833984375,-0.885496183206107,1.05343511450382,-4.50381679389313,12.68
-0.08642578125,0.390869140625,-0.9547119140625,-0.946564885496183,1.0381679389313,-4.58015267175572,12.681
-0.0869140625,0.42041015625,-0.9541015625,-1.0381679389313,1.08396946564885,-4.6412213740458,12.682
-0.0870361328125,0.419921875,-0.9537353515625,-1.19083969465649,1.06870229007634,-4.58015267175572,12.682
-0.0865478515625,0.4195556640625,-0.9532470703125,-1.26717557251908,1.06870229007634,-4.47328244274809,12.683
-0.0865478515625,0.4185791015625,-0.9833984375,-1.34351145038168,1.11450381679389,-4.33587786259542,12.683
-0.0858154296875,0.4189453125,-0.9835205078125,-1.38931297709924,1.17557251908397,-4.09160305343511,12.684
-0.0848388671875,0.4195556640625,-0.9837646484375,-1.40458015267176,1.20610687022901,-3.98473282442748,12.684
-0.084716796875,0.419677734375,-0.9837646484375,-1.38931297709924,1.26717557251908,-3.93893129770992,12.684
-0.0843505859375,0.4208984375,-0.984130859375,-1.43511450381679,1.3587786259542,-3.96946564885496,13.043
-0.084228515625,0.421142578125,-0.9532470703125,-1.45038167938931,1.40458015267176,-4.06106870229008,13.044
-0.084228515625,0.42138671875,-0.984375,-1.45038167938931,1.40458015267176,-4.0763358778626,13.048
-0.08447265625,0.4215087890625,-0.98388671875,-1.45038167938931,1.3587786259542,-4.06106870229008,13.13
-0.083984375,0.4208984375,-0.984375,-1.41984732824427,1.29770992366412,-4.03053435114504,13.13
-0.0848388671875,0.419677734375,-0.95361328125,-1.43511450381679,1.40458015267176,-4.15267175572519,13.133
-0.08642578125,0.4188232421875,-0.95361328125,-1.43511450381679,1.48091603053435,-4.27480916030534,13.134
-0.0869140625,0.4183349609375,-0.9541015625,-1.3587786259542,1.37404580152672,-4.12213740458015,13.134
-0.0872802734375,0.4190673828125,-0.9539794921875,-1.20610687022901,1.37404580152672,-4.06106870229008,13.22
-0.086669921875,0.4205322265625,-0.9541015625,-1.09923664122137,1.32824427480916,-4,13.221
-0.086181640625,0.3912353515625,-0.9534912109375,-1.11450381679389,1.17557251908397,-4.01526717557252,13.223
-0.0888671875,0.41845703125,-0.9541015625,-1.26717557251908,1.61832061068702,-4.68702290076336,13.224
-0.0889892578125,0.4176025390625,-0.9544677734375,-1.26717557251908,1.57251908396947,-4.53435114503817,13.227
-0.0882568359375,0.4171142578125,-0.954345703125,-1.26717557251908,1.46564885496183,-4.47328244274809,13.228
-0.0885009765625,0.4173583984375,-0.95458984375,-1.2824427480916,1.52671755725191,-4.42748091603053,13.229
-0.087890625,0.4197998046875,-0.98388671875,-1.64885496183206,1.51145038167939,-4.27480916030534,13.23
-0.087890625,0.419677734375,-0.983642578125,-1.72519083969466,1.49618320610687,-4.35114503816794,13.231
-0.0885009765625,0.41943359375,-0.9840087890625,-1.84732824427481,1.48091603053435,-4.47328244274809,13.232
-0.0882568359375,0.419189453125,-0.9532470703125,-1.90839694656489,1.43511450381679,-4.50381679389313,13.233
-0.0885009765625,0.4189453125,-0.9537353515625,1.9236641221374,1.45038167938931,-4.51908396946565,13.233
-0.0897216796875,0.42041015625,-0.9835205078125,1.66412213740458,1.34351145038168,-4.41221374045802,13.31
-0.0894775390625,0.419921875,-0.983154296875,1.57251908396947,1.31297709923664,-4.42748091603053,13.677
-0.08935546875,0.4197998046875,-0.9830322265625,1.52671755725191,1.32824427480916,-4.48854961832061,13.678
-0.08935546875,0.41943359375,-0.9827880859375,1.48091603053435,1.32824427480916,-4.51908396946565,13.679
-0.0887451171875,0.4190673828125,-0.9832763671875,1.45038167938931,1.34351145038168,-4.48854961832061,13.851
-0.0889892578125,0.4195556640625,-0.98388671875,1.51145038167939,1.43511450381679,-4.48854961832061,14.752
-0.0894775390625,0.4202880859375,-0.98388671875,1.51145038167939,1.48091603053435,-4.51908396946565,14.753
-0.08984375,0.4197998046875,-0.984130859375,1.46564885496183,1.46564885496183,-4.54961832061069,14.84
-0.0899658203125,0.4202880859375,-0.9537353515625,1.40458015267176,1.43511450381679,-4.56488549618321,14.84
-0.0892333984375,0.420654296875,-0.954345703125,1.29770992366412,1.32824427480916,-4.56488549618321,14.841
-0.0892333984375,0.421142578125,-0.95458984375,1.31297709923664,1.31297709923664,-4.56488549618321,15.025
-0.08984375,0.421142578125,-0.9542236328125,1.29770992366412,1.34351145038168,-4.61068702290076,15.026
-0.0927734375,0.3907470703125,-0.9835205078125,-1.43511450381679,1.83206106870229,-4.18320610687023,15.027
-0.0924072265625,0.4215087890625,-0.984375,-1.45038167938931,1.80152671755725,-4.16793893129771,15.027
-0.0921630859375,0.421142578125,-0.9532470703125,-1.46564885496183,1.83206106870229,-4.15267175572519,15.028
-0.0927734375,0.421630859375,-0.9532470703125,-1.45038167938931,1.84732824427481,-4.12213740458015,15.11
-0.126220703125,0.418212890625,-0.9835205078125,-0.99236641221374,1.38931297709924,-4.53435114503817,15.111
-0.12646484375,0.4215087890625,-0.9837646484375,-1.32824427480916,1.16030534351145,-4.47328244274809,15.112
-0.1260986328125,0.419921875,-0.9833984375,-1.26717557251908,1.89312977099237,0.122137404580153,15.112
-0.1253662109375,0.42138671875,-0.95361328125,-1.23664122137405,1.87786259541985,0.152671755725191,15.113
-0.1256103515625,0.3907470703125,-0.9544677734375,-1.31297709923664,1.84732824427481,0.0763358778625954,15.114
-0.1268310546875,0.41943359375,-0.981689453125,-1.20610687022901,1.6030534351145,-4.15267175572519,15.115
-0.1268310546875,0.41943359375,-0.9820556640625,-1.19083969465649,1.69465648854962,-4.19847328244275,15.116
-0.1270751953125,0.41943359375,-0.982421875,-1.20610687022901,1.69465648854962,-4.25954198473282,15.117
-0.12744140625,0.4197998046875,-0.983154296875,-1.19083969465649,1.66412213740458,-4.29007633587786,15.118
-0.127197265625,0.4207763671875,-0.983642578125,-1.14503816793893,1.6030534351145,-4.3206106870229,15.119
-0.13037109375,0.4178466796875,-0.9537353515625,-1.45038167938931,1.70992366412214,-4.44274809160305,15.834
-0.1302490234375,0.4180908203125,-0.98388671875,-1.45038167938931,1.70992366412214,-4.25954198473282,15.835
-0.1278076171875,0.42138671875,-0.983642578125,-1.38931297709924,1.64885496183206,-3.95419847328244,15.835
-0.12646484375,0.391845703125,-0.9835205078125,-1.2824427480916,1.45038167938931,-3.95419847328244,16.374
-0.1256103515625,0.3924560546875,-0.9832763671875,-1.32824427480916,1.3587786259542,-4.12213740458015,16.375
-0.1251220703125,0.3914794921875,-0.982177734375,-1.3587786259542,1.2824427480916,-4.33587786259542,16.376
-0.125732421875,0.419677734375,-0.9815673828125,-1.34351145038168,1.26717557251908,-4.70229007633588,16.376
-0.126953125,0.41796875,-0.981201171875,-1.2824427480916,1.37404580152672,-4.77862595419847,16.377
-0.1282958984375,0.416748046875,-0.98095703125,-1.25190839694656,1.48091603053435,-4.65648854961832,16.914
-0.1295166015625,0.4158935546875,-0.9813232421875,-1.17557251908397,1.52671755725191,-4.45801526717557,16.917
-0.1302490234375,0.4171142578125,-0.9822998046875,-0.99236641221374,1.63358778625954,-3.96946564885496,17
-0.12841796875,0.390869140625,-0.982666015625,-1.05343511450382,1.64885496183206,0,17.001
-0.128662109375,0.4208984375,-0.98291015625,-1.40458015267176,1.45038167938931,-4.29007633587786,17.003
-0.1282958984375,0.4200439453125,-0.9820556640625,-1.41984732824427,1.41984732824427,-4.3206106870229,17.003
-0.129638671875,0.419921875,-0.9825439453125,-1.3587786259542,1.54198473282443,-4.06106870229008,17.004
-0.1329345703125,0.41845703125,-0.9842529296875,-1.09923664122137,1.90839694656489,-3.98473282442748,17.004
-0.132568359375,0.4195556640625,-0.9842529296875,-1.05343511450382,1.89312977099237,0.0610687022900763,17.005
-0.1309814453125,0.42041015625,-0.9534912109375,-1.05343511450382,1.84732824427481,0.16793893129771,17.005
-0.1304931640625,0.4197998046875,-0.9837646484375,-1.19083969465649,1.89312977099237,0.0763358778625954,17.006
-0.131591796875,0.4178466796875,-0.98095703125,-1.38931297709924,1.86259541984733,-4.30534351145038,17.006
-0.130615234375,0.41796875,-0.982177734375,-1.3587786259542,1.75572519083969,-4.21374045801527,17.006
-0.130859375,0.4178466796875,-0.982177734375,-1.3587786259542,1.75572519083969,-4.19847328244275,17.007
-0.1317138671875,0.417236328125,-0.9544677734375,-1.22137404580153,1.74045801526718,-4.45801526717557,17.09
-0.1326904296875,0.41650390625,-0.95361328125,-1.2824427480916,1.86259541984733,-4.44274809160305,17.09
-0.1328125,0.416748046875,-0.984130859375,-1.2824427480916,1.89312977099237,-4.15267175572519,17.092
-0.1309814453125,0.4180908203125,-0.9830322265625,-1.16030534351145,1.64885496183206,-3.98473282442748,17.093
-0.1285400390625,0.4200439453125,-0.9830322265625,-1.08396946564885,1.51145038167939,-3.9236641221374,17.094
-0.1273193359375,0.421630859375,-0.9822998046875,-1.06870229007634,1.48091603053435,-4.03053435114504,17.094
-0.12646484375,0.4195556640625,-0.981201171875,-1.08396946564885,1.40458015267176,-4.54961832061069,17.094
-0.126953125,0.4169921875,-0.9810791015625,-1.16030534351145,1.38931297709924,-4.79389312977099,17.094
-0.1282958984375,0.4151611328125,-0.9818115234375,-1.14503816793893,1.45038167938931,-4.91603053435114,17.095
-0.1292724609375,0.414306640625,-0.982421875,-1.05343511450382,1.51145038167939,-4.85496183206107,17.18
-0.1312255859375,0.4146728515625,-0.98291015625,-0.977099236641221,1.54198473282443,-4.38167938931298,17.182
-0.1317138671875,0.416015625,-0.9835205078125,-0.854961832061069,1.6030534351145,-4.19847328244275,17.182
-0.1322021484375,0.4168701171875,-0.9532470703125,-0.83969465648855,1.63358778625954,-4.06106870229008,17.182
-0.1319580078125,0.417724609375,-0.9537353515625,-0.83969465648855,1.63358778625954,-3.95419847328244,17.182
-0.1319580078125,0.4189453125,-0.953369140625,-1.05343511450382,1.66412213740458,-4.06106870229008,17.184
-0.13232421875,0.418701171875,-0.953857421875,-1.14503816793893,1.66412213740458,-4.18320610687023,17.184
-0.132568359375,0.418212890625,-0.9542236328125,-1.23664122137405,1.6793893129771,-4.25954198473282,17.186
-0.1326904296875,0.4176025390625,-0.9537353515625,-1.2824427480916,1.69465648854962,-4.29007633587786,17.187
-0.1322021484375,0.416259765625,-0.9840087890625,-1.38931297709924,1.70992366412214,-4.30534351145038,17.635
-0.1324462890625,0.4158935546875,-0.953369140625,-1.45038167938931,1.74045801526718,-4.30534351145038,17.636
-0.133056640625,0.4150390625,-0.984375,-1.52671755725191,1.80152671755725,-4.27480916030534,17.639
-0.1336669921875,0.41455078125,-0.983642578125,-1.57251908396947,1.83206106870229,-4.19847328244275,17.64
-0.1326904296875,0.414794921875,-0.98291015625,-1.66412213740458,1.90839694656489,-4.01526717557252,17.721
-0.132080078125,0.4150390625,-0.983642578125,-1.6793893129771,-1.9236641221374,-3.95419847328244,17.722
-0.13134765625,0.4158935546875,-0.9837646484375,-1.64885496183206,-1.90839694656489,0.0152671755725191,17.724
-0.1302490234375,0.416748046875,-0.9835205078125,-1.61832061068702,-1.89312977099237,0.0458015267175573,17.725
-0.1295166015625,0.4180908203125,-0.9532470703125,-1.58778625954198,-1.87786259541985,-3.9236641221374,17.725
-0.1290283203125,0.4180908203125,-0.9532470703125,-1.58778625954198,-1.9236641221374,-4,17.725
-0.129150390625,0.4178466796875,-0.9537353515625,-1.54198473282443,1.9236641221374,-4.04580152671756,17.726
-0.12939453125,0.41748046875,-0.953857421875,-1.41984732824427,1.81679389312977,-4.15267175572519,17.726
-0.131103515625,0.4178466796875,-0.953369140625,-1.51145038167939,1.6030534351145,-4.22900763358779,17.727
-0.1309814453125,0.4176025390625,-0.984375,-1.49618320610687,1.55725190839695,-4.27480916030534,17.727
-0.1314697265625,0.41748046875,-0.984130859375,-1.38931297709924,1.51145038167939,-4.36641221374046,17.727
-0.1309814453125,0.417724609375,-0.983642578125,-1.34351145038168,1.45038167938931,-4.33587786259542,17.728
-0.1326904296875,0.416259765625,-0.95458984375,-1.11450381679389,1.72519083969466,-4.10687022900763,17.81
-0.1319580078125,0.4161376953125,-0.9541015625,-1.17557251908397,1.75572519083969,-4.09160305343511,17.811
-0.1318359375,0.416259765625,-0.953369140625,-1.19083969465649,1.78625954198473,-4.09160305343511,17.813
-0.1319580078125,0.41650390625,-0.9534912109375,-1.23664122137405,1.81679389312977,-4.04580152671756,17.814
-0.13134765625,0.415771484375,-0.95361328125,-1.2824427480916,1.83206106870229,-4.04580152671756,17.899
-0.1312255859375,0.4161376953125,-0.953857421875,-1.40458015267176,1.83206106870229,-4.01526717557252,18.355
-0.13134765625,0.416015625,-0.9542236328125,-1.46564885496183,1.83206106870229,-4.03053435114504,18.359
-0.1317138671875,0.4158935546875,-0.9539794921875,-1.58778625954198,1.74045801526718,-4.0763358778626,18.359
-0.132080078125,0.4161376953125,-0.9534912109375,-1.58778625954198,1.66412213740458,-4.04580152671756,18.359
-0.1312255859375,0.4169921875,-0.9842529296875,-1.54198473282443,1.57251908396947,-4.03053435114504,18.36
-0.1319580078125,0.4173583984375,-0.9840087890625,-1.51145038167939,1.52671755725191,-4.10687022900763,18.44
-0.13232421875,0.4173583984375,-0.983642578125,-1.49618320610687,1.48091603053435,-4.09160305343511,18.44
-0.132568359375,0.41650390625,-0.9840087890625,-1.51145038167939,1.48091603053435,-4.0763358778626,18.441
-0.133544921875,0.415283203125,-0.953369140625,-1.52671755725191,1.57251908396947,-4.10687022900763,18.442
-0.1343994140625,0.4154052734375,-0.9842529296875,-1.49618320610687,1.6030534351145,0,18.442
-0.133056640625,0.416015625,-0.9532470703125,-1.45038167938931,1.52671755725191,0.198473282442748,18.443
-0.13330078125,0.4156494140625,-0.982421875,-1.72519083969466,1.64885496183206,-3.9236641221374,18.443
-0.13427734375,0.417724609375,-0.9827880859375,-1.52671755725191,1.31297709923664,-4.42748091603053,18.444
-0.13427734375,0.4171142578125,-0.98193359375,-1.49618320610687,1.34351145038168,-4.41221374045802,18.444
-0.13525390625,0.41552734375,-0.9818115234375,-1.45038167938931,1.51145038167939,-4.38167938931298,18.444
-0.1353759765625,0.4150390625,-0.9814453125,-1.3587786259542,1.6030534351145,-4.27480916030534,18.53
-0.1336669921875,0.4190673828125,-0.9537353515625,-1.3587786259542,1.74045801526718,-3.9236641221374,18.531
-0.133544921875,0.4190673828125,-0.9534912109375,-1.48091603053435,1.6793893129771,-4.03053435114504,18.532
-0.1336669921875,0.418212890625,-0.9534912109375,-1.52671755725191,1.64885496183206,-4.13740458015267,18.533
-0.1341552734375,0.417236328125,-0.983642578125,-1.57251908396947,1.58778625954198,-4.21374045801527,18.534
-0.134521484375,0.416748046875,-0.983642578125,-1.57251908396947,1.46564885496183,-4.22900763358779,18.535
-0.1348876953125,0.41650390625,-0.983154296875,-1.55725190839695,1.46564885496183,-4.24427480916031,18.535
-0.135009765625,0.4168701171875,-0.9830322265625,-1.54198473282443,1.48091603053435,-4.22900763358779,18.536
-0.134765625,0.4171142578125,-0.982666015625,-1.51145038167939,1.48091603053435,-4.21374045801527,18.537
-0.1348876953125,0.417724609375,-0.982666015625,-1.45038167938931,1.49618320610687,-4.18320610687023,18.537
-0.13525390625,0.41748046875,-0.9827880859375,-1.46564885496183,1.51145038167939,-4.18320610687023,18.619
-0.135009765625,0.4173583984375,-0.9825439453125,-1.46564885496183,1.49618320610687,-4.19847328244275,18.62
-0.1346435546875,0.4173583984375,-0.9818115234375,-1.45038167938931,1.51145038167939,-4.21374045801527,19.073
-0.13525390625,0.4166259765625,-0.9825439453125,-1.45038167938931,1.58778625954198,-4.22900763358779,19.074
-0.134765625,0.41650390625,-0.9830322265625,-1.41984732824427,1.6030534351145,-4.18320610687023,19.076
-0.1351318359375,0.4168701171875,-0.9833984375,-1.40458015267176,1.63358778625954,-4.16793893129771,19.076
-0.1346435546875,0.4173583984375,-0.9832763671875,-1.41984732824427,1.66412213740458,-4.15267175572519,19.077
-0.135009765625,0.417724609375,-0.982666015625,-1.45038167938931,1.6793893129771,-4.12213740458015,19.254
-0.134765625,0.418212890625,-0.9825439453125,-1.46564885496183,1.64885496183206,-4.09160305343511,19.255
-0.1341552734375,0.418212890625,-0.982666015625,-1.48091603053435,1.64885496183206,-4.09160305343511,19.261
-0.1341552734375,0.417724609375,-0.9827880859375,-1.48091603053435,1.69465648854962,-4.10687022900763,19.262
-0.13427734375,0.4176025390625,-0.9835205078125,-1.46564885496183,1.6793893129771,-4.0763358778626,19.262
-0.1334228515625,0.4178466796875,-0.9835205078125,-1.40458015267176,1.66412213740458,-4.03053435114504,19.705
-0.1337890625,0.4173583984375,-0.9830322265625,-1.38931297709924,1.6793893129771,-4.10687022900763,19.706
-0.1348876953125,0.4169921875,-0.9830322265625,-1.72519083969466,1.75572519083969,0.0458015267175573,19.706
-0.1351318359375,0.4176025390625,-0.98193359375,-1.72519083969466,1.77099236641221,0.0305343511450382,19.707
-0.1337890625,0.41845703125,-0.9814453125,-1.66412213740458,1.72519083969466,0.0916030534351145,19.709
-0.13330078125,0.4188232421875,-0.9810791015625,-1.61832061068702,1.74045801526718,0.0458015267175573,20.336
-0.1356201171875,0.41748046875,-0.9837646484375,-1.23664122137405,1.66412213740458,0.0458015267175573,20.336
-0.1351318359375,0.418212890625,-0.983642578125,-1.46564885496183,1.3587786259542,-4.13740458015267,20.336
-0.13525390625,0.418701171875,-0.9835205078125,-1.46564885496183,1.34351145038168,-4.16793893129771,20.336
-0.1356201171875,0.4193115234375,-0.982666015625,-1.38931297709924,1.37404580152672,-4.3206106870229,20.336
-0.13623046875,0.4189453125,-0.982421875,-1.38931297709924,1.38931297709924,-4.41221374045802,20.514
-0.1357421875,0.4180908203125,-0.9827880859375,-1.51145038167939,1.64885496183206,0.33587786259542,20.514
-0.1341552734375,0.416259765625,-0.982177734375,-1.17557251908397,1.52671755725191,-4.44274809160305,20.515
-0.13427734375,0.4163818359375,-0.982177734375,-1.09923664122137,1.52671755725191,-4.44274809160305,20.515
-0.134521484375,0.41650390625,-0.9827880859375,-1.08396946564885,1.55725190839695,-4.44274809160305,20.515
-0.135009765625,0.4156494140625,-0.9832763671875,-1.05343511450382,1.61832061068702,-4.45801526717557,20.965
-0.1365966796875,0.4114990234375,-0.984130859375,-1.52671755725191,-1.95419847328244,-4.15267175572519,20.966
-0.1356201171875,0.41259765625,-0.9532470703125,-1.37404580152672,1.38931297709924,-4.54961832061069,21.049
-0.13623046875,0.4122314453125,-0.9842529296875,-1.32824427480916,1.43511450381679,-4.48854961832061,21.141
-0.1361083984375,0.4122314453125,-0.9837646484375,-1.23664122137405,1.49618320610687,-4.3969465648855,21.144
-0.13671875,0.412109375,-0.9830322265625,-1.17557251908397,1.63358778625954,-4.25954198473282,21.145
-0.1358642578125,0.4119873046875,-0.953857421875,-1.05343511450382,1.37404580152672,-4.47328244274809,21.146
-0.1358642578125,0.4117431640625,-0.95361328125,-1.02290076335878,1.37404580152672,-4.44274809160305,21.147
-0.1357421875,0.4117431640625,-0.984375,-0.99236641221374,1.40458015267176,-4.44274809160305,21.148
-0.136474609375,0.4114990234375,-0.984375,-0.946564885496183,1.46564885496183,-4.42748091603053,21.148
-0.135986328125,0.4114990234375,-0.9837646484375,-0.854961832061069,1.57251908396947,-4.27480916030534,21.149
-0.13623046875,0.4105224609375,-0.9549560546875,-0.870229007633588,1.9236641221374,-4.15267175572519,21.15
-0.13525390625,0.4093017578125,-0.9539794921875,-1.66412213740458,-1.78625954198473,0.16793893129771,21.15
-0.1341552734375,0.4110107421875,-0.954345703125,-1.61832061068702,-1.75572519083969,0.16793893129771,21.152
-0.13623046875,0.4090576171875,-0.9573974609375,-1.49618320610687,1.74045801526718,-4.06106870229008,21.152
-0.134765625,0.409423828125,-0.9547119140625,-1.52671755725191,1.46564885496183,0.0152671755725191,21.683
-0.1348876953125,0.41064453125,-0.954345703125,-1.49618320610687,1.49618320610687,0.0152671755725191,21.771
-0.135498046875,0.4124755859375,-0.9559326171875,-1.48091603053435,1.51145038167939,-3.98473282442748,21.772
-0.1353759765625,0.4129638671875,-0.9556884765625,-1.46564885496183,1.46564885496183,-4.04580152671756,21.773
-0.1351318359375,0.412109375,-0.9560546875,-1.45038167938931,1.38931297709924,-4.19847328244275,21.774
-0.1361083984375,0.4114990234375,-0.9560546875,-1.46564885496183,1.43511450381679,-4.25954198473282,21.774
-0.1363525390625,0.4110107421875,-0.9559326171875,-1.41984732824427,1.45038167938931,-4.25954198473282,21.774
-0.1363525390625,0.41015625,-0.954833984375,-1.38931297709924,1.46564885496183,-4.24427480916031,21.774
-0.1376953125,0.409423828125,-0.9547119140625,-1.3587786259542,1.58778625954198,-4.22900763358779,21.775
-0.13720703125,0.409423828125,-0.9547119140625,-1.34351145038168,1.63358778625954,-4.16793893129771,21.775
-0.1375732421875,0.4091796875,-0.9549560546875,-1.34351145038168,1.66412213740458,-4.10687022900763,21.775
-0.13720703125,0.408447265625,-0.955322265625,-1.41984732824427,1.69465648854962,-4.03053435114504,21.775
-0.1387939453125,0.409423828125,-0.9537353515625,-1.48091603053435,1.6793893129771,-3.95419847328244,21.775
-0.136962890625,0.41015625,-0.955810546875,-1.20610687022901,1.43511450381679,-3.98473282442748,21.775
-0.1368408203125,0.41064453125,-0.95751953125,-1.31297709923664,1.37404580152672,0.0305343511450382,21.862
-0.136962890625,0.41064453125,-0.957763671875,-1.38931297709924,1.40458015267176,-3.96946564885496,21.863
-0.13818359375,0.410888671875,-0.957763671875,-1.41984732824427,1.41984732824427,-4.09160305343511,21.864
-0.1387939453125,0.4111328125,-0.957275390625,-1.46564885496183,1.41984732824427,-4.16793893129771,21.864
-0.1387939453125,0.41064453125,-0.957275390625,-1.58778625954198,1.38931297709924,-4.21374045801527,21.864
-0.1387939453125,0.4110107421875,-0.956298828125,-1.63358778625954,1.40458015267176,-4.22900763358779,21.95
-0.13916015625,0.4112548828125,-0.955810546875,-1.6793893129771,1.41984732824427,-4.24427480916031,21.95
-0.13916015625,0.41064453125,-0.9559326171875,-1.72519083969466,1.41984732824427,-4.19847328244275,21.952
-0.1387939453125,0.41015625,-0.9547119140625,-1.84732824427481,1.43511450381679,-4.18320610687023,21.952
-0.13818359375,0.4097900390625,-0.95458984375,-1.90839694656489,1.48091603053435,-4.16793893129771,22.223
-0.1380615234375,0.4095458984375,-0.9549560546875,1.93893129770992,1.48091603053435,-4.13740458015267,22.224
-0.1376953125,0.4097900390625,-0.9544677734375,1.89312977099237,1.49618320610687,-4.0763358778626,22.224
-0.1368408203125,0.410400390625,-0.9541015625,1.90839694656489,1.57251908396947,-4.03053435114504,22.403
-0.1368408203125,0.4112548828125,-0.9541015625,-1.95419847328244,1.57251908396947,-4.04580152671756,22.403
-0.13671875,0.4119873046875,-0.9547119140625,-1.9236641221374,1.52671755725191,-4.01526717557252,22.403
-0.136962890625,0.4117431640625,-0.953369140625,-1.86259541984733,1.43511450381679,-4.0763358778626,22.404
-0.1365966796875,0.411376953125,-0.984130859375,-1.70992366412214,1.31297709923664,-4.04580152671756,22.404
-0.1363525390625,0.4111328125,-0.9537353515625,-1.52671755725191,1.32824427480916,-4.10687022900763,22.49
-0.1383056640625,0.41064453125,-0.9541015625,-1.51145038167939,1.43511450381679,-4.19847328244275,22.491
-0.1396484375,0.41015625,-0.9541015625,-1.46564885496183,1.45038167938931,-4.16793893129771,22.492
-0.13818359375,0.4127197265625,-0.9549560546875,-1.26717557251908,1.31297709923664,-3.93893129770992,22.493
-0.139404296875,0.4088134765625,-0.95458984375,-1.40458015267176,-1.90839694656489,-4.03053435114504,22.493
-0.1390380859375,0.408935546875,-0.9544677734375,-1.34351145038168,-1.86259541984733,-3.95419847328244,22.494
-0.1099853515625,0.409912109375,-0.9547119140625,-1.06870229007634,1.63358778625954,-4.25954198473282,22.585
-0.1405029296875,0.41015625,-0.9560546875,-1.05343511450382,1.64885496183206,-4.10687022900763,22.587
-0.1397705078125,0.41015625,-0.9559326171875,-1.02290076335878,1.64885496183206,-4.04580152671756,22.588
-0.1397705078125,0.4091796875,-0.9559326171875,-0.946564885496183,1.6793893129771,-4,22.668
-0.1392822265625,0.409423828125,-0.9559326171875,-0.793893129770992,1.69465648854962,-3.96946564885496,22.669
-0.138427734375,0.40869140625,-0.95556640625,-0.732824427480916,1.66412213740458,-4.10687022900763,22.758
-0.137939453125,0.4088134765625,-0.9556884765625,-0.809160305343511,1.6030534351145,-4.10687022900763,22.759
-0.137939453125,0.4085693359375,-0.955322265625,-0.854961832061069,1.58778625954198,-4.10687022900763,22.759
-0.1383056640625,0.4091796875,-0.955810546875,-0.870229007633588,1.57251908396947,-4.12213740458015,22.76
-0.1380615234375,0.4093017578125,-0.9556884765625,-0.900763358778626,1.51145038167939,-4.13740458015267,22.76
-0.138671875,0.40966796875,-0.955810546875,-0.900763358778626,1.48091603053435,-4.10687022900763,22.761
-0.1396484375,0.409423828125,-0.9547119140625,-0.946564885496183,1.51145038167939,-4.13740458015267,22.762
-0.139892578125,0.408935546875,-0.9541015625,-0.931297709923664,1.51145038167939,-4.10687022900763,22.763
-0.1397705078125,0.408203125,-0.95361328125,-0.885496183206107,1.55725190839695,-4.12213740458015,22.763
-0.1405029296875,0.406982421875,-0.955810546875,-1.00763358778626,1.69465648854962,-4.15267175572519,22.764
-0.1397705078125,0.4072265625,-0.956298828125,-1.11450381679389,1.75572519083969,-4.06106870229008,22.764
-0.140625,0.3740234375,-0.9549560546875,-1.3587786259542,1.83206106870229,-4.3206106870229,22.85
-0.111328125,0.3740234375,-0.95556640625,-1.32824427480916,1.93893129770992,-4.24427480916031,22.855
-0.1107177734375,0.4063720703125,-0.9569091796875,-1.20610687022901,1.86259541984733,-4.03053435114504,22.861
-0.1376953125,0.41064453125,-0.95654296875,-0.977099236641221,1.58778625954198,0.106870229007634,22.863
-0.1358642578125,0.412353515625,-0.9556884765625,-0.99236641221374,1.38931297709924,-4.0763358778626,22.865
-0.1348876953125,0.4114990234375,-0.9552001953125,-1.06870229007634,1.31297709923664,-4.30534351145038,22.865
-0.1351318359375,0.4093017578125,-0.9547119140625,-1.06870229007634,1.31297709923664,-4.54961832061069,22.865
-0.1356201171875,0.37451171875,-0.9547119140625,-1.06870229007634,1.3587786259542,-4.74809160305344,22.865
-0.1390380859375,0.3729248046875,-0.954833984375,-0.961832061068702,1.55725190839695,-4.68702290076336,23.123
-0.1405029296875,0.373046875,-0.9559326171875,-0.83969465648855,1.57251908396947,-4.45801526717557,23.124
-0.1094970703125,0.3740234375,-0.9564208984375,-0.748091603053435,1.54198473282443,-4.21374045801527,23.125
-0.10986328125,0.408203125,-0.9581298828125,-0.702290076335878,1.52671755725191,-4.09160305343511,23.127
-0.1099853515625,0.40869140625,-0.9583740234375,-0.809160305343511,1.48091603053435,-4.09160305343511,23.575
-0.1102294921875,0.4088134765625,-0.95849609375,-0.900763358778626,1.41984732824427,-4.16793893129771,23.576
-0.110595703125,0.4085693359375,-0.9581298828125,-1.00763358778626,1.38931297709924,-4.29007633587786,23.754
-0.1114501953125,0.4071044921875,-0.9573974609375,-1.12977099236641,1.38931297709924,-4.45801526717557,23.755
-0.11181640625,0.4066162109375,-0.9571533203125,-1.29770992366412,1.40458015267176,-4.48854961832061,23.759
-0.1116943359375,0.4063720703125,-0.9576416015625,-1.34351145038168,1.41984732824427,-4.45801526717557,23.76
-0.1116943359375,0.37451171875,-0.95654296875,-1.38931297709924,1.46564885496183,-4.42748091603053,23.761
-0.1402587890625,0.4088134765625,-0.956298828125,-1.54198473282443,-1.95419847328244,0.106870229007634,24.024
-0.140625,0.408935546875,-0.9586181640625,-1.26717557251908,1.57251908396947,-4.09160305343511,24.026
-0.1397705078125,0.40869140625,-0.9583740234375,-1.3587786259542,1.45038167938931,-4.13740458015267,24.027
-0.1392822265625,0.407470703125,-0.9580078125,-1.43511450381679,1.43511450381679,-4.22900763358779,24.028
-0.14013671875,0.4063720703125,-0.9569091796875,-1.41984732824427,1.48091603053435,-4.33587786259542,24.028
-0.1103515625,0.40625,-0.9569091796875,-1.45038167938931,1.84732824427481,-4.10687022900763,24.11
-0.1094970703125,0.406494140625,-0.95654296875,-1.43511450381679,1.81679389312977,-4.09160305343511,24.384
-0.13916015625,0.4066162109375,-0.95361328125,-1.55725190839695,1.38931297709924,-4.68702290076336,24.385
-0.110107421875,0.371826171875,-0.9837646484375,-1.51145038167939,1.46564885496183,-4.82442748091603,24.386
-0.1109619140625,0.37109375,-0.9840087890625,-1.41984732824427,1.49618320610687,-4.68702290076336,24.388
-0.1114501953125,0.371826171875,-0.954345703125,-1.2824427480916,1.54198473282443,-4.47328244274809,24.388
-0.1134033203125,0.374755859375,-0.9578857421875,-1.48091603053435,1.87786259541985,-4.18320610687023,24.566
-0.1114501953125,0.406494140625,-0.9576416015625,-1.51145038167939,1.6793893129771,-4.10687022900763,24.923
-0.111328125,0.407958984375,-0.9581298828125,-1.32824427480916,1.66412213740458,-3.93893129770992,24.927
-0.11083984375,0.4088134765625,-0.9580078125,-1.34351145038168,1.57251908396947,-3.96946564885496,24.928
-0.110107421875,0.408203125,-0.9576416015625,-1.48091603053435,1.55725190839695,-4.09160305343511,24.929
-0.1104736328125,0.3748779296875,-0.955810546875,-1.58778625954198,1.70992366412214,-4.03053435114504,24.929
-0.111083984375,0.4068603515625,-0.9564208984375,-1.57251908396947,1.72519083969466,-4.12213740458015,25.284
-0.111572265625,0.40771484375,-0.9542236328125,-1.43511450381679,1.6793893129771,-4.13740458015267,25.285
-0.1112060546875,0.4073486328125,-0.9547119140625,-1.40458015267176,1.69465648854962,-4.15267175572519,25.285
-0.1114501953125,0.4073486328125,-0.955322265625,-1.37404580152672,1.74045801526718,-4.18320610687023,25.286
-0.1107177734375,0.4071044921875,-0.9560546875,-1.32824427480916,1.72519083969466,-4.15267175572519,25.286
-0.1114501953125,0.4066162109375,-0.9573974609375,-1.20610687022901,1.78625954198473,-4.18320610687023,25.554
-0.111328125,0.3748779296875,-0.95458984375,-1.49618320610687,1.63358778625954,-4.22900763358779,25.555
-0.111572265625,0.4073486328125,-0.954345703125,-1.57251908396947,1.6030534351145,-4.35114503816794,25.556
-0.1112060546875,0.4071044921875,-0.95458984375,-1.54198473282443,1.55725190839695,-4.41221374045802,25.557
-0.111572265625,0.4066162109375,-0.9544677734375,-1.41984732824427,1.55725190839695,-4.45801526717557,25.558
-0.111572265625,0.40625,-0.95458984375,-1.32824427480916,1.51145038167939,-4.41221374045802,25.912
-0.11328125,0.3731689453125,-0.9559326171875,-1.14503816793893,1.46564885496183,0,25.913
-0.11767578125,0.373779296875,-0.9586181640625,4.16793893129771,-4.70229007633588,0.396946564885496,25.914
-0.117431640625,0.373779296875,-0.9586181640625,4.06106870229008,-4.68702290076336,0.229007633587786,25.915
-0.1180419921875,0.373291015625,-0.957763671875,3.96946564885496,-4.61068702290076,0.0916030534351145,25.916
-0.1187744140625,0.3719482421875,-0.9571533203125,-0.122137404580153,-4.48854961832061,-4.01526717557252,26.543
-0.1192626953125,0.3709716796875,-0.9566650390625,-0.488549618320611,0.595419847328244,-4.22900763358779,26.544
-0.1209716796875,0.3692626953125,-0.956787109375,-1.29770992366412,-1.90839694656489,-4.36641221374046,26.549
-0.1214599609375,0.3692626953125,-0.95703125,-1.31297709923664,-1.86259541984733,-4.38167938931298,26.631
-0.122314453125,0.3690185546875,-0.9581298828125,-1.37404580152672,-1.75572519083969,-4.41221374045802,26.632
-0.1226806640625,0.369140625,-0.95849609375,-1.3587786259542,-1.75572519083969,-4.38167938931298,26.72
-0.1199951171875,0.37109375,-0.9586181640625,-1.54198473282443,-1.58778625954198,-4.41221374045802,26.995
-0.1209716796875,0.37060546875,-0.9583740234375,-1.41984732824427,-1.78625954198473,-4.24427480916031,26.996
-0.12109375,0.3704833984375,-0.95849609375,-1.52671755725191,-1.83206106870229,-4.25954198473282,26.997
-0.1209716796875,0.36962890625,-0.9583740234375,-1.6030534351145,-1.80152671755725,-4.27480916030534,26.997
-0.1214599609375,0.36962890625,-0.957763671875,-1.6793893129771,-1.70992366412214,-4.19847328244275,26.998
-0.120361328125,0.3681640625,-0.9583740234375,1.9236641221374,-1.38931297709924,-4.0763358778626,27.264
-0.1160888671875,0.3697509765625,-0.9586181640625,-1.41984732824427,1.70992366412214,-4.0763358778626,27.265
-0.1162109375,0.369384765625,-0.9586181640625,-1.40458015267176,1.70992366412214,-4.13740458015267,27.266
-0.11669921875,0.3685302734375,-0.9576416015625,-1.37404580152672,1.6793893129771,-4.21374045801527,27.266
-0.116943359375,0.368408203125,-0.9576416015625,-0.0763358778625954,-1.83206106870229,0.0152671755725191,27.267
-0.1162109375,0.3685302734375,-0.9578857421875,4.13740458015267,-1.83206106870229,0.0610687022900763,27.349
-0.1138916015625,0.369140625,-0.96142578125,4.29007633587786,-1.95419847328244,0.229007633587786,27.349
-0.1148681640625,0.3646240234375,-0.961181640625,-1.61832061068702,1.49618320610687,-4.10687022900763,27.349
-0.1173095703125,0.362060546875,-0.9600830078125,-1.70992366412214,1.57251908396947,-4.35114503816794,27.35
-0.1170654296875,0.361572265625,-0.9600830078125,-1.66412213740458,1.51145038167939,-4.22900763358779,27.353
-0.1170654296875,0.361328125,-0.960205078125,-1.61832061068702,1.54198473282443,-4.12213740458015,27.353
-0.11572265625,0.3623046875,-0.9600830078125,-1.70992366412214,1.52671755725191,-4.21374045801527,27.355
-0.1158447265625,0.363037109375,-0.960693359375,-0.381679389312977,-1.90839694656489,0.183206106870229,27.355
-0.115234375,0.36474609375,-0.96240234375,-0.458015267175573,1.89312977099237,0.122137404580153,27.624
-0.1153564453125,0.3651123046875,-0.96337890625,-0.519083969465649,1.77099236641221,0.0305343511450382,27.627
-0.1153564453125,0.364013671875,-0.96337890625,-0.732824427480916,1.57251908396947,-4.16793893129771,27.628
-0.116455078125,0.361328125,-0.962158203125,-0.717557251908397,1.25190839694656,-4.25954198473282,27.629
-0.1162109375,0.3612060546875,-0.9620361328125,-0.778625954198473,1.23664122137405,-4.18320610687023,27.629
-0.1170654296875,0.361328125,-0.9625244140625,-0.83969465648855,1.23664122137405,-4.13740458015267,27.897
-0.1173095703125,0.361083984375,-0.962158203125,-0.946564885496183,1.29770992366412,-4.10687022900763,27.897
-0.1170654296875,0.3612060546875,-0.9620361328125,-1.0381679389313,1.31297709923664,-4.15267175572519,27.897
-0.1171875,0.3616943359375,-0.9613037109375,-1.12977099236641,1.32824427480916,-4.15267175572519,27.897
-0.1170654296875,0.36181640625,-0.9610595703125,-1.25190839694656,1.3587786259542,-4.21374045801527,27.897
-0.116943359375,0.361083984375,-0.9613037109375,-1.37404580152672,1.40458015267176,-4.24427480916031,27.98
-0.11767578125,0.3607177734375,-0.962646484375,-1.48091603053435,1.49618320610687,-4.27480916030534,27.981
-0.1180419921875,0.361572265625,-0.961669921875,-1.20610687022901,1.58778625954198,-4.29007633587786,27.981
-0.1177978515625,0.362060546875,-0.962890625,-1.17557251908397,1.52671755725191,-4.22900763358779,27.982
-0.1185302734375,0.361572265625,-0.962890625,-1.29770992366412,1.51145038167939,-4.33587786259542,27.982
-0.119140625,0.3612060546875,-0.96240234375,-1.31297709923664,1.52671755725191,-4.33587786259542,28.254
