-0.8919677734375,0.3084716796875,0.0213623046875,-0.198473282442748,-2.56488549618321,1.51145038167939,0
-0.9212646484375,0.3099365234375,0.02490234375,4.44274809160305,-2.87022900763359,-1.64885496183206,0
-0.9158935546875,0.310546875,0.029296875,5.80152671755725,-3.6793893129771,4,0
-0.9105224609375,0.310302734375,0.0303955078125,2.65648854961832,-8.22900763358779,4.97709923664122,0.0010000000000332
-0.840087890625,0.3541259765625,0.06689453125,12.3053435114504,-2.25954198473282,3.38931297709924,0.00200000000000955
-0.8431396484375,0.3592529296875,0.0682373046875,13.5114503816794,-5.43511450381679,3.37404580152672,0.18100000000004
-0.87548828125,0.3310546875,0.069580078125,9.84732824427481,-5.20610687022901,3.51145038167939,0.18100000000004
-0.8758544921875,0.3331298828125,0.0701904296875,9.96946564885496,-5.37404580152672,3.69465648854962,0.182000000000016
-0.755126953125,0.279052734375,0.0469970703125,15.2671755725191,-16.8396946564886,14.6870229007634,0.182999999999993
-0.5401611328125,0.23486328125,-0.0047607421875,20.793893129771,-31.9236641221374,26.6259541984733,0.184000000000026
-0.4813232421875,0.2362060546875,-0.0098876953125,14.7022900763359,-36.1374045801527,26.4580152671756,0.450000000000045
-0.2899169921875,0.73681640625,-0.0234375,14.4274809160305,-36.9618320610687,-31.587786259542,0.450000000000045
-0.38037109375,0.828125,0.014404296875,18.7786259541985,-18.1832061068702,-30.7328244274809,0.451000000000022
-0.4468994140625,0.9053955078125,0.0462646484375,24.8702290076336,-13.3587786259542,-32.5496183206107,0.451999999999998
-0.5091552734375,1.013671875,0.072021484375,24.2290076335878,-3.72519083969466,-27.7557251908397,0.536000000000001
-0.86279296875,0.854736328125,0.0726318359375,-23.3282442748092,30.824427480916,-21.1908396946565,0.537000000000035
-1.6309814453125,0.4227294921875,0.1068115234375,2.77862595419847,51.1908396946565,-52.1679389312977,0.538000000000011
-1.9266357421875,0.3087158203125,0.08056640625,0.534351145038168,50.9007633587786,-30.8854961832061,0.539000000000044
-2.094970703125,0.3148193359375,0.0565185546875,4.6412213740458,47.1297709923664,-23.3435114503817,0.539000000000044
-2.1788330078125,0.309814453125,0.019287109375,12.7022900763359,43.618320610687,-19.7862595419847,0.54000000000002
-2.5926513671875,0.065673828125,-0.057373046875,2.3206106870229,6.15267175572519,43.8473282442748,0.540999999999997
-0.625732421875,-0.2528076171875,0.192626953125,-15.4503816793893,-29.2824427480916,-33.5114503816794,0.54200000000003
-0.5638427734375,-0.1475830078125,0.22509765625,-11.3435114503817,-26.5343511450382,-30.8549618320611,0.543000000000006
-0.4962158203125,-0.1107177734375,0.220703125,-12.1374045801527,-26.6564885496183,-26.0610687022901,0.54400000000004
-0.46533203125,-0.10498046875,0.180908203125,-8.97709923664122,-25.4198473282443,-23.5267175572519,0.545000000000016
-0.5174560546875,0.1180419921875,0.1392822265625,5.16030534351145,-2.04580152671756,21.7557251908397,0.810000000000002
-0.5731201171875,0.1474609375,0.1324462890625,5.19083969465649,-2.25954198473282,22.4580152671756,0.811000000000035
-0.600830078125,0.1719970703125,0.1275634765625,4.44274809160305,-2.47328244274809,21.8625954198473,0.811000000000035
-0.6236572265625,0.2091064453125,0.0833740234375,1.70992366412214,-7.90839694656489,18.5954198473282,0.813000000000045
-0.64990234375,0.2186279296875,0.104736328125,-4.29007633587786,-8.7175572519084,20.5496183206107,0.814000000000021
-0.6832275390625,0.2532958984375,0.0950927734375,-2.7175572519084,-8.65648854961832,14.6564885496183,0.896999999999991
-0.7738037109375,0.2177734375,0.0941162109375,-8.65648854961832,-7.86259541984733,15.3129770992366,0.898000000000025
-0.83447265625,0.204833984375,0.100830078125,-12.8091603053435,-4.56488549618321,10.1832061068702,0.899000000000001
-0.8936767578125,0.21875,0.109130859375,-10.5038167938931,-4.42748091603053,13.3282442748092,0.900000000000034
-0.9749755859375,0.1982421875,0.0882568359375,-11.7251908396947,-5.77099236641221,12.8396946564886,0.900000000000034
-1.0682373046875,0.154296875,0.136962890625,-15.7099236641221,-6.24427480916031,7.12977099236641,0.900000000000034
-1.5054931640625,0.2388916015625,0.3973388671875,-5.72519083969466,-31.9847328244275,3.14503816793893,0.900000000000034
-1.4132080078125,0.2698974609375,0.372802734375,-5.11450381679389,-34.4885496183206,8.15267175572519,0.900000000000034
-1.314208984375,0.2406005859375,0.3900146484375,-13.4656488549618,-55.2671755725191,13.0076335877863,0.900000000000034
-1.200439453125,0.175048828125,0.387939453125,-19.6335877862595,-57.9541984732824,7.46564885496183,0.90100000000001
-0.8355712890625,0.0426025390625,0.3626708984375,-5.23664122137405,-39.7862595419847,-10.8091603053435,1.16700000000003
-0.8511962890625,-0.0018310546875,0.3897705078125,-8.22900763358779,-29.8625954198473,-10.6717557251908,1.16800000000001
-0.80078125,0.0115966796875,0.3865966796875,-7.54198473282443,-29.2824427480916,-10.7328244274809,1.16900000000004
-0.790283203125,-0.020263671875,0.3414306640625,-16.2137404580153,-23.8625954198473,-16.8702290076336,1.16900000000004
-0.744873046875,-0.042236328125,0.3572998046875,-16.4580152671756,-18.0916030534351,-14.7022900763359,1.25700000000001
-0.76318359375,0.0135498046875,0.3076171875,-16,-20,-15.6030534351145,1.25700000000001
-0.7569580078125,0.019775390625,0.321044921875,-11.4809160305344,-16.7786259541985,-15.5267175572519,1.25700000000001
-0.7496337890625,0.0911865234375,0.327880859375,-16.1526717557252,-2.47328244274809,-15.8015267175573,1.25800000000004
-0.7886962890625,0.132568359375,0.302001953125,-13.8625954198473,1.11450381679389,-12.2442748091603,1.25900000000001
-0.741943359375,0.125732421875,0.2984619140625,-15.4809160305344,-1.84732824427481,-8.38167938931298,1.25999999999999
-0.7587890625,0.0787353515625,0.321044921875,-20.5343511450382,-1.06870229007634,-5.80152671755725,1.26100000000002
-0.9024658203125,0.5487060546875,0.2724609375,6.88549618320611,23.9541984732824,20.5496183206107,1.26100000000002
-0.942138671875,0.57666015625,0.274169921875,6.76335877862595,18.6259541984733,17.9083969465649,1.262
-0.946044921875,0.5750732421875,0.2734375,7.61832061068702,20.9007633587786,17.969465648855,1.262
-0.9512939453125,0.571533203125,0.27392578125,12.1679389312977,19.6488549618321,20.7328244274809,1.262
-0.7320556640625,0.62939453125,0.19091796875,3.38931297709924,5.00763358778626,4.03053435114504,1.26300000000003
-0.7542724609375,0.591552734375,0.1715087890625,4.65648854961832,6.21374045801527,0.106870229007634,1.44
-0.8125,0.576904296875,0.1417236328125,-0.916030534351145,20.1068702290076,-9.37404580152672,1.44
-0.8743896484375,0.5675048828125,0.1483154296875,-1.09923664122137,24,-6.3206106870229,1.62
-1.003662109375,0.525146484375,0.1876220703125,-1.86259541984733,25.3587786259542,-3.84732824427481,1.98099999999999
-1.032470703125,0.542724609375,0.1968994140625,0.519083969465649,23.7862595419847,-4.88549618320611,1.98600000000005
-0.9940185546875,0.4931640625,0.175048828125,-4.97709923664122,20.0610687022901,1.89312977099237,1.98600000000005
-0.9671630859375,0.467529296875,0.1806640625,-2.44274809160305,16.2595419847328,-0.748091603053435,1.98600000000005
-0.9031982421875,0.4320068359375,0.1990966796875,-2.36641221374046,12.763358778626,0.931297709923664,2.43000000000001
-0.918701171875,0.424072265625,0.1893310546875,-5.70992366412214,9.95419847328244,-5.70992366412214,2.43000000000001
-0.908203125,0.4520263671875,0.14794921875,-5.40458015267176,15.7862595419847,-8.54961832061069,2.517
-1.002685546875,0.38427734375,0.1080322265625,-8.36641221374046,23.8320610687023,-6.21374045801527,2.51800000000003
-1.0009765625,0.338623046875,0.0887451171875,-9.09923664122137,18.9770992366412,-8.83969465648855,3.33100000000002
-0.904296875,0.637939453125,0.0189208984375,4.7175572519084,24.5801526717557,16.7328244274809,3.33500000000004
-1.04052734375,0.551025390625,-0.0006103515625,-8.87022900763359,12.7480916030534,-1.43511450381679,3.33500000000004
-0.761962890625,0.40625,0.085205078125,5.0381679389313,9.75572519083969,-22.0458015267176,3.33700000000005
-0.75146484375,0.360595703125,0.0787353515625,4.53435114503817,8.50381679389313,-24.8396946564886,3.33700000000005
-0.7210693359375,0.3818359375,0.0537109375,5.64885496183206,2.56488549618321,-20.6717557251908,3.50999999999999
-0.6182861328125,0.2783203125,0.032470703125,-3.96946564885496,8.82442748091603,1.23664122137405,3.69
-0.969482421875,0.1019287109375,-0.0220947265625,-2.77862595419847,-3.19083969465649,-24.0458015267176,3.69100000000003
-0.9222412109375,0.12548828125,-0.02294921875,-0.824427480916031,-5.23664122137405,-6.77862595419847,3.69100000000003
-0.97900390625,0.1363525390625,-0.024169921875,-0.900763358778626,-1.61832061068702,-8.94656488549618,3.69200000000001
-0.9263916015625,0.1329345703125,-0.0726318359375,-8.38167938931298,-9.34351145038168,-9.2824427480916,3.69300000000004
-0.927978515625,0.2508544921875,0.0665283203125,1.02290076335878,5.40458015267176,4.44274809160305,3.77600000000001
-0.927978515625,0.25048828125,0.06689453125,0.641221374045801,5.75572519083969,4.16793893129771,3.77700000000004
-0.9266357421875,0.2186279296875,0.0675048828125,0.259541984732824,5.74045801526718,4.03053435114504,3.86700000000002
-0.9512939453125,0.215576171875,0.067626953125,-4.93129770992366,4.76335877862595,4.12213740458015,3.87
-0.9317626953125,0.2310791015625,0.0264892578125,-5.6030534351145,4.19847328244275,-11.7862595419847,3.87
-0.935302734375,0.2032470703125,0.02392578125,-5.29770992366412,5.64885496183206,-12.412213740458,3.87100000000004
-0.9755859375,0.2294921875,0.04541015625,-5.81679389312977,0.83969465648855,-12.9160305343511,3.87200000000001
-0.9765625,0.2276611328125,0.0162353515625,-5.55725190839695,0.33587786259542,-12.5648854961832,3.87200000000001
-0.975341796875,0.2269287109375,0.01708984375,-4.85496183206107,-4.62595419847328,-7.75572519083969,3.87299999999999
-0.973876953125,0.2269287109375,0.01806640625,-4.30534351145038,-5.16030534351145,-7.25190839694656,3.87299999999999
-0.9515380859375,0.226806640625,0.017333984375,-1.2824427480916,0.580152671755725,-3.83206106870229,3.95699999999999
-0.9239501953125,0.2281494140625,0.0181884765625,-0.702290076335878,1.26717557251908,-3.6030534351145,3.95800000000003
-0.9478759765625,0.2322998046875,0.043701171875,4.22900763358779,0.916030534351145,0.213740458015267,3.96000000000004
-0.9410400390625,0.2335205078125,0.0443115234375,4.48854961832061,0.977099236641221,0.763358778625954,3.96000000000004
-0.90576171875,0.203125,0.0435791015625,4.44274809160305,1.09923664122137,1.05343511450382,3.96100000000001
-0.902587890625,0.203125,0.0455322265625,4.30534351145038,1.2824427480916,1.31297709923664,3.96100000000001
-0.9024658203125,0.2314453125,0.015625,4.09160305343511,1.64885496183206,1.43511450381679,3.96100000000001
-0.904052734375,0.22802734375,0.016357421875,-0.427480916030534,1.84732824427481,1.26717557251908,3.96200000000005
-0.9376220703125,0.2235107421875,0.0164794921875,-0.763358778625954,1.74045801526718,1.00763358778626,4.04700000000003
-0.9388427734375,0.2193603515625,0.0166015625,-0.900763358778626,1.43511450381679,0.870229007633588,4.048
-0.940673828125,0.185791015625,0.0447998046875,-0.351145038167939,0.809160305343511,0.244274809160305,4.04900000000004
-0.9417724609375,0.220458984375,0.04296875,-0.122137404580153,0.656488549618321,0.0916030534351145,4.04900000000004
-0.93994140625,0.2291259765625,0.0416259765625,3.98473282442748,-3.95419847328244,0.50381679389313,4.05000000000001
-0.9378662109375,0.203125,0.0419921875,3.90839694656489,-4.38167938931298,1.08396946564885,4.05100000000004
-0.904052734375,0.2054443359375,0.0426025390625,-0.183206106870229,-4.83969465648855,1.84732824427481,4.05200000000002
-0.90234375,0.208984375,0.044677734375,-0.213740458015267,-5.34351145038168,-1.16030534351145,4.053
-0.8984375,0.25146484375,0.0447998046875,-0.0916030534351145,-2.90076335877863,4.51908396946565,4.053
-0.894287109375,0.25830078125,0.043701171875,4.45801526717557,-7.90839694656489,5.3587786259542,4.05400000000003
-0.9207763671875,0.236328125,0.0416259765625,4.99236641221374,-9.08396946564885,2.29007633587786,4.13600000000002
-0.9095458984375,0.2474365234375,0.0321044921875,5.6030534351145,-6.59541984732824,3.38931297709924,4.137
-0.87744140625,0.268310546875,-0.000244140625,2.21374045801527,-11.8320610687023,9.43511450381679,4.13800000000003
-0.839111328125,0.2735595703125,0.0338134765625,2.09160305343511,-7.80152671755725,6.13740458015267,4.14000000000004
-0.83251953125,0.27587890625,0.0360107421875,5.83206106870229,-7.26717557251908,6.91603053435114,4.14000000000004
-0.8580322265625,0.2750244140625,0.0377197265625,5.61832061068702,-6.82442748091603,7.63358778625954,4.14000000000004
-0.8541259765625,0.270751953125,0.0435791015625,5.38931297709924,-6.25954198473282,12.3511450381679,4.226
-0.8499755859375,0.295166015625,0.0447998046875,4.44274809160305,-6.62595419847328,12.6106870229008,4.22700000000003
-0.8466796875,0.2838134765625,0.0465087890625,-0.137404580152672,-6.9618320610687,12.5496183206107,4.31700000000001
-0.8099365234375,0.24169921875,0.0406494140625,-0.0305343511450382,-7.70992366412214,12.2748091603053,4.77100000000002
-0.7784423828125,0.2646484375,0.0361328125,4.18320610687023,-10.6259541984733,12.0152671755725,4.77199999999999
-0.7928466796875,0.2572021484375,0.0328369140625,4.83969465648855,-11.5419847328244,11.7404580152672,4.774
-0.7421875,0.2178955078125,-0.0028076171875,5.45038167938931,-16.412213740458,7.57251908396947,4.774
-0.752685546875,0.2093505859375,-0.0054931640625,1.96946564885496,-17.5267175572519,7.48091603053435,4.774
-0.6744384765625,0.1820068359375,-0.0093994140625,2.36641221374046,-19.8473282442748,7.46564885496183,4.95000000000005
-0.648681640625,0.2017822265625,-0.0130615234375,2.93129770992366,-21.0992366412214,7.06870229007634,4.95100000000002
-0.6221923828125,0.1929931640625,0.014892578125,3.45038167938931,-18.3358778625954,6.50381679389313,4.952
-0.598876953125,0.14453125,0.0137939453125,8.24427480916031,-18.3358778625954,7.98473282442748,4.952
-0.4888916015625,0.319091796875,0.023681640625,5.16030534351145,-6.50381679389313,3.00763358778626,5.31100000000004
-0.573974609375,0.345458984375,0.067138671875,4.6412213740458,-8.50381679389313,9.57251908396947,5.31100000000004
-2.892578125,-0.1219482421875,-0.5689697265625,28.5343511450382,25.5419847328244,27.0992366412214,5.31200000000001
-2.8167724609375,-0.3016357421875,-0.4986572265625,-1.69465648854962,14.4732824427481,10.3664122137405,5.31300000000005
-2.6961669921875,-0.5653076171875,-0.464599609375,-5.19083969465649,6.48854961832061,-2.68702290076336,5.31400000000002
-2.3974609375,-0.6339111328125,-0.4732666015625,-0.458015267175573,-2.6412213740458,-38.763358778626,5.39699999999999
-1.2718505859375,-0.5797119140625,-0.223388671875,-17.8778625954198,-45.3740458015267,-78.9923664122137,5.39699999999999
-0.2635498046875,0.0780029296875,0.0238037109375,-12.8702290076336,-24.7022900763359,-7.51145038167939,5.39800000000002
-0.2137451171875,0.083251953125,0.0225830078125,-10.2595419847328,-20.1679389312977,-9.12977099236641,5.85000000000002
-0.225830078125,0.1114501953125,0.0443115234375,-11.618320610687,-16.7328244274809,-8.62595419847328,5.851
-0.5035400390625,0.2542724609375,-0.0419921875,-9.78625954198473,7.54198473282443,-21.4961832061069,5.85200000000003
-1.5303955078125,-0.1220703125,0.2613525390625,-4.90076335877863,-42.6564885496183,45.1450381679389,5.85500000000002
-1.50390625,-0.1202392578125,0.2647705078125,-2.12213740458015,-50.0152671755725,56.4885496183206,5.85599999999999
-1.4249267578125,-0.1663818359375,0.2398681640625,-3.43511450381679,-53.6335877862595,56.7022900763359,6.66000000000003
-1.4180908203125,-0.1884765625,0.2862548828125,-8.45801526717557,-59.4656488549618,64.2442748091603,6.84000000000003
-1.0804443359375,-0.2418212890625,0.4296875,6.67175572519084,-67.7099236641221,73.4961832061069,7.11000000000001
-1.0501708984375,-0.2388916015625,0.4832763671875,7.34351145038168,-61.3282442748092,78.824427480916,7.47000000000003
-1.0294189453125,-0.2376708984375,0.505859375,7.25190839694656,-57.8473282442748,76.5648854961832,7.47200000000004
-1.0216064453125,-0.289794921875,0.49365234375,6.79389312977099,-58.7175572519084,82.0916030534351,7.47200000000004
-0.68701171875,0.8345947265625,0.0592041015625,-9.81679389312977,20.4274809160305,10.9465648854962,7.47300000000001
-0.6961669921875,0.8013916015625,0.0452880859375,-11.3893129770992,18.3053435114504,3.26717557251908,7.47400000000005
-0.677978515625,0.7713623046875,-0.0029296875,-16.3969465648855,25.0381679389313,-0.442748091603053,7.55500000000001
-0.7259521484375,0.744140625,0.0120849609375,-16.8091603053435,23.3587786259542,-4.15267175572519,7.55600000000004
-0.711181640625,0.4849853515625,-0.083251953125,-13.8778625954198,12.381679389313,-17.8625954198473,7.74000000000001
-0.7435302734375,0.5328369140625,0.2998046875,7.31297709923664,11.3893129770992,-54.3053435114504,7.74000000000001
-0.623046875,0.280029296875,0.151123046875,9.45038167938931,22.6106870229008,-49.175572519084,7.74100000000004
-0.7928466796875,0.109375,0.0181884765625,-3.89312977099237,16.0458015267176,-21.7557251908397,7.74200000000002
-0.99560546875,0.0341796875,-0.09033203125,-8.93129770992366,10.9923664122137,-17.4961832061069,7.74200000000002
-1.0345458984375,0.0338134765625,-0.13134765625,-8.80916030534351,16.5038167938931,-16.3358778625954,8.00999999999999
-1.0380859375,-0.0010986328125,-0.118408203125,-8.9618320610687,14.030534351145,-15.8625954198473,8.00999999999999
-1.0631103515625,-0.0023193359375,-0.124267578125,-9.72519083969466,17.9083969465649,-10.381679389313,8.00999999999999
-1.09716796875,0.02734375,-0.1658935546875,-10.1679389312977,19.9847328244275,-5.3587786259542,8.28000000000003
-1.0745849609375,0.0296630859375,-0.169189453125,-12.4732824427481,15.7251908396947,-1.83206106870229,8.28100000000001
-0.9674072265625,0.05078125,-0.1634521484375,-33.6335877862595,9.95419847328244,0.748091603053435,8.28100000000001
-0.9959716796875,0.0736083984375,-0.1241455078125,-39.3893129770992,10.4427480916031,-5.46564885496183,8.28200000000004
-1.033203125,0.07177734375,-0.1131591796875,-40.0916030534351,10.6870229007634,-2.35114503816794,8.82100000000003
-1.0684814453125,0.074951171875,-0.138916015625,-39.7099236641221,12.5954198473282,-2.56488549618321,8.822
-1.06884765625,0.05126953125,-0.1334228515625,-39.3893129770992,7.40458015267176,-2.68702290076336,8.82300000000004
-1.0123291015625,0.089599609375,-0.09912109375,-40,2.70229007633588,-0.748091603053435,8.82400000000001
-1.0224609375,0.156982421875,0.062255859375,-18.824427480916,-15.8320610687023,1.77099236641221,8.82400000000001
-1.0423583984375,0.1671142578125,0.0611572265625,-19.236641221374,-16.4732824427481,4.7175572519084,8.90500000000003
-1.001708984375,0.1649169921875,0.0303955078125,-15.6335877862595,8.82442748091603,8.82442748091603,9.18000000000001
-0.962890625,0.1688232421875,-0.002685546875,-9.11450381679389,-0.50381679389313,-3.29770992366412,9.18100000000004
-0.9840087890625,0.166015625,-0.0078125,-8.6412213740458,-0.442748091603053,-2.99236641221374,9.18200000000002
-0.9815673828125,0.163818359375,-0.01025390625,-8.36641221374046,-0.290076335877863,-3.00763358778626,9.18299999999999
-0.953125,0.12841796875,-0.01904296875,-2.80916030534351,7.87786259541985,-9.69465648854962,9.18400000000003
-0.971923828125,0.22607421875,0.04345703125,2.48854961832061,-7.72519083969466,10.3206106870229,9.54200000000003
-0.93359375,0.2259521484375,0.0430908203125,3.0381679389313,-12.6717557251908,10.9770992366412,9.55100000000004
-0.924560546875,0.2239990234375,0.0419921875,3.6030534351145,-9.90839694656488,11.3129770992366,9.553
-0.953125,0.2225341796875,0.043212890625,8.88549618320611,-10.0152671755725,11.1603053435114,9.55500000000001
-0.94677734375,0.2120361328125,0.04345703125,17.1145038167939,-11.2824427480916,13.0992366412214,9.72000000000003
-0.9033203125,0.216552734375,0.0421142578125,15.3740458015267,-16.2442748091603,12.5496183206107,9.721
-0.624755859375,0.22412109375,-0.008056640625,14.8549618320611,-30.0763358778626,15.2671755725191,10.351
-0.5609130859375,0.216552734375,-0.0086669921875,15.0992366412214,-35.969465648855,18.3053435114504,10.71
-0.5660400390625,0.2127685546875,-0.0015869140625,13.8320610687023,-31.236641221374,23.6793893129771,10.711
-0.5166015625,0.229248046875,0.039306640625,16.1374045801527,-29.6793893129771,24.3664122137405,10.712
-0.5333251953125,0.301025390625,0.10546875,17.587786259542,-26.3664122137405,17.3282442748092,10.713
-0.5787353515625,0.85400390625,0.192626953125,15.1603053435114,3.29770992366412,-4.30534351145038,10.715
-0.7041015625,0.860107421875,0.213623046875,10.9312977099237,9.69465648854962,-4.90076335877863,10.891
-0.8175048828125,0.912353515625,0.26513671875,10.2442748091603,12.6259541984733,-5.52671755725191,10.892
-0.866455078125,0.9158935546875,0.291748046875,11.9389312977099,13.4198473282443,-2.36641221374046,11.069
-2.2398681640625,0.19677734375,0.271728515625,31.6641221374046,-16.6564885496183,-46.5801526717557,11.252
-1.55859375,-0.534423828125,-0.005615234375,44.2748091603053,-26.2442748091603,-29.8778625954198,11.253
-0.941650390625,-0.0472412109375,0.2188720703125,23.2213740458015,-47.7099236641221,78.6717557251908,11.253
-0.881591796875,0.27392578125,0.1439208984375,48.793893129771,1.75572519083969,47.9847328244275,11.253
-0.8424072265625,0.352294921875,0.14208984375,45.6641221374046,4.13740458015267,41.8167938931298,11.254
-0.8387451171875,0.386474609375,0.1502685546875,45.6335877862595,5.80152671755725,43.3587786259542,11.43
-0.8428955078125,0.4609375,0.1903076171875,47.1297709923664,8.10687022900763,40.2748091603053,11.431
-0.5205078125,0.7235107421875,0.3184814453125,63.2824427480916,-17.618320610687,22.9312977099237,11.431
-0.4949951171875,0.72802734375,0.267578125,57.3740458015267,-14.030534351145,22.6259541984733,11.431
-0.510009765625,0.9119873046875,0.1832275390625,48.1221374045802,25.0839694656489,1.41984732824427,11.432
-0.8040771484375,0.5654296875,-0.2017822265625,-9.6793893129771,18.9923664122137,-35.6488549618321,11.517
-0.8759765625,0.26611328125,-0.1146240234375,-20.9923664122137,-1.74045801526718,-29.587786259542,11.518
-0.874755859375,0.24462890625,-0.097412109375,-17.7557251908397,4.59541984732824,-32.9618320610687,11.518
-0.8929443359375,0.2529296875,-0.1014404296875,-14.8702290076336,-1.11450381679389,-31.7251908396947,11.607
-0.9097900390625,0.2640380859375,-0.082275390625,-16.412213740458,0.778625954198473,-31.4809160305344,11.79
-0.860595703125,0.4476318359375,-0.12109375,-24.5496183206107,-0.854961832061069,-34.7786259541985,11.79
-0.9805908203125,0.7835693359375,-0.0238037109375,-30.0763358778626,19.8320610687023,-22.7175572519084,11.969
-0.9588623046875,0.7421875,-0.0413818359375,-35.6641221374046,19.5267175572519,-27.4656488549618,11.97
-1.0447998046875,0.709716796875,-0.01123046875,-36.793893129771,22.5038167938931,-27.8931297709924,11.971
-1.026123046875,0.728271484375,-0.0030517578125,-35.4503816793893,22.2290076335878,-22.5190839694656,11.972
-0.9853515625,0.6767578125,-0.015380859375,-27.6641221374046,8.70229007633588,-22.6717557251908,12.151
-1.039794921875,0.668701171875,-0.0054931640625,-22.4274809160305,3.06870229007634,-24.8549618320611,12.152
-1.04443359375,0.6177978515625,-0.0045166015625,-24.5343511450382,4.53435114503817,-19.0076335877863,12.601
-0.994873046875,0.6363525390625,-0.00390625,-18.2442748091603,0.320610687022901,-20.3969465648855,13.23
-0.9825439453125,0.40283203125,0.046142578125,-1.2824427480916,-4.61068702290076,-28.2137404580153,13.233
-1.0029296875,0.2843017578125,0.09033203125,8.93129770992366,-18.2748091603053,-17.969465648855,13.234
-0.925537109375,0.2708740234375,0.1337890625,6.9618320610687,-12.763358778626,-12.1984732824427,13.317
-0.648681640625,0.1798095703125,0.0096435546875,1.46564885496183,-11.7404580152672,-4.0763358778626,13.587
-0.66748046875,0.198974609375,0.00244140625,0.900763358778626,-6.68702290076336,0.213740458015267,13.588
-0.66015625,0.18798828125,-0.035400390625,0.824427480916031,-9.45038167938931,0.549618320610687,13.946
-0.6678466796875,0.19091796875,-0.0462646484375,-0.961832061068702,-2.45801526717557,1.09923664122137,14.035
-0.8486328125,0.114013671875,-0.1083984375,7.16030534351145,3.40458015267176,-23.7557251908397,14.035
-0.91552734375,0.161376953125,0.0657958984375,4,-7.43511450381679,-14.9312977099237,14.22
-0.986083984375,0.174072265625,0.200927734375,-5.95419847328244,4.03053435114504,-0.656488549618321,14.22
-0.93896484375,0.226806640625,0.0458984375,-5.45038167938931,-3.6030534351145,4.99236641221374,14.221
-0.9395751953125,0.22705078125,0.0435791015625,-5.25190839694656,-3.12977099236641,4.65648854961832,14.222
-0.9437255859375,0.2288818359375,0.0389404296875,-5.19083969465649,-2.45801526717557,4.24427480916031,14.222
-0.5684814453125,0.2432861328125,0.0618896484375,8.18320610687023,-28.5496183206107,6.56488549618321,14.308
-0.6458740234375,0.2515869140625,0.1192626953125,-3.51145038167939,-5.41984732824428,4.35114503816794,14.308
-0.5892333984375,0.3822021484375,0.087646484375,0.16793893129771,-20.2137404580153,14.9923664122137,14.397
-0.9705810546875,0.5457763671875,0.202880859375,7.81679389312977,3.86259541984733,-15.7709923664122,14.76
-2.0885009765625,0.3399658203125,0.2490234375,38.2900763358779,47.3129770992366,-35.0687022900763,14.76
-1.4443359375,-0.8753662109375,-0.4251708984375,-13.4961832061069,37.5572519083969,-149.81679389313,14.761
-1.3680419921875,-0.8580322265625,-0.43408203125,-20.4427480916031,36.763358778626,-153.587786259542,14.762
-1.3326416015625,-0.768798828125,-0.4801025390625,-23.4351145038168,26.6870229007634,-150.870229007634,14.763
-1.161376953125,-0.7462158203125,-0.463134765625,-40.4885496183206,10.4732824427481,-143.053435114504,14.847
-1.06884765625,-0.7540283203125,-0.4642333984375,-48.0152671755725,5.89312977099237,-138.900763358779,14.938
-0.8167724609375,-0.468505859375,-0.31787109375,-62.2137404580153,9.90839694656488,-73.1450381679389,14.939
-0.788330078125,-0.4228515625,-0.2957763671875,-57.2977099236641,12.8091603053435,-61.9389312977099,14.939
-0.7625732421875,-0.4207763671875,-0.243408203125,-59.7404580152672,6.7175572519084,-53.0839694656489,14.94
-0.997802734375,-0.42333984375,0.017822265625,-24.0763358778626,-30.5190839694656,29.4503816793893,14.941
-1.0118408203125,-0.40673828125,0.035888671875,-25.3435114503817,-35.0687022900763,37.4656488549618,14.941
-0.9847412109375,-0.3607177734375,-0.00439453125,-23.0076335877863,-39.6488549618321,44.0152671755725,14.941
-0.9656982421875,-0.3543701171875,-0.0126953125,-26.9007633587786,-38.0458015267176,48.1832061068702,14.942
-0.9774169921875,-0.3092041015625,-0.007080078125,-29.8625954198473,-37.7862595419847,48.7022900763359,15.121
-0.9893798828125,-0.3245849609375,0.185791015625,-47.0534351145038,-37.4503816793893,47.8320610687023,15.122
-0.873046875,-0.341552734375,0.199462890625,-41.6793893129771,-48.0610687022901,42.4427480916031,15.123
-1.124755859375,-0.281494140625,0.0770263671875,-10.824427480916,4.59541984732824,43.1145038167939,15.124
-1.1446533203125,-0.2476806640625,0.0191650390625,-11.3282442748092,1.45038167938931,43.6641221374046,15.125
-1.154541015625,-0.241943359375,-0.004638671875,-11.6946564885496,-2.22900763358779,44.0916030534351,15.48
-1.1627197265625,-0.2587890625,-0.0439453125,-15.6488549618321,-9.75572519083969,44.5954198473282,15.48
-1.177490234375,-0.2513427734375,-0.024658203125,-11.6793893129771,-13.6793893129771,42.2900763358779,15.483
-1.185791015625,-0.2093505859375,-0.0301513671875,-11.2213740458015,-11.6030534351145,48.2595419847328,15.484
-1.1805419921875,-0.2230224609375,-0.0657958984375,-10.3053435114504,-14.1832061068702,51.0992366412214,15.485
-0.9085693359375,0.016845703125,0.23486328125,11.6488549618321,-60.8702290076336,78.9160305343512,15.66
-0.8310546875,0.0494384765625,0.2825927734375,14.9770992366412,-65.2213740458015,79.2213740458015,15.661
-0.704833984375,0.11376953125,0.292236328125,18.824427480916,-71.3435114503817,77.9236641221374,15.661
-0.6981201171875,0.1676025390625,0.2767333984375,20.8702290076336,-67.206106870229,79.4351145038168,15.662
-0.692138671875,0.1884765625,0.2978515625,14.3664122137405,-56.7022900763359,72.9007633587786,15.663
-0.7254638671875,0.3968505859375,0.3626708984375,-25.2977099236641,1.2824427480916,33.7251908396947,15.747
-0.709228515625,0.4345703125,0.4010009765625,33.0229007633588,2,0.854961832061069,15.836
-0.6976318359375,0.4251708984375,0.407958984375,39.6946564885496,4.42748091603053,-4.38167938931298,15.837
-0.6776123046875,0.448486328125,0.36376953125,43.0992366412214,12.2900763358779,-3.64885496183206,16.021
-0.7113037109375,0.4508056640625,0.3880615234375,47.3587786259542,20.5648854961832,-6.7175572519084,16.021
-0.849609375,0.4322509765625,0.2340087890625,37.5572519083969,10.3053435114504,-8.9618320610687,16.022
-0.806640625,0.451416015625,0.1802978515625,41.6488549618321,13.5114503816794,-6.85496183206107,16.022
-0.8070068359375,0.4044189453125,0.19287109375,47.0229007633588,13.6488549618321,-9.89312977099237,16.022
-0.845703125,0.390625,0.144775390625,48.7175572519084,9.77099236641221,-17.5267175572519,16.2
-0.797607421875,0.40869140625,0.135986328125,52.5038167938931,6.94656488549618,-24.824427480916,16.47
-0.7728271484375,0.31982421875,0.063720703125,52.4274809160305,8.85496183206107,-40.2900763358779,16.47
-0.8228759765625,0.2742919921875,0.0225830078125,52.2595419847328,9.48091603053435,-40.3358778625954,16.471
-0.8857421875,0.25341796875,-0.04541015625,21.7862595419847,-3.12977099236641,-24.2290076335878,16.472
-0.8870849609375,0.2113037109375,-0.07568359375,21.8625954198473,-2.73282442748092,-23.8015267175573,17.1
-1.05712890625,0.5147705078125,0.172607421875,36.8549618320611,12.4427480916031,44.5954198473282,17.55
-1.08251953125,0.5498046875,0.1826171875,34.1221374045802,9.6030534351145,55.206106870229,17.551
-1.0833740234375,0.634765625,0.217529296875,35.1908396946565,1.49618320610687,63.6641221374046,17.552
-1.017578125,0.69921875,0.2596435546875,25.0381679389313,-22,72.1068702290076,17.553
-0.7987060546875,0.6356201171875,0.316162109375,4.42748091603053,-4.41221374045802,-6.04580152671756,17.553
-0.9844970703125,0.5498046875,0.155517578125,-5.72519083969466,19.8778625954198,-26.5648854961832,17.637
-0.902587890625,0.4393310546875,0.14697265625,-9.40458015267176,9.25190839694656,-29.4198473282443,17.728
-0.8743896484375,0.403076171875,0.1455078125,-3.41984732824427,8.36641221374046,-29.9541984732824,17.729
-0.863037109375,0.3980712890625,0.146240234375,-2.58015267175573,8.53435114503817,-30.412213740458,17.732
-0.7935791015625,0.302978515625,0.1422119140625,5.26717557251908,9.34351145038168,-29.4351145038168,17.732
-0.9010009765625,0.118408203125,-0.084716796875,-4.80916030534351,-9.37404580152672,4.93129770992366,17.733
-1.0201416015625,0.1474609375,0.1517333984375,-13.6946564885496,-1.40458015267176,5.09923664122137,17.733
-1.045166015625,0.1444091796875,0.15185546875,-14.4885496183206,0.534351145038168,5.09923664122137,17.734
-1.0352783203125,0.14111328125,0.150390625,-14.6870229007634,-4.42748091603053,4.93129770992366,17.734
-0.9888916015625,0.1702880859375,0.146728515625,-14.6412213740458,-5.41984732824428,4.70229007633588,17.735
-0.952392578125,0.1646728515625,0.1148681640625,-11.2671755725191,5.54198473282443,0.0916030534351145,17.735
-0.95068359375,0.1671142578125,0.110595703125,-10.2595419847328,2.22900763358779,0.274809160305344,17.735
-0.9808349609375,0.16943359375,0.1270751953125,-5.96946564885496,2.53435114503817,5.0381679389313,17.91
-0.9754638671875,0.167724609375,0.1253662109375,-8.74809160305344,4.73282442748092,5.09923664122137,17.91
-0.974853515625,0.1636962890625,0.1258544921875,-8.50381679389313,-0.0916030534351145,4.30534351145038,17.912
-0.979736328125,0.161865234375,0.125,-7.90839694656489,-0.50381679389313,-0.580152671755725,17.913
-0.98046875,0.1632080078125,0.1251220703125,-2.36641221374046,-1.45038167938931,-1.89312977099237,18.092
-0.9796142578125,0.165283203125,0.125,-5.45038167938931,-1.87786259541985,1.3587786259542,18.093
-0.9779052734375,0.1678466796875,0.0919189453125,-4.67175572519084,1.61832061068702,0.900763358778626,18.093
-0.9744873046875,0.1695556640625,0.0888671875,-4.13740458015267,1.08396946564885,0.595419847328244,18.094
-0.9736328125,0.1690673828125,0.0880126953125,0.488549618320611,1.20610687022901,0.427480916030534,18.095
-0.979248046875,0.16796875,0.0872802734375,0.931297709923664,1.75572519083969,0.152671755725191,18.54
-0.9547119140625,0.1666259765625,0.08642578125,1.45038167938931,-1.6793893129771,0.16793893129771,18.54
-0.9449462890625,0.1375732421875,0.075927734375,4.97709923664122,-0.595419847328244,-4.83969465648855,18.547
-0.944091796875,0.1400146484375,0.07177734375,2.10687022900763,4.54961832061069,-2.06106870229008,18.548
-0.9407958984375,0.110595703125,0.067138671875,2.3206106870229,5.05343511450382,-2.44274809160305,18.549
-0.957763671875,0.1646728515625,0.0430908203125,4.29007633587786,5.34351145038168,-5.31297709923664,18.627
-0.9677734375,0.17041015625,0.04443359375,4.21374045801527,5.54198473282443,-4.74809160305344,18.628
-1.00048828125,0.1414794921875,0.0440673828125,-0.0305343511450382,4.62595419847328,1.06870229007634,18.629
-1.0006103515625,0.1436767578125,0.0439453125,-0.290076335877863,-0.0916030534351145,-1.63358778625954,18.63
-0.96728515625,0.1466064453125,0.041748046875,-0.50381679389313,-0.977099236641221,-0.33587786259542,18.63
-0.947509765625,0.2080078125,0.0650634765625,-11.9541984732824,4.62595419847328,9.89312977099237,18.631
-0.867919921875,0.259765625,0.0096435546875,8.48854961832061,0.33587786259542,3.06870229007634,18.632
-0.861083984375,0.258544921875,0.0079345703125,3.83206106870229,-3.9236641221374,2.80916030534351,18.999
-0.8614501953125,0.255615234375,0.0086669921875,2.09160305343511,-4.06106870229008,2.6412213740458,19
-0.86181640625,0.25244140625,0.00732421875,5.23664122137405,-4.12213740458015,2.53435114503817,19.005
-0.8905029296875,0.2169189453125,0.0146484375,-1.46564885496183,-8.56488549618321,9.57251908396947,19.005
-0.8846435546875,0.2518310546875,-0.0150146484375,-0.931297709923664,-9.6030534351145,6.7175572519084,19.006
-0.87744140625,0.2574462890625,0.0150146484375,-0.412213740458015,-6.70229007633588,7.6793893129771,19.26
-0.8372802734375,0.2620849609375,0.0126953125,-0.229007633587786,-7.81679389312977,12.412213740458,19.347
-0.844970703125,0.262939453125,0.0107421875,-0.458015267175573,-9.95419847328244,13.4809160305344,19.348
-0.802978515625,0.25927734375,0.010498046875,-1.49618320610687,-10.7022900763359,13.5267175572519,19.349
-0.822021484375,0.2530517578125,0.0101318359375,1.84732824427481,-11.4809160305344,13.5572519083969,19.53
-0.77294921875,0.2152099609375,0.01025390625,1.64885496183206,-16.2290076335878,13.6488549618321,19.531
-0.3563232421875,0.3919677734375,0.0723876953125,13.1145038167939,7.51145038167939,17.8931297709924,19.71
-0.338134765625,0.4346923828125,0.0625,10.0610687022901,10.1221374045802,19.6335877862595,19.713
-0.3670654296875,0.5037841796875,0.01806640625,10.1679389312977,16.7175572519084,14.7328244274809,19.714
-0.5013427734375,0.5679931640625,0.0364990234375,13.618320610687,19.6030534351145,21.4351145038168,19.714
-0.698486328125,0.4202880859375,0.1468505859375,-40.9465648854962,-7.72519083969466,-91.4198473282443,19.716
-0.82080078125,0.4202880859375,0.1468505859375,-29.5419847328244,10.1526717557252,-98.9465648854962,20.069
-2.574462890625,0.2210693359375,-0.06591796875,6.3969465648855,19.6946564885496,-83.7404580152672,20.07
-2.5780029296875,0.22802734375,-0.0804443359375,12.0916030534351,6.6412213740458,-51.5572519083969,20.071
-1.631591796875,-0.779052734375,-0.16650390625,7.32824427480916,-18.7022900763359,-39.4503816793893,20.072
-0.9117431640625,-0.5643310546875,-0.280029296875,-31.969465648855,-6.13740458015267,-73.6793893129771,20.072
-0.8033447265625,0.0743408203125,0.0872802734375,-25.2824427480916,-4.06106870229008,-0.274809160305344,20.432
-0.8458251953125,0.031005859375,0.125244140625,-26.2442748091603,0.259541984732824,2.12213740458015,20.433
-0.917236328125,0.0445556640625,0.1220703125,-29.8625954198473,-0.809160305343511,3.75572519083969,20.614
-0.93017578125,-0.0037841796875,0.1697998046875,-39.3435114503817,9.16030534351145,6.54961832061069,20.617
-1.0096435546875,0.00927734375,0.1510009765625,-40.9312977099237,7.38931297709924,7.55725190839695,20.697
-1.365966796875,-0.3232421875,0.118408203125,-21.6641221374046,-12.6717557251908,21.1450381679389,20.698
-1.0716552734375,-0.417724609375,-0.074951171875,-4,-25.8167938931298,40.7175572519084,20.699
-1.0225830078125,-0.382568359375,-0.0743408203125,-1.6030534351145,-33.6641221374046,45.9847328244275,20.7
-1.0352783203125,-0.3765869140625,-0.0701904296875,1.69465648854962,-40.9312977099237,50.1984732824427,20.701
-0.9974365234375,-0.3428955078125,-0.0267333984375,0.641221374045801,-38.9618320610687,53.8167938931298,20.701
-0.9410400390625,0.197998046875,0.12841796875,1.9236641221374,-45.7862595419847,21.236641221374,20.702
-0.744140625,0.2042236328125,0.184326171875,-6.50381679389313,-43.236641221374,10.7022900763359,20.702
-0.6348876953125,0.3719482421875,0.4910888671875,-27.7251908396947,-12.4732824427481,20.7786259541985,20.703
-0.628662109375,0.4080810546875,0.495849609375,-26.1221374045802,-6.16793893129771,18.4580152671756,20.704
-0.808349609375,0.4527587890625,0.48681640625,-25.4809160305344,30.1221374045802,15.0839694656489,20.705
-0.8502197265625,0.44384765625,0.5115966796875,-25.4656488549618,30.0458015267176,11.6946564885496,20.881
-0.841796875,0.41650390625,0.505126953125,-28.4885496183206,29.9083969465649,3.23664122137405,20.882
-0.8819580078125,0.40625,0.4664306640625,-23.1908396946565,29.4656488549618,-0.885496183206107,20.884
-0.859619140625,0.3677978515625,0.4564208984375,-25.3893129770992,33.0839694656489,-4.62595419847328,20.886
-0.8729248046875,0.36083984375,0.453369140625,-23.6946564885496,29.3435114503817,-3.83206106870229,20.886
-0.91748046875,0.3739013671875,0.4559326171875,-14.5648854961832,31.7404580152672,-7.80152671755725,20.967
-0.9163818359375,0.407470703125,0.483154296875,-16.4732824427481,25.9236641221374,-12.6412213740458,20.967
-0.9122314453125,0.373291015625,0.453125,-11.4198473282443,27.7709923664122,-13.5267175572519,20.968
-0.9072265625,0.39794921875,0.510498046875,-12.412213740458,18.9770992366412,-15.7709923664122,20.969
-0.8651123046875,0.39794921875,0.510498046875,-7.38931297709924,15.4961832061069,-15.969465648855,20.97
-0.8787841796875,0.3961181640625,0.4871826171875,-6.82442748091603,11.6641221374046,-11.2977099236641,20.971
-0.8846435546875,0.5037841796875,0.585205078125,5.78625954198473,-2.70229007633588,4.56488549618321,20.972
-0.8052978515625,0.5093994140625,0.6077880859375,3.37404580152672,-8.38167938931298,4.45801526717557,20.973
-0.784423828125,0.5111083984375,0.549072265625,8.90076335877863,-8.30534351145038,-0.0610687022900763,21.056
-0.688232421875,0.5111083984375,0.56787109375,13.3282442748092,1.49618320610687,0.885496183206107,21.057
-0.7525634765625,0.4642333984375,0.4652099609375,25.3282442748092,29.8473282442748,-16.030534351145,21.147
-0.712158203125,0.4671630859375,0.4781494140625,23.0839694656489,26.6412213740458,-14.0152671755725,21.148
-0.7340087890625,0.466796875,0.426025390625,22.5648854961832,29.0687022900763,-14.6259541984733,21.149
-0.6854248046875,0.4658203125,0.4010009765625,21.5267175572519,27.4351145038168,-15.0534351145038,21.152
-0.64697265625,0.4747314453125,0.37939453125,23.4961832061069,22.030534351145,-15.5114503816794,21.153
-0.6700439453125,0.423095703125,0.3558349609375,13.8320610687023,21.7557251908397,-21.1603053435114,21.154
-0.6693115234375,0.4000244140625,0.3060302734375,10.9923664122137,22.4732824427481,-18.3206106870229,21.155
-0.6676025390625,0.40673828125,0.319580078125,12.5343511450382,22.7175572519084,-19.4656488549618,21.156
-0.6611328125,0.383544921875,0.2845458984375,6.90076335877863,22.3664122137405,-24.5954198473282,21.157
-0.6624755859375,0.297119140625,0.2357177734375,9.19083969465649,22.030534351145,-23.2977099236641,21.16
-0.7196044921875,0.16943359375,0.12744140625,0.717557251908397,31.4656488549618,-22.5190839694656,21.237
-0.7081298828125,0.1390380859375,0.0897216796875,0.625954198473282,31.4045801526718,-21.5725190839695,21.238
-0.7362060546875,0.052001953125,0.1077880859375,-0.641221374045801,29.0687022900763,-18.9923664122137,21.601
-0.785400390625,0.02783203125,0.10302734375,5.81679389312977,28.1374045801527,-21.4045801526718,21.687
-0.7745361328125,0.040771484375,0.0982666015625,9.32824427480916,23.2519083969466,-19.587786259542,21.688
-0.8134765625,0.0125732421875,0.0567626953125,13.5725190839695,22.0458015267176,-17.0992366412214,21.689
-0.8287353515625,-0.0323486328125,0.05419921875,23.4809160305344,18.412213740458,-6.38167938931298,21.69
-0.8350830078125,-0.0458984375,0.051513671875,29.1297709923664,15.5114503816794,-2.27480916030534,21.691
-0.8388671875,-0.0277099609375,0.075927734375,31.2519083969466,16.4885496183206,1.81679389312977,21.962
-0.890625,-0.0498046875,0.0281982421875,37.4809160305344,12.763358778626,9.52671755725191,21.97
-0.911865234375,-0.0545654296875,0.0169677734375,50.4885496183206,12.2748091603053,12.9923664122137,21.972
-0.900146484375,-0.0498046875,0.031494140625,57.4351145038168,11.9236641221374,16.5038167938931,21.973
-0.7933349609375,0.4937744140625,-0.072509765625,83.4809160305343,-10.4427480916031,88.5496183206107,21.974
-0.90087890625,0.6875,-0.0528564453125,20.5038167938931,18.9618320610687,36.7480916030534,22.139
-0.9820556640625,0.6551513671875,-0.067138671875,17.4045801526718,23.6030534351145,30.7022900763359,22.139
-0.9888916015625,0.687744140625,-0.0218505859375,11.2213740458015,17.9847328244275,29.5419847328244,22.227
-1.033447265625,0.7010498046875,0.006103515625,13.4198473282443,12.9770992366412,29.4656488549618,22.227
-0.986572265625,0.687255859375,0.010498046875,12.793893129771,8.70229007633588,30.2900763358779,22.229
-0.53369140625,0.9339599609375,0.003662109375,-5.16030534351145,13.5725190839695,-4.91603053435114,22.23
-0.493896484375,0.9224853515625,-0.0185546875,-4.70229007633588,9.89312977099237,-2.41221374045802,22.231
-0.4942626953125,0.9385986328125,-0.058349609375,-4.47328244274809,10.0916030534351,-2.80916030534351,22.231
-0.4664306640625,0.9400634765625,-0.1043701171875,0.519083969465649,15.1603053435114,-8.04580152671756,22.232
-0.5118408203125,0.9410400390625,-0.0799560546875,0.351145038167939,18.5190839694656,-8.77862595419847,22.233
-0.6141357421875,0.949951171875,-0.17626953125,1.00763358778626,7.72519083969466,-16.4274809160305,22.234
-0.645263671875,0.9481201171875,-0.155517578125,1.40458015267176,7.05343511450382,-16.9618320610687,22.235
-0.5589599609375,0.99951171875,-0.054931640625,10.0763358778626,-13.1450381679389,-3.25190839694656,22.499
-0.555908203125,1.028564453125,-0.0716552734375,13.0534351145038,-8.01526717557252,-8.47328244274809,22.501
-0.5576171875,1.064208984375,-0.0648193359375,7.37404580152672,-2.13740458015267,-9.45038167938931,22.587
-0.553955078125,1.0633544921875,-0.03076171875,9.06870229007634,-4.99236641221374,-6.6412213740458,22.587
-0.57763671875,1.02490234375,-0.0645751953125,2.59541984732824,-4.48854961832061,-12,22.588
-0.520751953125,0.990966796875,-0.0780029296875,-0.33587786259542,-4.35114503816794,-9.86259541984733,22.589
-0.5447998046875,0.968017578125,-0.048583984375,-2.36641221374046,1.63358778625954,-19.5572519083969,22.589
-0.545166015625,0.9765625,-0.0472412109375,-8.53435114503817,-0.0763358778625954,-19.3129770992366,22.59
-0.5198974609375,0.92578125,-0.0762939453125,-6.0763358778626,2.0763358778626,-22.7328244274809,22.59
-0.5281982421875,0.9185791015625,-0.0670166015625,-7.22137404580153,7.89312977099237,-32.1374045801527,22.59
-0.533203125,0.63671875,-0.048583984375,-3.74045801526718,-1.05343511450382,-49.4503816793893,22.591
-0.4951171875,0.661376953125,-0.067626953125,5.0381679389313,-3.74045801526718,-36.3511450381679,22.591
-0.50927734375,0.657958984375,-0.0640869140625,-0.183206106870229,-2.27480916030534,-29.8931297709924,22.86
-0.545166015625,0.556396484375,-0.0509033203125,-3.95419847328244,-4.19847328244275,-27.3740458015267,22.86
-0.5364990234375,0.5731201171875,-0.0543212890625,-4.7175572519084,-5.11450381679389,-22.6717557251908,22.861
-0.5338134765625,0.5267333984375,-0.05712890625,-5.63358778625954,-5.23664122137405,-22.5648854961832,22.862
-0.5350341796875,0.4947509765625,-0.09423828125,-3.58778625954198,-4.35114503816794,-22.9312977099237,22.863
-0.5374755859375,0.5096435546875,-0.09912109375,-8.25954198473282,0.381679389312977,-23.4351145038168,23.13
-0.5408935546875,0.4654541015625,-0.1053466796875,-8.62595419847328,1.41984732824427,-27.9541984732824,23.133
-0.545166015625,0.455322265625,-0.080810546875,-8.91603053435115,-1.25190839694656,-28.6259541984733,23.133
-0.56982421875,0.42724609375,-0.08154296875,-6.82442748091603,2.56488549618321,-27.1145038167939,23.133
-0.5955810546875,0.443359375,-0.108642578125,-11.8167938931298,8.83969465648855,-32.7022900763359,23.133
-0.5927734375,0.3973388671875,-0.104248046875,-12.8854961832061,6.56488549618321,-30.0916030534351,23.31
-0.869384765625,0.3883056640625,-0.15869140625,-10.3664122137405,3.48091603053435,-13.5725190839695,23.31
-0.8878173828125,0.3612060546875,-0.171875,-9.95419847328244,5.84732824427481,-10.0763358778626,23.31
-0.877685546875,0.3682861328125,-0.15478515625,-9.84732824427481,2.44274809160305,-10.9770992366412,23.311
-0.842529296875,0.407470703125,-0.1961669921875,-9.93893129770992,7.81679389312977,-16.0916030534351,23.311
-0.8541259765625,0.413330078125,-0.17822265625,-20.6259541984733,9.95419847328244,-17.9847328244275,23.397
-0.9375,0.4129638671875,-0.14111328125,-20.1984732824427,-0.137404580152672,-25.1297709923664,23.398
-0.95458984375,0.400146484375,-0.167236328125,-20.3969465648855,0.809160305343511,-20.9312977099237,23.399
-0.984375,0.437744140625,-0.1612548828125,-20.7022900763359,-4.38167938931298,-14.8396946564886,23.4
-0.975341796875,0.4429931640625,-0.1234130859375,-20.8854961832061,-5.23664122137405,-16.5496183206107,23.401
-0.905029296875,0.4755859375,-0.068115234375,-19.0381679389313,-5.52671755725191,-7.98473282442748,23.401
-0.74560546875,0.5015869140625,-0.004150390625,-28.9618320610687,-3.11450381679389,3.51145038167939,23.401
-0.7630615234375,0.466552734375,-0.0023193359375,-29.236641221374,-4.99236641221374,3.23664122137405,23.402
-0.7530517578125,0.464111328125,-0.0030517578125,-25.4503816793893,1.20610687022901,2.88549618320611,23.402
-0.70361328125,0.455078125,-0.00244140625,-26.3664122137405,5.54198473282443,5.75572519083969,23.403
-0.7464599609375,0.46240234375,0.0216064453125,-23.206106870229,16.0458015267176,4.0763358778626,23.581
-0.7957763671875,0.512939453125,0.0194091796875,-22.2290076335878,16.4580152671756,4.67175572519084,23.582
-0.8184814453125,0.4932861328125,0.0206298828125,-24.6259541984733,15.5725190839695,5.08396946564886,23.582
-0.8482666015625,0.5364990234375,0.0234375,-24.0152671755725,21.3740458015267,5.3587786259542,23.584
-0.881103515625,0.5460205078125,0.030029296875,-23.6946564885496,18.8396946564886,2.01526717557252,23.584
-0.9468994140625,0.563720703125,0.0648193359375,-19.2824427480916,19.5267175572519,3.34351145038168,23.667
-0.9754638671875,0.5711669921875,0.0689697265625,-19.0687022900763,18.7786259541985,7.81679389312977,23.668
-0.967529296875,0.5767822265625,0.073486328125,-18.9770992366412,21.2977099236641,8.19847328244275,23.668
-1.015625,0.5517578125,0.0511474609375,-18.9160305343511,15.4503816793893,8.47328244274809,23.85
-1.0155029296875,0.548828125,0.0538330078125,-19.3587786259542,13.6030534351145,8.7175572519084,23.85
-0.9664306640625,0.57373046875,0.0555419921875,-23.7404580152672,6.3969465648855,8.56488549618321,23.936
-0.797607421875,0.459228515625,0.0753173828125,-23.2519083969466,5.6793893129771,-12.5190839694656,23.937
-0.7762451171875,0.4827880859375,0.0689697265625,-23.3893129770992,5.66412213740458,-13.4809160305344,23.938
-0.7396240234375,0.43603515625,0.0670166015625,-27.6641221374046,3.00763358778626,-11.0076335877863,23.94
-0.7645263671875,0.4322509765625,0.0672607421875,-27.5114503816794,8.67175572519084,-11.6641221374046,23.941
-0.7359619140625,0.47705078125,0.0521240234375,-22.7328244274809,12.9465648854962,-9.75572519083969,23.941
-0.7432861328125,0.45458984375,0.0560302734375,-17.7404580152672,13.5419847328244,-8.59541984732824,23.942
-0.78564453125,0.464599609375,0.0589599609375,-20.4427480916031,10.0458015267176,-3.29770992366412,23.943
-0.8634033203125,0.544189453125,0.1075439453125,-10.8396946564886,6.97709923664122,2.9618320610687,23.944
-0.85595703125,0.5283203125,0.0487060546875,-8.51908396946565,8.3969465648855,-14.3053435114504,23.945
-0.852783203125,0.4864501953125,0.07763671875,-9.69465648854962,9.25190839694656,-21.3587786259542,23.946
-0.859375,0.4698486328125,0.038330078125,-12.8549618320611,16.030534351145,-26.4885496183206,24.12
-0.8297119140625,0.4334716796875,0.03857421875,-10.5954198473282,16.5190839694656,-26.9007633587786,24.122
-0.8306884765625,0.4471435546875,0.0360107421875,-16.1984732824427,16.6564885496183,-27.1908396946565,24.123
-0.834716796875,0.4384765625,0.032470703125,-14.7328244274809,17.3129770992366,-31.5419847328244,24.123
-0.8765869140625,0.4000244140625,-0.0029296875,-15.3740458015267,14.412213740458,-31.8167938931298,24.123
-0.8880615234375,0.397216796875,-0.008056640625,-15.5267175572519,15.2977099236641,-31.5725190839695,24.207
-0.8741455078125,0.3988037109375,0.013916015625,-15.4809160305344,19.7709923664122,-27.1297709923664,24.208
-0.9122314453125,0.3994140625,0.0103759765625,-19.6488549618321,20.3969465648855,-25.7862595419847,24.21
-0.9183349609375,0.39990234375,0.0078125,-19.969465648855,20.6259541984733,-28.8702290076336,24.211
-0.8931884765625,0.39892578125,0.005615234375,-20.5190839694656,20.763358778626,-28.0610687022901,24.213
-0.9014892578125,0.41796875,0.00244140625,-21.2977099236641,20.6717557251908,-23.3893129770992,24.213
-0.91943359375,0.376708984375,-0.0450439453125,-16.5038167938931,12.5954198473282,-20.8091603053435,24.213
-0.91015625,0.3431396484375,-0.015869140625,-16.3206106870229,6.79389312977099,-19.618320610687,24.214
-0.8734130859375,0.3382568359375,-0.046875,-16.4580152671756,9.3587786259542,-14.9923664122137,24.214
-0.873779296875,0.353515625,-0.0167236328125,-16.5648854961832,7.57251908396947,-13.9236641221374,24.214
-0.9102783203125,0.3536376953125,-0.0654296875,-2.9618320610687,5.54198473282443,-11.4198473282443,24.214
-0.913330078125,0.3363037109375,-0.0667724609375,-2.01526717557252,5.46564885496183,-11.1297709923664,24.39
-0.9168701171875,0.3797607421875,-0.066650390625,-5.6793893129771,5.29770992366412,-10.793893129771,24.391
-0.892578125,0.3663330078125,-0.063232421875,-1.96946564885496,5.09923664122137,-13.3740458015267,24.392
-0.896484375,0.3675537109375,-0.02783203125,-3.81679389312977,4.6412213740458,-12.6106870229008,24.392
-0.899658203125,0.365966796875,-0.0235595703125,-8.7175572519084,4.3969465648855,-11.8015267175573,24.393
-0.902099609375,0.363037109375,-0.0194091796875,-9.49618320610687,3.90839694656489,-7.20610687022901,24.479
-0.9029541015625,0.3875732421875,-0.0440673828125,-6.13740458015267,-1.46564885496183,-6.0763358778626,24.48
-0.901611328125,0.3843994140625,-0.041748046875,-6.38167938931298,1.61832061068702,-9.54198473282443,24.48
-0.89501953125,0.3863525390625,-0.0411376953125,-8.68702290076336,0.106870229007634,-8.54961832061069,24.481
-0.9188232421875,0.3892822265625,-0.0413818359375,-3.75572519083969,-4.6412213740458,-8,24.481
-0.87939453125,0.372314453125,-0.0196533203125,-1.80152671755725,-9.20610687022901,-2.50381679389313,24.482
-0.8394775390625,0.409912109375,-0.0257568359375,-1.45038167938931,-9.49618320610687,-2.70229007633588,24.483
-0.833251953125,0.419677734375,-0.062744140625,-1.48091603053435,-9.25190839694656,-2.99236641221374,24.483
-0.83251953125,0.4208984375,-0.063720703125,1.12977099236641,-8.01526717557252,-3.08396946564885,24.484
-0.831298828125,0.4210205078125,-0.066162109375,0.33587786259542,-3.48091603053435,-2.77862595419847,24.485
-0.8096923828125,0.40185546875,-0.0745849609375,-6.12213740458015,0.625954198473282,-8.01526717557252,24.749
-0.808349609375,0.4388427734375,-0.0755615234375,-8.27480916030534,-1.17557251908397,-9.19083969465649,24.837
-0.844482421875,0.443603515625,-0.0748291015625,-13.4656488549618,4.03053435114504,-9.6793893129771,24.839
-0.8525390625,0.4466552734375,-0.0745849609375,-11.0229007633588,5.05343511450382,-9.70992366412214,24.84
-0.8575439453125,0.44970703125,-0.0758056640625,-16.412213740458,5.34351145038168,-9.05343511450382,24.841
-0.8497314453125,0.45068359375,-0.05029296875,-20.381679389313,4.30534351145038,-2.9618320610687,24.842
-0.8096923828125,0.447265625,-0.05078125,-18.7175572519084,-0.0458015267175573,-2.01526717557252,24.843
-0.7998046875,0.4407958984375,-0.0499267578125,-24.8091603053435,-0.16793893129771,-5.3587786259542,24.843
-0.8203125,0.40380859375,-0.04736328125,-22.6717557251908,4.10687022900763,-5.0381679389313,24.844
-0.8240966796875,0.3919677734375,-0.0714111328125,-25.4656488549618,3.3587786259542,-5.61832061068702,24.845
-0.724853515625,0.3448486328125,0.164794921875,-31.5419847328244,-15.7862595419847,8.80916030534351,24.846
-0.46728515625,0.2491455078125,0.086181640625,-30.3206106870229,-9.22137404580153,-4.76335877862595,24.927
-0.4620361328125,0.245849609375,0.082763671875,-31.6488549618321,5.74045801526718,-3.72519083969466,24.928
-0.480712890625,0.2449951171875,0.080810546875,-26.6412213740458,9.38931297709924,-8.22900763358779,24.928
-0.472412109375,0.240478515625,0.0831298828125,-26.6259541984733,12.1984732824427,-9.63358778625954,24.929
-0.4306640625,0.2647705078125,0.089599609375,-27.1603053435114,9.77099236641221,-7.3587786259542,24.929
-0.3990478515625,0.216552734375,0.1279296875,-32.2748091603053,10.5954198473282,-15.7099236641221,24.93
-0.3909912109375,0.20361328125,0.1390380859375,-32.4885496183206,11.0839694656489,-14.8396946564886,24.93
-0.419921875,0.226318359375,0.1221923828125,-31.4045801526718,15.7404580152672,-21.4198473282443,24.93
-0.3927001953125,0.20361328125,0.155029296875,-28.824427480916,16.7175572519084,-23.4656488549618,24.931
-0.4332275390625,0.21142578125,0.1748046875,-19.3893129770992,14.3206106870229,-25.0381679389313,25.112
-0.4552001953125,0.258056640625,0.226318359375,-20.4580152671756,13.8473282442748,-24.3969465648855,25.112
-0.509521484375,0.28173828125,0.2177734375,-13.7557251908397,16.5801526717557,-19.4198473282443,25.114
-0.4847412109375,0.3111572265625,0.2860107421875,-11.4045801526718,13.587786259542,-14.4427480916031,25.115
-0.454833984375,0.341796875,0.270263671875,-7.66412213740458,-1.14503816793893,-10.9160305343511,25.38
-0.4478759765625,0.3839111328125,0.3201904296875,-11.7404580152672,-2.10687022900763,-12.2137404580153,25.381
-0.4066162109375,0.36083984375,0.3079833984375,-7.43511450381679,-9.22137404580153,-6.83969465648855,25.381
-0.35791015625,0.4139404296875,0.3046875,-5.58778625954198,-8.06106870229008,-11.8167938931298,25.382
-0.343994140625,0.452392578125,0.3203125,-1.12977099236641,-2.06106870229008,-12.3206106870229,25.382
-0.3238525390625,0.46728515625,0.2711181640625,2.35114503816794,0.0305343511450382,-12.1832061068702,25.467
-0.6650390625,0.6978759765625,-0.002685546875,15.8778625954198,23.7404580152672,-38.2595419847328,25.92
-0.8873291015625,0.7520751953125,-0.036376953125,22.2900763358779,25.175572519084,-34.3053435114504,25.921
-0.9273681640625,0.7427978515625,-0.04248046875,24.7786259541985,14.9312977099237,-35.8473282442748,25.922
-0.9605712890625,0.752685546875,-0.0321044921875,21.0381679389313,8.90076335877863,-30.5496183206107,25.923
-1.189208984375,0.1962890625,0.0347900390625,38.1832061068702,36,-87.8625954198473,25.924
-1.1634521484375,-0.2501220703125,-0.433349609375,106.946564885496,-11.6488549618321,14.9770992366412,26.37
-1.1339111328125,-0.3311767578125,-0.4775390625,82.0610687022901,0.122137404580153,9.61832061068702,26.37
-1.1610107421875,-0.42822265625,-0.482177734375,78.3206106870229,10.0152671755725,-2.6412213740458,26.456
-1.1690673828125,-0.54638671875,-0.4661865234375,71.8320610687023,19.0381679389313,-15.4809160305344,26.646
-1.151611328125,-0.48583984375,-0.663330078125,23.5725190839695,53.7404580152672,-95.4809160305343,26.648
-1.19140625,-0.4654541015625,-0.64208984375,9.9236641221374,55.969465648855,-94,26.91
-0.9405517578125,-0.14599609375,-0.2069091796875,-7.84732824427481,1.86259541984733,9.52671755725191,26.911
-0.9185791015625,-0.147705078125,-0.2589111328125,-3.83206106870229,-1.84732824427481,7.45038167938931,26.912
-0.8807373046875,-0.1502685546875,-0.27197265625,-3.05343511450382,-0.137404580152672,6.9618320610687,26.912
-0.8883056640625,-0.150146484375,-0.317138671875,-2.48854961832061,2.3969465648855,9.31297709923664,26.913
-0.8917236328125,-0.1593017578125,-0.3316650390625,-0.137404580152672,3.57251908396947,4.19847328244275,26.997
-1.0966796875,-0.0303955078125,-0.333984375,-24.9160305343511,-27.4198473282443,15.7404580152672,26.998
-1.138427734375,-0.02392578125,-0.3199462890625,-28.8396946564886,-66.7480916030534,-9.89312977099237,26.998
-1.0528564453125,-0.0738525390625,-0.295166015625,-30.0152671755725,-68.7480916030534,-11.206106870229,26.999
-0.94384765625,0.0238037109375,0.1395263671875,-13.3587786259542,-63.1145038167939,19.5419847328244,27
-0.82177734375,-0.014404296875,0.2572021484375,-10.5343511450382,-35.7557251908397,3.87786259541985,27.001
-0.8094482421875,0.103759765625,0.2591552734375,-18.0152671755725,-18.9312977099237,26.1526717557252,27.002
-0.8475341796875,0.1087646484375,0.2606201171875,-17.9541984732824,-18.3206106870229,31.9847328244275,27.002
-0.828857421875,0.1044921875,0.25244140625,-18.3664122137405,-21.0076335877863,30.2137404580153,27.003
-0.8782958984375,0.0491943359375,0.27099609375,-19.0229007633588,-20.2748091603053,36.9160305343511,27.004
-0.8453369140625,0.005126953125,0.3406982421875,-9.61832061068702,-22.1068702290076,24.381679389313,27.087
-0.8336181640625,-0.008056640625,0.3770751953125,-5.63358778625954,-25.1603053435114,23.5267175572519,27.087
-0.83740234375,0.0347900390625,0.38330078125,1.98473282442748,-24.763358778626,24.9618320610687,27.088
-0.8780517578125,0.0408935546875,0.3695068359375,8.59541984732824,-23.969465648855,22.3053435114504,27.089
-0.8880615234375,0.04296875,0.3914794921875,7.05343511450382,-23.5267175572519,27.5725190839695,27.09
-0.8822021484375,0.044677734375,0.42529296875,13.4198473282443,-24.3053435114504,26.6564885496183,27.09
-0.8814697265625,0.018798828125,0.475830078125,15.3893129770992,-21.9236641221374,32.030534351145,27.091
-0.8865966796875,0.0262451171875,0.4642333984375,18.9618320610687,-21.9083969465649,30.1068702290076,27.092
-0.8623046875,0.0640869140625,0.51171875,22.7480916030534,-21.7862595419847,36.793893129771,27.633
-0.912841796875,0.0677490234375,0.5406494140625,31.1603053435114,-21.9083969465649,44.2900763358779,27.636
-0.9217529296875,0.07373046875,0.5185546875,40.2595419847328,-22.6717557251908,48.5801526717557,27.636
-0.8983154296875,0.0552978515625,0.5228271484375,42.2748091603053,-27.7099236641221,49.2824427480916,27.637
-0.897705078125,0.0789794921875,0.5369873046875,48.9160305343511,-25.4809160305344,54.5496183206107,27.638
-0.8897705078125,0.1710205078125,0.49267578125,61.5725190839695,-32.3358778625954,71.1908396946565,27.717
