-0.61376953125,-0.74609375,0.2618408203125,-115.251908396947,-102.595419847328,73.7251908396947,0
-0.5533447265625,-0.7733154296875,0.2890625,-96.2900763358779,-92.0458015267176,70.7480916030534,0.00200000000000955
-0.544189453125,-0.7498779296875,0.3404541015625,-71.6488549618321,-83.175572519084,54.8396946564885,0.00300000000001432
-0.535888671875,-0.7442626953125,0.338134765625,-66.3511450381679,-82.8854961832061,49.0992366412214,0.00399999999999068
-0.495849609375,-0.7421875,0.335205078125,-65.3587786259542,-82.5343511450382,51.1297709923664,0.00499999999999545
-0.5101318359375,-0.7454833984375,0.3348388671875,-67.8167938931298,-77.7099236641221,47.1908396946565,0.00600000000000023
-0.5009765625,-0.7843017578125,0.33642578125,-67.236641221374,-77.0381679389313,41.0687022900763,0.007000000000005
-0.4620361328125,-0.794677734375,0.339111328125,-66.5648854961832,-79.9389312977099,38.6259541984733,0.00800000000000978
-0.371826171875,-0.8760986328125,0.4423828125,28.9007633587786,17.8167938931298,-35.6946564885496,0.00900000000001455
-0.4234619140625,-0.8511962890625,0.3067626953125,122.076335877863,115.893129770992,-126.045801526718,0.00999999999999091
-0.4727783203125,-0.801513671875,0.30712890625,120.625954198473,126.427480916031,-124.503816793893,0.0150000000000148
-0.497802734375,-0.7568359375,0.37841796875,122.687022900763,137.358778625954,-125.603053435115,0.182999999999993
-0.533935546875,-0.7501220703125,0.380615234375,121.954198473282,136.854961832061,-120.916030534351,0.183999999999997
-0.538818359375,-0.713134765625,0.3831787109375,117.175572519084,132.351145038168,-119.93893129771,0.183999999999997
-0.5201416015625,-0.7044677734375,0.3883056640625,118.824427480916,134.778625954198,-121.541984732824,0.185000000000002
-0.52783203125,-0.7315673828125,0.3616943359375,117.541984732824,133.862595419847,-116.259541984733,0.185000000000002
-0.5740966796875,-0.7230224609375,0.367919921875,114.946564885496,127.541984732824,-113.083969465649,0.269000000000005
-0.551513671875,-0.6845703125,0.37060546875,113.709923664122,130.106870229008,-115.175572519084,0.271000000000015
-0.5618896484375,-0.6767578125,0.376953125,108.564885496183,124.961832061069,-109.282442748092,0.271000000000015
-0.5849609375,-0.6922607421875,0.4144287109375,109.908396946565,126.396946564885,-104.274809160305,0.271999999999991
-0.59375,-0.6519775390625,0.4202880859375,104.916030534351,120.977099236641,-101.389312977099,0.271999999999991
-0.631103515625,-0.64404296875,0.394775390625,103.93893129771,119.267175572519,-102.290076335878,0.272999999999996
-0.6337890625,-0.5595703125,0.411376953125,95.206106870229,106.458015267176,-75.1450381679389,0.272999999999996
-0.63427734375,-0.55615234375,0.4111328125,88.0916030534351,101.312977099237,-68.6870229007634,0.274000000000001
-0.60986328125,-0.560791015625,0.4166259765625,80.5954198473282,103.175572519084,-67.9236641221374,0.274000000000001
-0.61572265625,-0.6007080078125,0.3948974609375,76.6412213740458,102.12213740458,-61.8473282442748,0.274000000000001
-0.619140625,-0.5804443359375,0.4033203125,72.9465648854962,96.824427480916,-63.6946564885496,0.275000000000006
-0.630859375,-0.646728515625,0.4498291015625,58.1068702290076,86.7175572519084,-52.8702290076336,0.454000000000008
-0.592529296875,-0.6549072265625,0.4478759765625,55.8167938931298,80.5190839694657,-52.8396946564885,0.454000000000008
-0.5855712890625,-0.6964111328125,0.4466552734375,49.3893129770992,82.1984732824427,-53.0687022900763,0.455000000000013
-0.5799560546875,-0.6920166015625,0.423583984375,46.7480916030534,80.0763358778626,-53.4961832061069,0.455999999999989
-0.5986328125,-0.7042236328125,0.4261474609375,42.0763358778626,75.3129770992366,-58.7175572519084,0.455999999999989
-0.5592041015625,-0.713134765625,0.4273681640625,44.2137404580153,68.7175572519084,-59.6641221374046,0.539000000000016
-0.550537109375,-0.7166748046875,0.425537109375,38.9007633587786,66.0458015267176,-56.8396946564885,0.545000000000016
-0.572021484375,-0.7166748046875,0.450927734375,37.7404580152672,67.4351145038168,-57.9389312977099,0.545000000000016
-0.521484375,-0.7149658203125,0.4481201171875,39.6641221374046,63.4961832061069,-63.4961832061069,0.545000000000016
-0.5458984375,-0.7113037109375,0.444580078125,35.0839694656489,58.3053435114504,-64.0458015267176,0.545999999999992
-0.540771484375,-0.706787109375,0.4407958984375,34.6412213740458,57.4351145038168,-64.3053435114504,0.545999999999992
-0.5047607421875,-0.6636962890625,0.374267578125,37.5725190839695,54.1679389312977,-48.9770992366412,0.545999999999992
-0.4649658203125,-0.614013671875,0.38427734375,38,54.3358778625954,-46.4427480916031,0.545999999999992
-0.462646484375,-0.634521484375,0.3406982421875,38.1221374045802,58.6717557251908,-45.0992366412214,0.545999999999992
-0.462890625,-0.6300048828125,0.328369140625,37.6793893129771,59.6641221374046,-47.6488549618321,0.545999999999992
-0.49169921875,-0.6614990234375,0.3382568359375,34.0610687022901,63.7862595419847,-41.2671755725191,0.545999999999992
-0.6072998046875,-0.768798828125,0.4234619140625,26.9007633587786,65.0687022900763,-37.8015267175573,0.546999999999997
-0.58837890625,-0.8214111328125,0.47265625,31.6335877862595,64.6564885496183,-38.2137404580153,0.629999999999995
-0.6256103515625,-0.8272705078125,0.4827880859375,29.6641221374046,67.618320610687,-39.0381679389313,0.631
-0.593505859375,-0.8173828125,0.465576171875,39.1450381679389,66.4580152671756,-44.6412213740458,0.632000000000005
-0.6256103515625,-0.8143310546875,0.5076904296875,38.5038167938931,66.8549618320611,-41.4198473282443,0.63300000000001
-0.6279296875,-0.7786865234375,0.4876708984375,42.5038167938931,67.7099236641221,-41.8167938931298,0.63300000000001
-0.6326904296875,-0.765869140625,0.49560546875,51.4198473282443,64.9312977099237,-41.969465648855,0.634999999999991
-0.6357421875,-0.7093505859375,0.48486328125,63.7862595419847,70.8854961832061,-41.587786259542,0.635999999999996
-0.6300048828125,-0.6741943359375,0.50341796875,65.8625954198473,72.0610687022901,-41.0534351145038,0.637
-0.58935546875,-0.644775390625,0.4603271484375,74.5954198473282,69.6030534351145,-44.4732824427481,0.719999999999999
-0.57861328125,-0.65771484375,0.4532470703125,74.1221374045802,75.2824427480916,-44.3358778625954,0.721000000000004
-0.5582275390625,-0.623291015625,0.4569091796875,77.8473282442748,78.5648854961832,-42.2442748091603,0.722000000000008
-0.547119140625,-0.6644287109375,0.4617919921875,82.9770992366412,79.5572519083969,-48.3511450381679,0.723000000000013
-0.56787109375,-0.6431884765625,0.4638671875,80.3206106870229,80.1068702290076,-51.4351145038168,0.72399999999999
-0.527587890625,-0.6513671875,0.463623046875,81.3587786259542,76.4732824427481,-55.3587786259542,0.724999999999994
-0.5458984375,-0.687744140625,0.4591064453125,86.1832061068702,76.6564885496183,-61.0992366412214,0.725999999999999
-0.5435791015625,-0.6898193359375,0.459716796875,81.9083969465649,76.824427480916,-66.3358778625954,0.727000000000004
-0.516357421875,-0.6937255859375,0.4652099609375,81.1450381679389,77.1450381679389,-75.4045801526718,0.727000000000004
-0.5654296875,-0.6522216796875,0.5067138671875,80.5648854961832,77.2671755725191,-76.2595419847328,0.808999999999997
-0.57373046875,-0.671630859375,0.5069580078125,80.4732824427481,76.2748091603053,-87.7709923664122,0.810000000000002
-0.552734375,-0.6600341796875,0.5074462890625,80.2137404580153,79.6793893129771,-90.3053435114504,0.900000000000006
-0.594482421875,-0.6185302734375,0.509033203125,83.7251908396947,79.2824427480916,-87.9541984732824,0.900000000000006
-0.6029052734375,-0.636474609375,0.5150146484375,83.1908396946565,78.9770992366412,-88.5954198473282,0.90100000000001
-0.5858154296875,-0.631591796875,0.4873046875,82.1221374045802,78.7175572519084,-91.7404580152672,0.90100000000001
-0.590576171875,-0.627197265625,0.489990234375,77.8473282442748,78.6412213740458,-90.5648854961832,0.902000000000015
-0.5924072265625,-0.591552734375,0.490478515625,77.587786259542,78.5190839694657,-85.1297709923664,0.902999999999992
-0.5865478515625,-0.583740234375,0.4906005859375,77.3740458015267,78.3664122137405,-87.3587786259542,0.902999999999992
-0.5821533203125,-0.58251953125,0.4923095703125,76.6106870229008,78.2137404580153,-83.9847328244275,0.903999999999996
-0.609130859375,-0.5806884765625,0.494384765625,76.3206106870229,74.1221374045802,-82.4580152671756,0.905000000000001
-0.6053466796875,-0.6090087890625,0.498291015625,80.0763358778626,73.6641221374046,-77.1145038167939,0.905000000000001
-0.561767578125,-0.6024169921875,0.531494140625,79.5572519083969,75.8015267175573,-78.3969465648855,0.906000000000006
-0.553955078125,-0.6011962890625,0.532958984375,79.0687022900763,74.5648854961832,-73.4351145038168,0.907000000000011
-0.4876708984375,-0.585205078125,0.5184326171875,69.4351145038168,60.9312977099237,-73.1450381679389,0.988
-0.5103759765625,-0.5872802734375,0.521484375,71.3587786259542,57.8778625954198,-73.8167938931298,0.989000000000004
-0.502197265625,-0.5906982421875,0.5240478515625,66.3206106870229,60.5190839694656,-78.4427480916031,0.989000000000004
-0.46484375,-0.6268310546875,0.52685546875,65.206106870229,59.5114503816794,-79.1603053435115,0.989000000000004
-0.4837646484375,-0.631591796875,0.5299072265625,68.0763358778626,58.7022900763359,-76.5954198473282,0.990000000000009
-0.4766845703125,-0.6298828125,0.527099609375,62.3969465648855,53.618320610687,-77.2213740458015,0.990000000000009
-0.4688720703125,-0.6260986328125,0.5233154296875,61.5267175572519,53.3893129770992,-77.8015267175573,0.991000000000014
-0.430908203125,-0.5916748046875,0.5211181640625,64.4274809160305,53.4961832061069,-82.3053435114504,0.991000000000014
-0.424072265625,-0.59130859375,0.520751953125,63.1908396946565,54.5038167938931,-83.2213740458015,0.99199999999999
-0.4512939453125,-0.5909423828125,0.52099609375,57.3587786259542,58.9465648854962,-83.4961832061069,1.08099999999999
-0.448974609375,-0.6268310546875,0.523681640625,60.2748091603053,59.6335877862595,-83.7862595419847,1.08199999999999
-0.449951171875,-0.6331787109375,0.5281982421875,59.4351145038168,60.4885496183206,-80.1679389312977,1.083
-0.427001953125,-0.619384765625,0.572509765625,58.8091603053435,57.4198473282443,-80.381679389313,1.084
-0.434326171875,-0.6591796875,0.548828125,53.8931297709924,62.7480916030534,-80.7175572519084,1.26400000000001
-0.4713134765625,-0.6629638671875,0.5540771484375,53.7709923664122,63.0229007633588,-80.5954198473282,1.26400000000001
-0.4703369140625,-0.657958984375,0.5557861328125,53.3435114503817,58.5648854961832,-80.1374045801527,1.26400000000001
-0.432373046875,-0.6236572265625,0.55419921875,56.5954198473282,58.0916030534351,-83.8625954198473,1.26500000000001
-0.4488525390625,-0.618896484375,0.5474853515625,55.6793893129771,57.7557251908397,-83.8473282442748,1.267
-0.4447021484375,-0.6170654296875,0.5745849609375,49.8931297709924,57.9083969465649,-83.9083969465649,1.94499999999999
-0.4442138671875,-0.61376953125,0.5706787109375,49.1603053435115,58.4885496183206,-83.6946564885496,2.61000000000001
-0.44775390625,-0.634521484375,0.5643310546875,52.6717557251908,63.175572519084,-83.0992366412214,2.61000000000001
-0.4503173828125,-0.6029052734375,0.51953125,52.4885496183206,63.9389312977099,-78.1068702290076,2.79500000000002
-0.432373046875,-0.59765625,0.52392578125,46.3664122137405,66.7480916030534,-78.4580152671756,2.797
-0.4739990234375,-0.60400390625,0.5675048828125,48.6870229007634,64.5648854961832,-76.030534351145,2.798
-0.4942626953125,-0.67578125,0.4571533203125,54.7480916030534,86.5648854961832,-75.206106870229,2.80000000000001
-0.5386962890625,-0.6802978515625,0.4547119140625,56.1526717557252,85.0381679389313,-70.2595419847328,2.80000000000001
-0.522705078125,-0.7216796875,0.47412109375,54.5648854961832,91.236641221374,-72.3053435114504,3.06399999999999
-0.5264892578125,-0.7283935546875,0.4349365234375,61.1145038167939,92.3664122137405,-71.8320610687023,3.072
-0.5289306640625,-0.733642578125,0.4241943359375,65.3129770992366,99.1603053435115,-71.6793893129771,3.244
-0.6810302734375,-0.488037109375,0.437744140625,90.7328244274809,74.5496183206107,-67.1450381679389,3.51500000000001
-0.7086181640625,-0.5294189453125,0.357421875,114.06106870229,110.839694656489,-125.389312977099,3.51599999999999
-0.751953125,-0.5670166015625,0.329833984375,112.534351145038,108.564885496183,-120.106870229008,3.518
-0.7530517578125,-0.518798828125,0.36328125,85.7404580152672,81.618320610687,-94.7786259541985,3.51900000000001
-0.712890625,-0.5634765625,0.372314453125,86.8854961832061,82.3053435114504,-88.3969465648855,3.51900000000001
-0.708251953125,-0.568603515625,0.3748779296875,78.0152671755725,76.6717557251908,-91.4503816793893,3.601
-0.7330322265625,-0.572509765625,0.3741455078125,79.7709923664122,78.7175572519084,-90.793893129771,3.60300000000001
-0.6829833984375,-0.54833984375,0.3695068359375,75.2824427480916,75.2519083969466,-89.9847328244275,3.60499999999999
-0.637939453125,-0.6142578125,0.449462890625,42.3511450381679,65.8778625954198,-68.3511450381679,3.607
-0.6156005859375,-0.6300048828125,0.426513671875,42.2442748091603,70.7480916030534,-63.2519083969466,3.60900000000001
-0.60107421875,-0.6724853515625,0.5208740234375,29.7862595419847,38.7786259541985,-45.6030534351145,3.61000000000001
-0.5450439453125,-0.673095703125,0.4888916015625,44.824427480916,34.824427480916,-34.7175572519084,3.61099999999999
-0.3934326171875,-0.7740478515625,0.4288330078125,90.3206106870229,83.9236641221374,-110.12213740458,3.61199999999999
-0.399658203125,-0.7720947265625,0.4346923828125,97.8320610687023,85.8015267175573,-108.320610687023,3.61199999999999
-0.402587890625,-0.7666015625,0.4366455078125,101.832061068702,91.8167938931298,-114.137404580153,3.613
-0.439697265625,-0.745361328125,0.43603515625,105.206106870229,95.7404580152672,-117.618320610687,3.614
-0.4674072265625,-0.698486328125,0.4798583984375,121.374045801527,103.603053435115,-118.396946564885,3.61500000000001
-0.4971923828125,-0.679443359375,0.465576171875,121.450381679389,105.374045801527,-113.038167938931,3.785
-0.5435791015625,-0.7216796875,0.513427734375,121.450381679389,108,-113.480916030534,3.78700000000001
-0.5213623046875,-0.7305908203125,0.492919921875,121.984732824427,107.893129770992,-107.954198473282,3.78800000000001
-0.5250244140625,-0.70458984375,0.4954833984375,122.702290076336,110.961832061069,-110.625954198473,3.78900000000002
-0.5224609375,-0.729736328125,0.510986328125,119.572519083969,109.725190839695,-109.496183206107,3.78999999999999
-0.521240234375,-0.726318359375,0.4686279296875,119.450381679389,107.450381679389,-109.557251908397,3.87
-0.5247802734375,-0.7244873046875,0.4608154296875,122.137404580153,106.870229007634,-109.832061068702,3.87100000000001
-0.5634765625,-0.7210693359375,0.4549560546875,116.839694656489,106.564885496183,-110.106870229008,3.87200000000001
-0.553466796875,-0.7003173828125,0.471923828125,115.511450381679,106.091603053435,-109.725190839695,3.87299999999999
-0.5623779296875,-0.6533203125,0.4300537109375,113.328244274809,105.862595419847,-104.992366412214,3.874
-0.6024169921875,-0.6676025390625,0.45166015625,112.167938931298,105.893129770992,-103.770992366412,3.875
-0.6253662109375,-0.6029052734375,0.39794921875,107.282442748092,103.847328244275,-84.7480916030534,3.876
-0.5870361328125,-0.605224609375,0.3966064453125,106.702290076336,103.69465648855,-87.7709923664122,3.96100000000001
-0.5867919921875,-0.6268310546875,0.39990234375,105.541984732824,104.36641221374,-87.6793893129771,3.96299999999999
-0.592529296875,-0.6097412109375,0.4031982421875,101.465648854962,104.992366412214,-84.1832061068702,3.964
-0.628662109375,-0.615966796875,0.40087890625,105.984732824427,105.404580152672,-84.7480916030534,3.965
-0.6181640625,-0.6116943359375,0.4163818359375,104.946564885496,111.709923664122,-92.7022900763359,3.96600000000001
-0.66455078125,-0.611328125,0.4217529296875,111.328244274809,117.572519083969,-98.9770992366412,3.96700000000001
-0.6705322265625,-0.6143798828125,0.3988037109375,108.824427480916,118.488549618321,-96.0916030534351,3.96799999999999
-0.646240234375,-0.6170654296875,0.4384765625,114.610687022901,115.480916030534,-96.9923664122137,3.96899999999999
-0.6531982421875,-0.6185302734375,0.4473876953125,113.160305343511,116.274809160305,-97.6793893129771,3.97
-0.6951904296875,-0.621826171875,0.4501953125,122.671755725191,121.465648854962,-102.778625954198,3.97300000000001
-0.6729736328125,-0.62158203125,0.42431640625,125.87786259542,122.18320610687,-103.221374045802,3.97399999999999
-0.6766357421875,-0.6201171875,0.4276123046875,134.946564885496,122.885496183206,-100.885496183206,4.233
-0.6737060546875,-0.6236572265625,0.4290771484375,141.648854961832,119.236641221374,-105.648854961832,4.24199999999999
-0.6954345703125,-0.6591796875,0.427978515625,140.519083969466,119.419847328244,-104.351145038168,4.24299999999999
-0.6917724609375,-0.65673828125,0.4244384765625,149.832061068702,119.511450381679,-110.106870229008,4.24299999999999
-0.689697265625,-0.6219482421875,0.452392578125,148.12213740458,119.618320610687,-108.198473282443,4.244
-0.687744140625,-0.6151123046875,0.4478759765625,153.832061068702,119.63358778626,-114.137404580153,4.31999999999999
-0.6514892578125,-0.6292724609375,0.4031982421875,151.725190839695,119.587786259542,-118.213740458015,4.321
-0.6492919921875,-0.58740234375,0.396484375,151.81679389313,119.648854961832,-116.396946564885,4.322
-0.6475830078125,-0.5782470703125,0.4212646484375,151.328244274809,119.740458015267,-122.335877862595,4.32300000000001
-0.6495361328125,-0.594970703125,0.4114990234375,153.450381679389,120.335877862595,-125.984732824427,4.32400000000001
-0.654296875,-0.55419921875,0.4072265625,152.458015267176,120.595419847328,-123.541984732824,4.32500000000002
-0.7408447265625,-0.404541015625,0.43798828125,97.969465648855,78.9618320610687,-93.3587786259542,4.32599999999999
-0.7364501953125,-0.4486083984375,0.445556640625,94.8396946564885,69.2977099236641,-89.4503816793893,4.327
-0.73583984375,-0.4312744140625,0.4228515625,84.1068702290076,70.5343511450382,-91.6488549618321,4.328
-0.765625,-0.4735107421875,0.428955078125,81.7404580152672,67.8015267175573,-90.0152671755725,4.33000000000001
-0.7615966796875,-0.4776611328125,0.4298095703125,83.7404580152672,60.9465648854962,-84.5801526717557,4.33099999999999
-0.716796875,-0.5006103515625,0.50390625,61.0076335877863,47.6335877862595,-73.6030534351145,4.33199999999999
-0.710205078125,-0.5029296875,0.50927734375,58.1832061068702,44.8854961832061,-75.7099236641221,4.505
-0.703857421875,-0.504638671875,0.485107421875,59.1908396946565,38.3969465648855,-69.969465648855,4.506
-0.7288818359375,-0.5145263671875,0.5362548828125,55.9847328244275,40,-66.0458015267176,5.02000000000001
-0.7237548828125,-0.48974609375,0.5447998046875,45.1297709923664,31.1908396946565,-67.6946564885496,5.02199999999999
-0.6798095703125,-0.4854736328125,0.542236328125,41.9847328244275,31.9541984732824,-61.5114503816794,5.023
-0.6553955078125,-0.5032958984375,0.4964599609375,38.8702290076336,28.4580152671756,-63.3129770992366,5.023
-0.6131591796875,-0.5130615234375,0.490478515625,34.5496183206107,24.9923664122137,-56.8854961832061,5.023
-0.6143798828125,-0.53271484375,0.53515625,27.7404580152672,25.236641221374,-59.8015267175573,5.03700000000001
-0.615478515625,-0.5396728515625,0.543212890625,24.4885496183206,25.0229007633588,-54.3053435114504,5.03800000000001
-0.6104736328125,-0.53955078125,0.5445556640625,18.3664122137405,24.2442748091603,-56.4274809160305,5.03900000000002
-0.6336669921875,-0.541259765625,0.5428466796875,19.6488549618321,19.4656488549618,-49.0534351145038,5.03999999999999
-0.6142578125,-0.609375,0.5509033203125,14.0458015267176,18.9465648854962,-30.4732824427481,5.03999999999999
-0.656982421875,-0.6343994140625,0.6051025390625,15.5267175572519,18.0916030534351,-32.1832061068702,5.03999999999999
-0.702392578125,-0.5543212890625,0.52880859375,114.671755725191,70.793893129771,-125.511450381679,5.042
-0.6802978515625,-0.5965576171875,0.5682373046875,112.167938931298,72.0610687022901,-126.549618320611,5.559
-0.7225341796875,-0.58544921875,0.548583984375,117.572519083969,69.8167938931298,-123.450381679389,5.56399999999999
-0.703857421875,-0.639892578125,0.5623779296875,115.572519083969,75.4351145038168,-124.015267175573,5.565
-0.7098388671875,-0.633056640625,0.57470703125,126.24427480916,76.1221374045802,-125.038167938931,5.56800000000001
-0.638671875,-0.563720703125,0.436767578125,90.2137404580153,73.1603053435115,-119.297709923664,5.571
-0.62939453125,-0.5662841796875,0.4365234375,90.2137404580153,75.7862595419847,-113.251908396947,5.57900000000001
-0.588134765625,-0.56689453125,0.4307861328125,90.2748091603053,75.3587786259542,-111.93893129771,5.58000000000001
-0.58447265625,-0.568603515625,0.4283447265625,90.3511450381679,75.6641221374046,-109.557251908397,5.58099999999999
-0.583251953125,-0.5732421875,0.4283447265625,90.1679389312977,72.5801526717557,-107.404580152672,5.58199999999999
-0.586181640625,-0.5489501953125,0.4326171875,85.9389312977099,73.8625954198473,-101.511450381679,5.58199999999999
-0.6295166015625,-0.5537109375,0.47216796875,85.8015267175573,76.6106870229008,-101.75572519084,5.584
-0.637451171875,-0.553466796875,0.4779052734375,85.2671755725191,83.0687022900763,-98.2290076335878,5.58500000000001
-0.633056640625,-0.6336669921875,0.4595947265625,73.206106870229,78.0610687022901,-104.412213740458,5.59
-0.6322021484375,-0.6326904296875,0.460205078125,72.412213740458,76.3664122137405,-103.75572519084,5.59100000000001
-0.6278076171875,-0.6268310546875,0.458984375,75.6030534351145,78.6412213740458,-106.778625954198,5.59100000000001
-0.592041015625,-0.5921630859375,0.457763671875,70.2748091603053,75.4503816793893,-100.519083969466,5.59100000000001
-0.5615234375,-0.5904541015625,0.483642578125,67.5725190839695,62.5038167938931,-95.6946564885496,5.59100000000001
-0.6715087890625,-0.58447265625,0.5867919921875,51.236641221374,50.2748091603053,-72.4274809160305,5.59200000000001
-0.669677734375,-0.5516357421875,0.607666015625,49.3435114503817,50.6106870229008,-70.6412213740458,5.67000000000002
-0.6661376953125,-0.521240234375,0.5946044921875,50.3206106870229,54.793893129771,-67.0687022900763,5.672
-0.6595458984375,-0.4954833984375,0.551025390625,54.8396946564885,55.0534351145038,-63.236641221374,5.673
-0.620849609375,-0.50830078125,0.55810546875,54.9312977099237,55.3435114503817,-59.3740458015267,5.67500000000001
-0.6326904296875,-0.4588623046875,0.5164794921875,49.8473282442748,55.6335877862595,-52.6717557251908,5.67600000000002
-0.592529296875,-0.4599609375,0.540771484375,52.3664122137405,55.7251908396947,-46.3053435114504,5.67699999999999
-0.585205078125,-0.4638671875,0.5352783203125,46.8854961832061,55.6488549618321,-48.4885496183206,5.67699999999999
-0.578857421875,-0.5001220703125,0.496826171875,45.1908396946565,55.3587786259542,-47.5114503816794,5.678
-0.6009521484375,-0.5150146484375,0.495361328125,41.5267175572519,50.5954198473282,-47.236641221374,5.75999999999999
-0.5965576171875,-0.49169921875,0.4937744140625,43.7404580152672,49.9847328244275,-47.7099236641221,5.761
-0.561767578125,-0.5325927734375,0.4951171875,38.2442748091603,49.3740458015267,-48.5954198473282,5.762
-0.560791015625,-0.529296875,0.5374755859375,40.763358778626,48.9160305343511,-45.9236641221374,5.76400000000001
-0.5946044921875,-0.5711669921875,0.5440673828125,40.0152671755725,51.7862595419847,-52.7022900763359,5.76500000000001
-0.5958251953125,-0.5511474609375,0.5205078125,40.6106870229008,51.175572519084,-50.2900763358779,5.767
-0.599609375,-0.5948486328125,0.5286865234375,37.9541984732824,46.7786259541985,-55.6641221374046,5.768
-0.6048583984375,-0.607666015625,0.570556640625,43.9389312977099,46.381679389313,-52.9923664122137,5.77199999999999
-0.5811767578125,-0.578857421875,0.5738525390625,45.6946564885496,45.8778625954198,-54.7022900763359,5.773
-0.5849609375,-0.579833984375,0.5758056640625,48.9312977099237,46.030534351145,-59.1603053435115,5.774
-0.5885009765625,-0.57958984375,0.5771484375,56.1984732824427,46.3969465648855,-59.3740458015267,5.851
-0.5908203125,-0.606201171875,0.5738525390625,59.6488549618321,50.8702290076336,-59.3893129770992,5.852
-0.591552734375,-0.6044921875,0.5721435546875,62.0610687022901,52.4885496183206,-59.1908396946565,5.85300000000001
-0.59033203125,-0.60205078125,0.5693359375,64.7786259541985,49.587786259542,-59.0534351145038,5.941
-0.5867919921875,-0.5982666015625,0.5675048828125,70.9923664122137,50.6106870229008,-59.0381679389313,5.94300000000001
-0.6036376953125,-0.598876953125,0.566650390625,68.793893129771,55.4961832061069,-59.3129770992366,5.94400000000002
-0.5953369140625,-0.601318359375,0.56640625,75.0381679389313,53.2519083969466,-57.1297709923664,5.94499999999999
-0.55517578125,-0.6033935546875,0.566650390625,75.969465648855,53.9389312977099,-62.5496183206107,5.946
-0.547119140625,-0.6048583984375,0.566650390625,72.7480916030534,54.5343511450382,-60.5954198473282,5.94800000000001
-0.5650634765625,-0.6070556640625,0.566162109375,73.2977099236641,58.9007633587786,-66.824427480916,5.94800000000001
-0.52880859375,-0.6053466796875,0.5650634765625,74.1068702290076,59.3587786259542,-72.2900763358779,5.94900000000001
-0.5245361328125,-0.6015625,0.5643310546875,78.1832061068702,59.3129770992366,-75.2519083969466,5.94900000000001
-0.521240234375,-0.598876953125,0.5653076171875,74.1679389312977,59.0992366412214,-78.1832061068702,5.95000000000002
-0.5196533203125,-0.5587158203125,0.56494140625,73.9541984732824,58.8091603053435,-79.8015267175573,5.95000000000002
-0.532470703125,-0.5284423828125,0.51708984375,75.6641221374046,55.5114503816794,-93.9236641221374,5.95099999999999
-0.4923095703125,-0.5225830078125,0.542724609375,75.0381679389313,54.9618320610687,-95.4198473282443,6.03
-0.5147705078125,-0.517578125,0.53759765625,74.381679389313,50.7786259541985,-92.9618320610687,6.03100000000001
-0.505859375,-0.5440673828125,0.5281982421875,69.8778625954198,50.7480916030534,-98.2442748091603,6.03300000000002
-0.458740234375,-0.5380859375,0.493896484375,68.5801526717557,55.3129770992366,-96.8091603053435,6.03399999999999
-0.453857421875,-0.5374755859375,0.4923095703125,71.8320610687023,55.8931297709924,-101.801526717557,6.035
-0.48095703125,-0.5350341796875,0.4891357421875,71.2671755725191,56.5190839694656,-102.793893129771,6.036
-0.4771728515625,-0.54248046875,0.4931640625,70.5038167938931,53.2977099236641,-99.8167938931298,6.03800000000001
-0.480712890625,-0.519775390625,0.5313720703125,64.5190839694657,59.0839694656489,-105.63358778626,6.03900000000002
-0.4537353515625,-0.52587890625,0.5369873046875,67.8931297709924,59.8015267175573,-106.335877862595,6.58600000000001
-0.45703125,-0.566650390625,0.544677734375,67.3587786259542,60.412213740458,-106.916030534351,6.602
-0.51220703125,-0.58251953125,0.5621337890625,62.4885496183206,58.3206106870229,-104.12213740458,6.60300000000001
-0.4949951171875,-0.6295166015625,0.5621337890625,62.381679389313,62.5648854961832,-104.229007633588,6.60300000000001
-0.533935546875,-0.639892578125,0.6004638671875,67.2824427480916,58.3358778625954,-104.198473282443,6.60400000000001
-0.5380859375,-0.6163330078125,0.6025390625,64.4885496183206,58.0610687022901,-104.259541984733,6.65899999999999
-0.5455322265625,-0.6160888671875,0.556884765625,65.8015267175573,58.4732824427481,-104.18320610687,6.65899999999999
-0.521240234375,-0.623046875,0.5516357421875,71.0534351145038,63.6641221374046,-104,6.66
-0.5670166015625,-0.66796875,0.5540771484375,70.8854961832061,61.8931297709924,-107.465648854962,6.661
-0.55224609375,-0.6500244140625,0.5570068359375,70.9923664122137,68.0152671755725,-106.641221374046,6.66200000000001
-0.5980224609375,-0.6964111328125,0.5487060546875,71.8320610687023,70.5496183206107,-100.839694656489,6.66200000000001
-0.5281982421875,-0.672607421875,0.470947265625,79.7404580152672,74.4885496183206,-112.412213740458,6.66300000000001
-0.55029296875,-0.6171875,0.4190673828125,78,89.8320610687023,-113.007633587786,6.66400000000002
-0.594970703125,-0.6180419921875,0.4134521484375,77.4961832061069,94.8091603053435,-112.946564885496,6.66400000000002
-0.5782470703125,-0.613037109375,0.416015625,78.793893129771,93.4656488549618,-112.12213740458,6.66499999999999
-0.6251220703125,-0.63623046875,0.4195556640625,72.9770992366412,97.969465648855,-114.900763358779,6.666
-0.6190185546875,-0.65673828125,0.477294921875,54.7175572519084,86.2595419847328,-94.6259541984733,6.666
-0.543701171875,-0.72021484375,0.4537353515625,38.763358778626,73.8167938931298,-70.2290076335878,6.667
-0.5457763671875,-0.685302734375,0.4544677734375,43.175572519084,78.5496183206107,-74.6717557251908,6.75300000000001
-0.5255126953125,-0.6739501953125,0.4627685546875,43.4503816793893,79.6030534351145,-75.0534351145038,6.75399999999999
-0.5677490234375,-0.67626953125,0.509033203125,43.0534351145038,82.3969465648855,-74.6870229007634,6.84100000000001
-0.5772705078125,-0.6761474609375,0.491455078125,43.5419847328244,83.236641221374,-70.1374045801527,6.84100000000001
-0.551513671875,-0.6751708984375,0.537109375,44.6412213740458,83.8167938931298,-69.1908396946565,6.84200000000001
-0.5562744140625,-0.6749267578125,0.529052734375,42.4580152671756,80.5038167938931,-72.0610687022901,6.84299999999999
-0.5557861328125,-0.675048828125,0.5675048828125,52.3511450381679,82.0458015267176,-66,6.84399999999999
-0.55322265625,-0.6728515625,0.5704345703125,56.3053435114504,86.9770992366412,-65.0992366412214,6.846
-0.577880859375,-0.7001953125,0.56787109375,56.763358778626,84.1984732824427,-64.5190839694657,6.84700000000001
-0.522705078125,-0.6981201171875,0.521728515625,61.2213740458015,85.4656488549618,-64.824427480916,6.93000000000001
-0.5394287109375,-0.6993408203125,0.541748046875,70.0152671755725,88.8702290076336,-65.969465648855,6.93800000000002
-0.497314453125,-0.7017822265625,0.4990234375,73.969465648855,95.1908396946565,-71.8625954198473,7.39400000000001
-0.4908447265625,-0.6737060546875,0.4906005859375,77.4656488549618,97.8167938931298,-74.5190839694657,7.398
-0.4891357421875,-0.7113037109375,0.4906005859375,98.6870229007634,108.961832061069,-96.9923664122137,7.417
-0.4971923828125,-0.71044921875,0.48974609375,101.832061068702,114.320610687023,-100.763358778626,7.417
-0.535400390625,-0.704833984375,0.484375,101.053435114504,111.679389312977,-104.259541984733,7.41900000000001
-0.524658203125,-0.722900390625,0.508544921875,103.908396946565,113.160305343511,-111.160305343511,7.46799999999999
-0.568359375,-0.683837890625,0.5064697265625,109.007633587786,116.519083969466,-111.419847328244,7.46899999999999
-0.5501708984375,-0.675537109375,0.5045166015625,115.129770992366,121.847328244275,-112.656488549618,7.47
-0.56201171875,-0.69677734375,0.502197265625,113.221374045802,122.885496183206,-117.267175572519,7.471
-0.5914306640625,-0.6214599609375,0.462890625,121.328244274809,119.63358778626,-112.549618320611,7.47200000000001
-0.6259765625,-0.6121826171875,0.4637451171875,121.221374045802,122.641221374046,-111.847328244275,7.47300000000001
-0.4573974609375,-0.6666259765625,0.537109375,106.167938931298,82.9007633587786,-107.007633587786,7.47300000000001
-0.4583740234375,-0.61083984375,0.4610595703125,105.618320610687,81.5419847328244,-106.778625954198,7.47399999999999
-0.462890625,-0.6378173828125,0.4771728515625,102.229007633588,90.3511450381679,-106.641221374046,7.47499999999999
-0.50146484375,-0.631103515625,0.431396484375,96.0916030534351,88.5038167938931,-106.656488549618,7.476
-0.488525390625,-0.587646484375,0.443359375,93.3740458015267,95.6793893129771,-107.129770992366,7.477
-0.5975341796875,-0.62646484375,0.463623046875,61.5267175572519,87.5572519083969,-94.8549618320611,7.47800000000001
-0.6029052734375,-0.6607666015625,0.4654541015625,64.1679389312977,87.0534351145038,-90.1832061068702,7.56300000000002
-0.601806640625,-0.6624755859375,0.4666748046875,58.5343511450382,86.0458015267176,-87.9389312977099,7.56800000000001
-0.597900390625,-0.6666259765625,0.4674072265625,57.7557251908397,81.6488549618321,-81.9083969465649,7.56900000000002
-0.5609130859375,-0.641845703125,0.5009765625,56.9007633587786,81.2977099236641,-83.969465648855,7.56999999999999
-0.5540771484375,-0.6551513671875,0.5040283203125,60.1679389312977,80.8702290076336,-77.587786259542,7.571
-0.552978515625,-0.6883544921875,0.50341796875,59.6793893129771,80.6564885496183,-76.8396946564885,7.572
-0.5528564453125,-0.689208984375,0.502197265625,59.4198473282443,80.4274809160305,-76.2748091603053,7.57300000000001
-0.5537109375,-0.687744140625,0.4678955078125,58.9770992366412,80.2290076335878,-79.7404580152672,7.57400000000001
-0.56201171875,-0.689208984375,0.468017578125,52.7786259541985,83.6488549618321,-78.8854961832061,7.655
-0.5980224609375,-0.6884765625,0.500732421875,55.1297709923664,83.0534351145038,-78.4427480916031,7.65800000000002
-0.6004638671875,-0.6553955078125,0.5003662109375,49.4961832061069,78.0916030534351,-74.1832061068702,7.65899999999999
-0.600341796875,-0.6466064453125,0.4622802734375,51.5114503816794,76.6412213740458,-73.9083969465649,7.66
-0.5938720703125,-0.642578125,0.4586181640625,42.8396946564885,72.8549618320611,-73.5114503816794,7.66
-0.5587158203125,-0.641845703125,0.455810546875,43.7709923664122,74.6870229007634,-73.4503816793893,7.661
-0.557373046875,-0.6434326171875,0.45654296875,40.5801526717557,68.6412213740458,-73.4809160305343,7.92600000000002
-0.552490234375,-0.646240234375,0.455810546875,33.6488549618321,66.1984732824427,-73.4961832061069,7.929
-0.5499267578125,-0.6480712890625,0.454833984375,32.0763358778626,60.7175572519084,-73.6030534351145,7.929
-0.5469970703125,-0.6466064453125,0.483642578125,25.8473282442748,57.8015267175573,-73.6488549618321,7.93000000000001
-0.5745849609375,-0.641357421875,0.478271484375,27.7862595419847,58.793893129771,-73.5725190839695,7.93100000000001
-0.5662841796875,-0.6629638671875,0.4371337890625,23.8167938931298,49.7557251908397,-72.8702290076336,8.10400000000001
-0.5635986328125,-0.6614990234375,0.43505859375,17.8778625954198,51.6641221374046,-76.0458015267176,8.10599999999999
-0.530517578125,-0.663330078125,0.4339599609375,19.8167938931298,46.1374045801527,-75.1908396946565,8.107
-0.5289306640625,-0.665771484375,0.4329833984375,14.2137404580153,48.6564885496183,-70.3511450381679,8.108
-0.5218505859375,-0.6588134765625,0.4246826171875,15.8473282442748,42.5496183206107,-68.5190839694657,8.10900000000001
-0.5460205078125,-0.621337890625,0.4495849609375,11.0534351145038,41.8015267175573,-71.4961832061069,8.19
-0.5357666015625,-0.853271484375,0.6326904296875,42.9923664122137,81.587786259542,-84.6412213740458,8.191
-0.538818359375,-0.801513671875,0.6292724609375,42.3511450381679,81.9083969465649,-85.618320610687,8.19200000000001
-0.4986572265625,-0.74560546875,0.6063232421875,45.6030534351145,81.9541984732824,-85.2824427480916,8.19300000000001
-0.4886474609375,-0.7166748046875,0.5592041015625,55.2977099236641,81.7251908396947,-84.2900763358779,8.19400000000002
-0.5076904296875,-0.720947265625,0.573974609375,53.8625954198473,81.6641221374046,-86.9160305343512,8.196
-0.4722900390625,-0.724365234375,0.4908447265625,75.7404580152672,80.8549618320611,-79.175572519084,8.197
-0.4373779296875,-0.7332763671875,0.491455078125,75.8778625954198,87.3282442748092,-77.3893129770992,8.19800000000001
-0.4710693359375,-0.70703125,0.4937744140625,76.030534351145,85.0229007633588,-82.4580152671756,8.19900000000001
-0.4747314453125,-0.7119140625,0.497314453125,72.3664122137405,90.4885496183206,-83.6793893129771,8.20000000000002
-0.4842529296875,-0.7171630859375,0.4990234375,73.0229007633588,89.4961832061069,-86.1374045801527,8.20099999999999
-0.473876953125,-0.70361328125,0.491455078125,78.7786259541985,92.793893129771,-88.9160305343512,8.375
-0.431640625,-0.7298583984375,0.5142822265625,78.9770992366412,92.9007633587786,-94.3511450381679,8.376
-0.4456787109375,-0.7265625,0.5101318359375,79.4351145038168,93.4351145038168,-98.1068702290076,8.37800000000001
-0.438720703125,-0.72412109375,0.5086669921875,79.4809160305343,93.7251908396947,-96.1068702290076,8.38200000000001
-0.402099609375,-0.7205810546875,0.5126953125,79.4045801526718,97.8778625954198,-101.862595419847,8.38300000000001
-0.396484375,-0.7210693359375,0.48681640625,78.6870229007634,98.0458015267176,-101.267175572519,8.459
-0.39599609375,-0.720947265625,0.493408203125,78.3969465648855,97.8473282442748,-106.473282442748,8.459
-0.3955078125,-0.68359375,0.53369140625,78.2442748091603,93.3893129770992,-103.648854961832,8.46000000000001
-0.3944091796875,-0.6773681640625,0.5361328125,74.0152671755725,95.206106870229,-104.916030534351,8.46199999999999
-0.3914794921875,-0.700927734375,0.536865234375,73.7557251908397,89.8778625954198,-105.160305343511,8.46299999999999
-0.4190673828125,-0.6932373046875,0.53662109375,73.3587786259542,88.381679389313,-105.282442748092,8.46299999999999
-0.33935546875,-0.658203125,0.5391845703125,65.9083969465649,77.4045801526718,-100.732824427481,8.464
-0.3377685546875,-0.6650390625,0.5225830078125,65.1297709923664,76.9312977099237,-100.06106870229,8.465
-0.3426513671875,-0.688720703125,0.563720703125,67.969465648855,76.5496183206107,-102.931297709924,8.465
-0.3814697265625,-0.6748046875,0.5743408203125,67.6030534351145,76.6106870229008,-102.564885496183,8.46600000000001
-0.3900146484375,-0.7213134765625,0.5521240234375,67.618320610687,76.6106870229008,-102.213740458015,8.46700000000001
-0.4134521484375,-0.776123046875,0.601806640625,64.7786259541985,79.5419847328244,-103.022900763359,8.64500000000001
-0.4158935546875,-0.8153076171875,0.6011962890625,70.4427480916031,81.6488549618321,-103.236641221374,8.648
-0.414794921875,-0.7808837890625,0.5615234375,68.6870229007634,87.6335877862595,-103.480916030534,8.649
-0.412109375,-0.7723388671875,0.5498046875,75.0534351145038,85.969465648855,-100.045801526718,8.65000000000001
-0.41552734375,-0.7880859375,0.53076171875,79.8015267175573,95.7251908396947,-101.389312977099,8.65100000000001
-0.4193115234375,-0.78173828125,0.524658203125,82.3206106870229,98.793893129771,-105.893129770992,8.73099999999999
-0.4217529296875,-0.7838134765625,0.521240234375,80.7175572519084,101.786259541985,-106.641221374046,8.744
-0.393310546875,-0.7930908203125,0.520751953125,86.8854961832061,100.671755725191,-103.801526717557,8.74600000000001
-0.3958740234375,-0.7738037109375,0.5421142578125,88.2900763358779,105.083969465649,-107.69465648855,8.74799999999999
-0.3961181640625,-0.7786865234375,0.4962158203125,94.5038167938931,110.687022900763,-114.564885496183,8.749
-0.39599609375,-0.7774658203125,0.4962158203125,92.793893129771,108.12213740458,-118.030534351145,8.75
-0.3948974609375,-0.7689208984375,0.5140380859375,98.5954198473282,109.099236641221,-121.862595419847,8.75
-0.4423828125,-0.701171875,0.390869140625,103.221374045802,119.282442748092,-150.015267175573,8.75
-0.448974609375,-0.6893310546875,0.391845703125,102.793893129771,121.145038167939,-147.145038167939,8.751
-0.47412109375,-0.6920166015625,0.398681640625,97.1297709923664,129.93893129771,-147.465648854962,8.751
-0.4603271484375,-0.6988525390625,0.439453125,96.2137404580153,128.900763358779,-146.809160305344,8.751
-0.5872802734375,-0.6644287109375,0.422119140625,93.0076335877863,146.717557251908,-128.854961832061,8.81999999999999
-0.63037109375,-0.6617431640625,0.427734375,94.3358778625954,153.450381679389,-129.679389312977,8.821
-0.640625,-0.659912109375,0.435302734375,88.9770992366412,153.908396946565,-126.687022900763,8.822
-0.617431640625,-0.65771484375,0.473876953125,91.4045801526718,153.69465648855,-119.908396946565,8.82400000000001
-0.6624755859375,-0.6248779296875,0.458740234375,84.2442748091603,147.374045801527,-118.503816793893,8.82500000000002
-0.667236328125,-0.6239013671875,0.46484375,86.6717557251908,149.007633587786,-112.106870229008,8.82599999999999
-0.670654296875,-0.6231689453125,0.5018310546875,81.1908396946565,146.229007633588,-113.664122137405,8.828
-0.6434326171875,-0.6239013671875,0.50830078125,83.4045801526718,139.267175572519,-107.587786259542,8.828
-0.6500244140625,-0.621826171875,0.48583984375,76.3664122137405,132.030534351145,-107.267175572519,8.82900000000001
-0.6507568359375,-0.616455078125,0.4859619140625,78.8702290076336,127.801526717557,-101.251908396947,8.91200000000001
-0.6494140625,-0.6102294921875,0.485107421875,73.3740458015267,123.328244274809,-103.129770992366,8.91300000000001
-0.6470947265625,-0.635498046875,0.4849853515625,75.5114503816794,122.656488549618,-97.2671755725191,8.91400000000002
-0.667724609375,-0.6263427734375,0.4892578125,71.618320610687,109.251908396947,-93.3740458015267,8.91499999999999
-0.658203125,-0.5926513671875,0.4918212890625,65.7557251908397,104.229007633588,-95.5114503816794,8.917
-0.615234375,-0.590576171875,0.4931640625,67.8015267175573,103.053435114504,-94.030534351145,8.917
-0.6336669921875,-0.588623046875,0.4947509765625,62.0916030534351,97.9847328244275,-88.9465648854962,8.91800000000001
-0.578857421875,-0.585693359375,0.4949951171875,62.5496183206107,84.3053435114504,-91.2824427480916,8.91900000000001
-0.59765625,-0.583251953125,0.4918212890625,57.0076335877863,83.6030534351145,-90.7480916030534,8.92000000000002
-0.554931640625,-0.5811767578125,0.4874267578125,59.175572519084,79.3893129770992,-90.2900763358779,9
-0.5753173828125,-0.578857421875,0.503662109375,53.4656488549618,75.6488549618321,-89.9236641221374,9.09100000000001
-0.5267333984375,-0.6070556640625,0.4674072265625,49.3129770992366,66.1526717557252,-85.3740458015267,9.09100000000001
-0.5213623046875,-0.6077880859375,0.4652099609375,50.8702290076336,68.2900763358779,-85.0534351145038,9.095
-0.517822265625,-0.6087646484375,0.4642333984375,48.5954198473282,67.0381679389313,-84.6564885496183,9.096
-0.5457763671875,-0.5816650390625,0.4669189453125,42.5496183206107,61.7557251908397,-87.5419847328244,9.09899999999999
-0.546630859375,-0.5843505859375,0.50146484375,38.9618320610687,61.5267175572519,-86.8396946564885,9.09999999999999
-0.51806640625,-0.5867919921875,0.505859375,37.7099236641221,61.4351145038168,-86,9.10300000000001
-0.5247802734375,-0.58935546875,0.511474609375,39.9389312977099,61.4503816793893,-83.7862595419847,9.10499999999999
-0.528076171875,-0.5909423828125,0.51513671875,39.2977099236641,61.5267175572519,-82.4274809160305,9.108
-0.530517578125,-0.591064453125,0.484619140625,34.9923664122137,61.5572519083969,-77.0229007633588,9.10900000000001
-0.5303955078125,-0.580322265625,0.5093994140625,34.6259541984733,61.7251908396947,-73.6488549618321,9.10900000000001
-0.5283203125,-0.6065673828125,0.50439453125,34.0763358778626,61.969465648855,-75.8320610687023,9.11000000000001
-0.5205078125,-0.664306640625,0.541748046875,31.4961832061069,67.4351145038168,-68.3053435114504,9.11099999999999
-0.499267578125,-0.7017822265625,0.53564453125,31.3740458015267,67.4351145038168,-65.0076335877863,9.18000000000001
-0.488037109375,-0.67431640625,0.4957275390625,31.3893129770992,67.8015267175573,-65.6793893129771,9.18200000000002
-0.5087890625,-0.6773681640625,0.4871826171875,31.3587786259542,64.5954198473282,-70.4732824427481,9.18299999999999
-0.500244140625,-0.6812744140625,0.5106201171875,27.3435114503817,65.618320610687,-71.4961832061069,9.185
-0.4617919921875,-0.7259521484375,0.5091552734375,26.4885496183206,72.1068702290076,-70.1221374045802,9.19400000000002
-0.4591064453125,-0.729248046875,0.509521484375,26.3969465648855,69.1297709923664,-75.4656488549618,9.19499999999999
-0.453369140625,-0.7269287109375,0.5057373046875,26.6717557251908,69.6030534351145,-73.0381679389313,9.196
-0.4771728515625,-0.724365234375,0.5057373046875,26.9007633587786,69.9541984732824,-78.5648854961832,9.20000000000002
-0.4285888671875,-0.7335205078125,0.5111083984375,31.5419847328244,75.0534351145038,-77.9847328244275,9.661
-0.4219970703125,-0.706787109375,0.485595703125,32.9923664122137,75.8931297709924,-83.587786259542,9.71799999999999
-0.4483642578125,-0.70703125,0.4881591796875,35.3282442748092,72.8091603053435,-81.4503816793893,9.71899999999999
-0.444091796875,-0.705078125,0.4874267578125,34.4274809160305,73.6641221374046,-87.1145038167939,9.721
-0.4390869140625,-0.7322998046875,0.48681640625,41.0534351145038,79.8015267175573,-90.2290076335878,9.72200000000001
-0.4056396484375,-0.7274169921875,0.4852294921875,48.381679389313,77.0992366412214,-91.4961832061069,9.994
-0.4017333984375,-0.72119140625,0.513427734375,51.5419847328244,82.1374045801527,-88.8091603053435,9.999
-0.3975830078125,-0.722412109375,0.48779296875,50.1984732824427,83.2977099236641,-94,10
-0.3917236328125,-0.726806640625,0.4954833984375,54.3664122137405,81.618320610687,-92.8549618320611,10
-0.4202880859375,-0.731201171875,0.533935546875,60.3969465648855,86.3206106870229,-98.3358778625954,10.001
-0.419189453125,-0.705078125,0.541748046875,58.5801526717557,87.0076335877863,-96.2137404580153,10.265
-0.439697265625,-0.5849609375,0.5552978515625,57.0229007633588,68.5648854961832,-77.8931297709924,10.267
-0.4791259765625,-0.591552734375,0.588134765625,67.4045801526718,81.3740458015267,-91.1450381679389,10.267
-0.4676513671875,-0.6297607421875,0.6339111328125,68.2137404580153,81.5725190839695,-90.5801526717557,10.268
-0.510986328125,-0.635498046875,0.615234375,64.9770992366412,81.0534351145038,-90.0916030534351,10.534
-0.492431640625,-0.62060546875,0.6641845703125,64.8091603053435,80.6717557251908,-85.8167938931298,10.535
-0.5438232421875,-0.6690673828125,0.6529541015625,65.7404580152672,82.763358778626,-84.5801526717557,10.535
-0.54638671875,-0.684326171875,0.4326171875,70.2290076335878,103.465648854962,-100.854961832061,10.536
-0.5225830078125,-0.68212890625,0.4320068359375,68.8396946564885,102.549618320611,-101.206106870229,10.62
-0.5673828125,-0.6746826171875,0.4310302734375,71.3893129770992,97.6488549618321,-100.625954198473,10.621
-0.5726318359375,-0.700927734375,0.4306640625,64.8549618320611,99.2824427480916,-99.7709923664122,10.622
-0.4927978515625,-0.6549072265625,0.45263671875,40.412213740458,66.4427480916031,-72.7480916030534,10.804
-0.49072265625,-0.645751953125,0.442138671875,33.3129770992366,61.1908396946565,-74.9923664122137,10.805
-0.48974609375,-0.642822265625,0.438720703125,35.3740458015267,64.381679389313,-70.2748091603053,10.806
-0.489013671875,-0.6407470703125,0.405029296875,29.4503816793893,63.6641221374046,-69.4961832061069,10.808
-0.4881591796875,-0.6690673828125,0.4029541015625,31.4198473282443,62.9160305343511,-68.6870229007634,10.81
-0.3951416015625,-0.7144775390625,0.560302734375,24.9465648854962,36.9465648854962,-57.3587786259542,10.891
-0.408447265625,-0.7056884765625,0.555419921875,21.8473282442748,33.7709923664122,-58.0458015267176,10.892
-0.3616943359375,-0.7080078125,0.54833984375,22.0763358778626,34.7328244274809,-58.030534351145,10.894
-0.369384765625,-0.813232421875,0.5523681640625,26.0916030534351,56.4274809160305,-63.0534351145038,10.895
-0.3712158203125,-0.8179931640625,0.5712890625,31.5725190839695,54.6106870229008,-63.2213740458015,10.898
-0.371337890625,-0.8154296875,0.530029296875,30.9770992366412,62.793893129771,-63.5419847328244,10.899
-0.372802734375,-0.7415771484375,0.46142578125,65.0534351145038,98.1374045801527,-73.9847328244275,10.9
-0.3677978515625,-0.7381591796875,0.45849609375,66.3358778625954,95.8625954198473,-82.3969465648855,10.901
-0.365966796875,-0.736083984375,0.4576416015625,68.5648854961832,96.793893129771,-80.8702290076336,10.902
-0.365234375,-0.734619140625,0.4566650390625,69.3587786259542,101.709923664122,-87.1603053435115,10.903
-0.364990234375,-0.7646484375,0.4561767578125,70.0458015267176,102.748091603053,-85.5725190839695,10.904
-0.3729248046875,-0.7247314453125,0.5059814453125,75.4809160305343,106.717557251908,-99.4809160305343,11.165
-0.3724365234375,-0.7200927734375,0.5101318359375,75.4656488549618,106.641221374046,-96.0610687022901,11.171
-0.3712158203125,-0.68408203125,0.514404296875,75.6488549618321,106.442748091603,-96.2748091603053,11.171
-0.3695068359375,-0.6748046875,0.490478515625,75.969465648855,106.045801526718,-95.9541984732824,11.172
-0.369873046875,-0.702392578125,0.4964599609375,72.763358778626,106,-99.3893129770992,11.173
-0.369873046875,-0.69775390625,0.53125,73.2213740458015,105.923664122137,-98.7175572519084,11.25
-0.3685302734375,-0.69580078125,0.5355224609375,73.5114503816794,105.832061068702,-97.8931297709924,11.251
-0.3634033203125,-0.6929931640625,0.541259765625,73.8778625954198,105.648854961832,-92.5038167938931,11.253
-0.3905029296875,-0.6912841796875,0.54248046875,74,101.603053435115,-91.9389312977099,11.253
-0.3865966796875,-0.690185546875,0.5435791015625,74.0610687022901,101.541984732824,-95.4045801526718,11.254
-0.3775634765625,-0.6966552734375,0.543701171875,74.0916030534351,101.801526717557,-94.8854961832061,11.255
-0.4775390625,-0.752685546875,0.4945068359375,80.5496183206107,96.381679389313,-97.6641221374046,11.256
-0.4833984375,-0.727783203125,0.5001220703125,82.0458015267176,96.9312977099237,-96.6717557251908,11.434
-0.4599609375,-0.6658935546875,0.4442138671875,86.9007633587786,101.63358778626,-97.5572519083969,11.435
-0.4620361328125,-0.638671875,0.390625,81.6641221374046,99.8778625954198,-95.7557251908397,11.435
-0.46484375,-0.5867919921875,0.3740234375,83.1603053435115,101.251908396947,-93.8931297709924,11.436
-0.5364990234375,-0.61083984375,0.4140625,57.8931297709924,107.923664122137,-86.5801526717557,11.437
-0.56591796875,-0.6671142578125,0.3934326171875,59.4656488549618,108.274809160305,-81.9236641221374,11.93
-0.5509033203125,-0.645263671875,0.3975830078125,55.8778625954198,108.458015267176,-80.1679389312977,11.932
-0.5992431640625,-0.649658203125,0.400390625,50.3664122137405,108.427480916031,-83.0534351145038,11.933
-0.5831298828125,-0.6505126953125,0.40283203125,52.7480916030534,108.259541984733,-77.8625954198473,11.934
-0.6097412109375,-0.6893310546875,0.4453125,50.9923664122137,108.030534351145,-78.2137404580153,11.935
-0.6190185546875,-0.690673828125,0.4505615234375,48.2900763358779,110.961832061069,-75.9541984732824,11.968
-0.4896240234375,-0.71630859375,0.4544677734375,53.2213740458015,85.5419847328244,-62.5343511450382,12.059
-0.51123046875,-0.71826171875,0.455078125,53.9083969465649,85.206106870229,-68.0152671755725,12.06
-0.501953125,-0.7176513671875,0.453125,54.6717557251908,84.7786259541985,-65.8473282442748,12.061
-0.457275390625,-0.7147216796875,0.4818115234375,59.6335877862595,87.6488549618321,-69.7862595419847,12.063
-0.45361328125,-0.7156982421875,0.482666015625,59.8320610687023,87.1908396946565,-75.7099236641221,12.064
-0.4349365234375,-0.644287109375,0.5006103515625,34.7328244274809,79.7251908396947,-66.7480916030534,12.065
-0.4228515625,-0.6650390625,0.468017578125,34.0916030534351,78.763358778626,-61.6641221374046,12.065
-0.442138671875,-0.65966796875,0.5023193359375,33.3435114503817,74.1832061068702,-60.8549618320611,12.066
-0.4053955078125,-0.66748046875,0.513427734375,36.0152671755725,73.969465648855,-64.3664122137405,12.068
-0.4417724609375,-0.672119140625,0.5218505859375,30.9465648854962,73.8320610687023,-63.8320610687023,12.069
-0.3070068359375,-0.7176513671875,0.5728759765625,42.4732824427481,66.3358778625954,-56,12.07
-0.2938232421875,-0.7469482421875,0.51611328125,54.4580152671756,87.206106870229,-78.4427480916031,12.07
-0.2880859375,-0.7900390625,0.544677734375,60.4274809160305,90.2748091603053,-80.9465648854962,12.149
-0.2877197265625,-0.7666015625,0.54345703125,57.5267175572519,88,-84.2748091603053,12.152
-0.2904052734375,-0.7747802734375,0.5411376953125,64.1984732824427,95.0229007633588,-94.8396946564885,12.153
-0.288818359375,-0.7728271484375,0.5377197265625,61.8473282442748,92.412213740458,-98.1068702290076,12.154
-0.2861328125,-0.76904296875,0.531982421875,67.2671755725191,93.7404580152672,-97.4198473282443,12.155
-0.2843017578125,-0.7674560546875,0.4918212890625,64.6564885496183,99.0839694656488,-100.488549618321,12.156
-0.2857666015625,-0.766357421875,0.4873046875,70.8091603053435,102.198473282443,-109.862595419847,12.157
-0.2880859375,-0.7967529296875,0.514404296875,71.8778625954198,99.8015267175573,-108.335877862595,12.158
-0.2906494140625,-0.76611328125,0.5113525390625,68.9770992366412,101.312977099237,-114.427480916031,12.24
-0.2672119140625,-0.7720947265625,0.5098876953125,69.9847328244275,106.809160305344,-112.549618320611,12.244
-0.274169921875,-0.7711181640625,0.5081787109375,72.6259541984733,110.076335877863,-116.24427480916,12.424
-0.2808837890625,-0.7664794921875,0.505615234375,78.2442748091603,107.69465648855,-121.63358778626,12.425
-0.3179931640625,-0.78857421875,0.5010986328125,76.3511450381679,109.160305343511,-122.702290076336,12.426
-0.324462890625,-0.7457275390625,0.457275390625,82.4427480916031,114.534351145038,-119.63358778626,12.427
-0.303955078125,-0.7821044921875,0.460205078125,81.0076335877863,118.839694656489,-119.496183206107,12.428
-0.3463134765625,-0.7818603515625,0.46044921875,86.5038167938931,117.022900763359,-122.961832061069,12.603
-0.3553466796875,-0.745849609375,0.4560546875,84.0458015267176,122.503816793893,-122.24427480916,12.604
-0.33642578125,-0.7847900390625,0.45703125,90.0152671755725,125.374045801527,-116.763358778626,12.605
-0.379150390625,-0.769775390625,0.4639892578125,90.0916030534351,123.374045801527,-116.152671755725,12.689
-0.363037109375,-0.8209228515625,0.5047607421875,90.1526717557252,129.145038167939,-115.75572519084,12.874
-0.3968505859375,-0.854248046875,0.490234375,90.3664122137405,130.748091603053,-115.404580152672,12.875
-0.438232421875,-0.8558349609375,0.4888916015625,88.8854961832061,128.06106870229,-118.763358778626,12.876
-0.523193359375,-0.622314453125,0.4005126953125,106.412213740458,138.519083969466,-98.9007633587786,12.877
-0.564208984375,-0.617431640625,0.40234375,101.374045801527,136.442748091603,-94.9770992366412,12.878
-0.5726318359375,-0.6239013671875,0.4393310546875,100.458015267176,141.450381679389,-89.3282442748092,12.96
-0.551513671875,-0.666015625,0.4495849609375,103.450381679389,142.458015267176,-91.7251908396947,12.961
-0.5733642578125,-0.7254638671875,0.4339599609375,85.9847328244275,118.320610687023,-99.3282442748092,12.968
-0.525390625,-0.7237548828125,0.42919921875,80.9312977099237,114.641221374046,-102.595419847328,12.969
-0.518798828125,-0.7213134765625,0.4251708984375,80.1526717557252,109.236641221374,-100.152671755725,12.969
-0.520263671875,-0.6680908203125,0.47314453125,65.6946564885496,92.7022900763359,-106.152671755725,12.97
-0.4344482421875,-0.660400390625,0.5426025390625,18.5648854961832,50.5038167938931,-68.1984732824427,12.971
-0.4415283203125,-0.6253662109375,0.4993896484375,19.1450381679389,50.0152671755725,-67.5572519083969,12.972
-0.42041015625,-0.6016845703125,0.4942626953125,19.1297709923664,50.381679389313,-67.1450381679389,12.972
-0.40966796875,-0.59912109375,0.5328369140625,18.4427480916031,55.6793893129771,-66.8702290076336,12.973
-0.39501953125,-0.658203125,0.5576171875,20.8091603053435,59.9083969465649,-62.1526717557252,12.976
-0.4334716796875,-0.6820068359375,0.62158203125,29.5114503816794,54.030534351145,-64.3664122137405,13.272
-0.4298095703125,-0.676513671875,0.61572265625,30.0763358778626,54.2748091603053,-60.6106870229008,13.594
-0.426513671875,-0.67822265625,0.611328125,30.1221374045802,58.8854961832061,-60.7022900763359,13.595
-0.4251708984375,-0.68359375,0.6112060546875,30.0763358778626,57.175572519084,-64.3206106870229,13.598
-0.424560546875,-0.7236328125,0.6131591796875,30.1221374045802,58.4427480916031,-64.1374045801527,13.599
-0.4266357421875,-0.7032470703125,0.616943359375,30.2900763358779,63.8015267175573,-64.030534351145,13.6
-0.4342041015625,-0.75048828125,0.6217041015625,30.7175572519084,61.3435114503817,-64.030534351145,14.038
-0.468994140625,-0.75341796875,0.620361328125,36.4427480916031,67.7251908396947,-64.2137404580153,14.04
-0.4722900390625,-0.7530517578125,0.6165771484375,33.6946564885496,64.7786259541985,-64.2290076335878,14.042
-0.4776611328125,-0.7161865234375,0.636962890625,39.618320610687,66.2748091603053,-63.9083969465649,14.043
-0.478271484375,-0.7103271484375,0.62890625,40.5038167938931,70.4885496183206,-63.618320610687,14.044
-0.326904296875,-0.7608642578125,0.5216064453125,40.6259541984733,62.9618320610687,-89.8778625954198,14.129
-0.5115966796875,-0.6126708984375,0.4544677734375,65.3587786259542,113.374045801527,-81.9847328244275,14.131
-0.4871826171875,-0.62890625,0.4813232421875,65.0381679389313,110.442748091603,-76.8702290076336,14.132
-0.4886474609375,-0.6304931640625,0.478271484375,62.9465648854962,105.007633587786,-74.1832061068702,14.134
-0.490478515625,-0.6402587890625,0.4788818359375,56.8396946564885,107.465648854962,-75.4961832061069,14.135
-0.494140625,-0.6580810546875,0.4840087890625,54.5190839694656,106.106870229008,-69.2519083969466,14.136
-0.48291015625,-0.6988525390625,0.474853515625,40.9465648854962,65.0992366412214,-46.5038167938931,14.138
-0.480224609375,-0.699462890625,0.4693603515625,39.7099236641221,67.4198473282443,-52.2137404580153,14.139
-0.477294921875,-0.7008056640625,0.4326171875,34.9923664122137,66.6259541984733,-50.1221374045802,14.14
-0.4739990234375,-0.6722412109375,0.427734375,34,61.9847328244275,-55.9236641221374,14.142
-0.4366455078125,-0.6759033203125,0.448974609375,36.8396946564885,60.6259541984733,-59.7557251908397,14.143
-0.4375,-0.720458984375,0.421875,29.2519083969466,62.9465648854962,-65.9847328244275,14.144
-0.3292236328125,-0.719482421875,0.4637451171875,27.618320610687,60.9923664122137,-62.5190839694656,14.145
-0.335693359375,-0.7054443359375,0.4937744140625,27.3587786259542,62.3358778625954,-66.5954198473282,14.22
-0.341796875,-0.759033203125,0.5322265625,25.7862595419847,66.793893129771,-66.7328244274809,14.222
-0.3380126953125,-0.76318359375,0.533447265625,31.8320610687023,66.5038167938931,-67.0381679389313,14.225
-0.333740234375,-0.7369384765625,0.532958984375,29.969465648855,66.5801526717557,-67.5725190839695,14.226
-0.332763671875,-0.7490234375,0.5343017578125,35.6946564885496,67.2213740458015,-68.2748091603053,14.228
-0.337890625,-0.7845458984375,0.5340576171875,39.0992366412214,65.4809160305343,-65.5725190839695,14.231
-0.33984375,-0.785888671875,0.5333251953125,40.824427480916,70.5343511450382,-65.9083969465649,14.232
-0.3428955078125,-0.78955078125,0.534423828125,38.3511450381679,71.8931297709924,-66.2442748091603,14.405
-0.3609619140625,-0.7796630859375,0.51611328125,43.2824427480916,71.2519083969466,-70.824427480916,14.41
-0.40673828125,-0.8233642578125,0.5262451171875,44.8396946564885,72.7480916030534,-70.8854961832061,14.411
-0.4190673828125,-0.80078125,0.5687255859375,42,73.7251908396947,-70.7480916030534,14.412
-0.398681640625,-0.8065185546875,0.547119140625,47.1908396946565,78.2595419847328,-70.4427480916031,14.413
-0.4456787109375,-0.800537109375,0.55078125,48.8396946564885,78.5496183206107,-65.2977099236641,14.764
-0.4482421875,-0.8236083984375,0.5775146484375,52.4885496183206,78.3206106870229,-68.0458015267176,14.765
-0.447998046875,-0.8155517578125,0.5706787109375,50.0610687022901,78.2137404580153,-66.7022900763359,14.766
-0.4459228515625,-0.7767333984375,0.5302734375,55.1603053435115,78.3206106870229,-61.3893129770992,14.768
-0.4400634765625,-0.791748046875,0.541015625,56.1679389312977,78.9618320610687,-58.5648854961832,14.769
-0.40380859375,-0.7823486328125,0.4984130859375,53.8625954198473,79.3435114503817,-57.3893129770992,15.034
-0.443115234375,-0.763427734375,0.4891357421875,55.1450381679389,80.0763358778626,-58.6259541984733,15.035
-0.4451904296875,-0.7635498046875,0.49365234375,54.9007633587786,79.1450381679389,-62.8549618320611,15.036
-0.447021484375,-0.7640380859375,0.53369140625,54.793893129771,74.1374045801527,-63.5419847328244,15.038
-0.445068359375,-0.7633056640625,0.53564453125,54.8396946564885,75.4503816793893,-63.8625954198473,15.038
-0.44091796875,-0.76318359375,0.5369873046875,54.9160305343511,70.1679389312977,-64.2748091603053,15.395
-0.39306640625,-0.7496337890625,0.5823974609375,50.8549618320611,75.0687022900763,-65.4503816793893,15.396
-0.4219970703125,-0.8253173828125,0.61181640625,46.1679389312977,75.587786259542,-65.0839694656488,15.396
-0.4791259765625,-0.8228759765625,0.6376953125,51.5419847328244,68.7022900763359,-68.0763358778626,15.481
-0.48193359375,-0.774658203125,0.5859375,52.3664122137405,70.6259541984733,-67.8473282442748,15.484
-0.4801025390625,-0.7354736328125,0.550048828125,49.4351145038168,64.9007633587786,-67.3587786259542,15.485
-0.48388671875,-0.7464599609375,0.4776611328125,98.381679389313,137.435114503817,-84.7786259541985,15.488
-0.4676513671875,-0.7825927734375,0.4337158203125,103.389312977099,139.541984732824,-92.2595419847328,15.488
-0.5107421875,-0.745361328125,0.442626953125,115.75572519084,155.801526717557,-103.450381679389,15.489
-0.515625,-0.742919921875,0.4005126953125,120.671755725191,164.381679389313,-107.114503816794,15.491
-0.488525390625,-0.7412109375,0.3916015625,128.977099236641,168.519083969466,-110.763358778626,15.492
-0.5916748046875,-0.630859375,0.512451171875,114.931297709924,132.900763358779,-111.175572519084,15.494
-0.586181640625,-0.6273193359375,0.5093994140625,110.763358778626,123.221374045802,-109.786259541985,15.494
-0.579345703125,-0.59326171875,0.5081787109375,103.93893129771,119.954198473282,-105.068702290076,15.496
-0.538818359375,-0.4857177734375,0.4608154296875,76.4427480916031,86.8702290076336,-102.274809160305,15.754
-0.5423583984375,-0.5357666015625,0.5072021484375,73.1145038167939,83.4198473282443,-97.206106870229,15.756
-0.528564453125,-0.5777587890625,0.54248046875,74.2900763358779,80.0763358778626,-96.0458015267176,15.757
-0.565673828125,-0.55712890625,0.5213623046875,71.4045801526718,68.8702290076336,-93.5114503816794,15.758
-0.5667724609375,-0.596923828125,0.529052734375,66.3511450381679,65.2824427480916,-92.1832061068702,15.934
-0.5694580078125,-0.60888671875,0.577392578125,67.206106870229,63.5725190839695,-89.3435114503817,15.935
-0.5654296875,-0.607421875,0.55078125,61.7557251908397,57.0534351145038,-91.5419847328244,15.938
-0.526611328125,-0.6080322265625,0.55517578125,63.6793893129771,54.6259541984733,-85.969465648855,15.939
-0.518798828125,-0.5804443359375,0.6015625,57.3893129770992,56.4274809160305,-84.5190839694657,15.942
-0.5406494140625,-0.6273193359375,0.5806884765625,56.1984732824427,49.0076335877863,-86.0152671755725,16.409
-0.5374755859375,-0.6357421875,0.5882568359375,49.9541984732824,51.2213740458015,-81.0534351145038,16.412
-0.419189453125,-0.6845703125,0.55224609375,41.0076335877863,57.7099236641221,-74.5648854961832,16.42
-0.4072265625,-0.7210693359375,0.5770263671875,43.7557251908397,61.2519083969466,-78.824427480916,16.564
-0.370361328125,-0.722900390625,0.572021484375,41.3740458015267,66.8854961832061,-77.1297709923664,16.567
-0.3668212890625,-0.7261962890625,0.569091796875,42.8702290076336,64.7022900763359,-83.3740458015267,16.57
-0.3297119140625,-0.6141357421875,0.5499267578125,65.5725190839695,89.8931297709924,-96.2595419847328,16.57
-0.3812255859375,-0.6168212890625,0.5599365234375,71.4198473282443,89.175572519084,-97.2977099236641,16.573
-0.3607177734375,-0.61572265625,0.598876953125,69.0839694656488,94.1984732824427,-97.3587786259542,16.653
-0.3702392578125,-0.6114501953125,0.604736328125,74.5801526717557,95.0534351145038,-97.0534351145038,16.653
-0.4095458984375,-0.630859375,0.6092529296875,76.1068702290076,95.6335877862595,-96.4274809160305,16.654
-0.4437255859375,-0.6966552734375,0.6571044921875,78.9770992366412,98.7022900763359,-98.3358778625954,16.657
-0.5357666015625,-0.698486328125,0.418701171875,67.9541984732824,107.603053435115,-93.4656488549618,16.658
-0.540283203125,-0.701904296875,0.4149169921875,67.2671755725191,110.412213740458,-93.1145038167939,16.66
-0.4564208984375,-0.7135009765625,0.449951171875,51.7709923664122,73.2824427480916,-66.3664122137405,16.661
-0.4559326171875,-0.7362060546875,0.4515380859375,52,78.7175572519084,-69.7404580152672,16.663
-0.457275390625,-0.7447509765625,0.422119140625,52.4427480916031,79.7557251908397,-75.5419847328244,16.665
-0.457275390625,-0.7825927734375,0.424072265625,49.0534351145038,76.8549618320611,-73.587786259542,16.667
-0.4573974609375,-0.7904052734375,0.427978515625,49.5725190839695,77.9083969465649,-79.5419847328244,16.667
-0.4744873046875,-0.7535400390625,0.427001953125,54.6717557251908,87.1450381679389,-91.0687022900763,16.669
-0.470458984375,-0.710693359375,0.4222412109375,58.9923664122137,87.7709923664122,-88.1679389312977,16.74
-0.4315185546875,-0.7281494140625,0.4444580078125,59.4351145038168,84.2442748091603,-88.9770992366412,16.83
-0.42333984375,-0.686279296875,0.438720703125,59.5419847328244,84.824427480916,-89.7251908396947,16.832
-0.4259033203125,-0.728515625,0.4520263671875,54.0152671755725,91.4351145038168,-95.3282442748092,16.833
-0.47021484375,-0.71337890625,0.4730224609375,53.2671755725191,89.0076335877863,-92.030534351145,16.835
-0.483642578125,-0.758544921875,0.46533203125,53.2671755725191,89.7251908396947,-92.3358778625954,16.836
-0.4603271484375,-0.7353515625,0.490966796875,54.1374045801527,89.3435114503817,-92.4274809160305,16.838
-0.4830322265625,-0.7645263671875,0.4930419921875,57.4198473282443,90.7175572519084,-92.4885496183206,16.839
-0.4754638671875,-0.73583984375,0.497802734375,58.4427480916031,89.9389312977099,-92.8702290076336,16.84
-0.473876953125,-0.743896484375,0.539306640625,62.8854961832061,85.8015267175573,-93.4809160305343,16.841
-0.47900390625,-0.7479248046875,0.5224609375,63.7557251908397,85.6488549618321,-97.9389312977099,16.841
-0.47998046875,-0.7449951171875,0.524169921875,62.2442748091603,84.5954198473282,-98.2900763358779,16.842
-0.487060546875,-0.68212890625,0.56591796875,66.8549618320611,85.0687022900763,-85.5725190839695,16.843
-0.515380859375,-0.699462890625,0.5626220703125,61.969465648855,84.3511450381679,-83.5114503816794,16.921
-0.5093994140625,-0.6878662109375,0.52783203125,61.1603053435115,87.7404580152672,-76.5190839694657,16.922
-0.5018310546875,-0.649658203125,0.5247802734375,64.1374045801527,87.1908396946565,-73.618320610687,16.923
-0.46240234375,-0.6412353515625,0.5172119140625,63.2824427480916,86.5954198473282,-74.8854961832061,17.212
-0.47509765625,-0.668212890625,0.5428466796875,58.3664122137405,81.175572519084,-70.381679389313,17.214
-0.4354248046875,-0.6669921875,0.5380859375,57.7557251908397,80.5496183206107,-64.763358778626,17.22
-0.4278564453125,-0.6685791015625,0.53564453125,57.0076335877863,83.969465648855,-67.3587786259542,17.221
-0.44921875,-0.650146484375,0.542724609375,59.9847328244275,83.6030534351145,-62.4732824427481,17.224
-0.44775390625,-0.6888427734375,0.5164794921875,54.4427480916031,82.8854961832061,-61.6641221374046,17.28
-0.446533203125,-0.6927490234375,0.5205078125,54.0458015267176,82.2137404580153,-61.5572519083969,17.282
-0.44287109375,-0.6927490234375,0.5220947265625,53.8778625954198,77.3129770992366,-61.5725190839695,17.283
-0.401611328125,-0.692138671875,0.5224609375,53.3587786259542,79.2824427480916,-62.2137404580153,17.284
-0.3988037109375,-0.6937255859375,0.524658203125,52.9618320610687,78.5954198473282,-66.6412213740458,17.464
-0.3961181640625,-0.6953125,0.527587890625,56.5801526717557,74.0610687022901,-67.1450381679389,17.465
-0.3924560546875,-0.7008056640625,0.5626220703125,56.4732824427481,73.4503816793893,-67.5725190839695,17.468
-0.3338623046875,-0.729248046875,0.515869140625,61.969465648855,91.3893129770992,-86.3664122137405,17.469
-0.3621826171875,-0.7373046875,0.574462890625,62.030534351145,94.3206106870229,-86.5190839694657,17.477
-0.420166015625,-0.7855224609375,0.5594482421875,68.381679389313,91.8473282442748,-86.2900763358779,17.986
-0.4013671875,-0.7967529296875,0.5562744140625,74.6259541984733,95.236641221374,-86.2290076335878,18.006
-0.455078125,-0.830322265625,0.5328369140625,90.412213740458,100.503816793893,-94.9312977099237,18.007
-0.5035400390625,-0.854248046875,0.48681640625,92.4732824427481,105.511450381679,-98.6259541984733,18.011
-0.51318359375,-0.8092041015625,0.4676513671875,99.5114503816794,108.335877862595,-96.3358778625954,18.013
-0.4932861328125,-0.81982421875,0.4774169921875,102.458015267176,115.129770992366,-97.6793893129771,18.276
-0.5164794921875,-0.7357177734375,0.39990234375,106.259541984733,116.931297709924,-103.190839694656,18.635
-0.613037109375,-0.7227783203125,0.378662109375,83.3740458015267,121.450381679389,-114.24427480916,18.994
-0.61572265625,-0.723388671875,0.3798828125,83.9236641221374,119.145038167939,-113.358778625954,19.001
-0.615966796875,-0.721435546875,0.3792724609375,80.8091603053435,118.595419847328,-108.290076335878,19.002
-0.6143798828125,-0.6856689453125,0.3773193359375,81.6641221374046,118.427480916031,-110.778625954198,19.003
-0.5546875,-0.674072265625,0.4276123046875,66.9312977099237,94.6412213740458,-88.1374045801527,19.006
-0.5167236328125,-0.6998291015625,0.45361328125,58.4580152671756,90.0610687022901,-84.8396946564885,19.08
-0.4947509765625,-0.6234130859375,0.4693603515625,63.5572519083969,85.6030534351145,-84.0458015267176,19.082
-0.5147705078125,-0.615966796875,0.47021484375,63.6488549618321,85.1450381679389,-86.2748091603053,19.082
-0.5135498046875,-0.62353515625,0.4808349609375,57.9541984732824,85.6641221374046,-81.7557251908397,19.084
-0.3619384765625,-0.706298828125,0.597900390625,31.4961832061069,54.793893129771,-52.9770992366412,19.085
-0.47021484375,-0.6480712890625,0.4071044921875,69.5725190839695,105.068702290076,-86.1526717557252,19.265
-0.449462890625,-0.68359375,0.4493408203125,39.0229007633588,94.5343511450382,-73.236641221374,19.351
-0.4241943359375,-0.72119140625,0.452392578125,37.5572519083969,94.4732824427481,-74.6106870229008,19.353
-0.4305419921875,-0.73046875,0.425537109375,40.0152671755725,94.3358778625954,-72.030534351145,19.356
-0.470458984375,-0.7109375,0.4427490234375,34.7480916030534,94.2595419847328,-65.5114503816794,19.358
-0.4658203125,-0.7413330078125,0.4556884765625,36.7175572519084,94.2595419847328,-64.0152671755725,19.359
-0.496826171875,-0.7904052734375,0.4879150390625,37.6030534351145,90,-45.7709923664122,19.361
-0.4913330078125,-0.767822265625,0.48828125,40.1374045801527,85.0076335877863,-41.8931297709924,19.362
-0.4901123046875,-0.7767333984375,0.490478515625,41.1603053435115,84.8854961832061,-44.3969465648855,19.367
-0.4912109375,-0.8173828125,0.49560546875,42.030534351145,84.9160305343512,-43.3893129770992,19.368
-0.491943359375,-0.816162109375,0.4969482421875,47.3282442748092,84.7022900763359,-38.8702290076336,19.368
-0.512451171875,-0.7449951171875,0.513427734375,51.3740458015267,87.1603053435115,-38.4580152671756,19.368
-0.4376220703125,-0.7105712890625,0.4630126953125,45.7099236641221,69.0381679389313,-67.8625954198473,19.369
-0.495361328125,-0.71875,0.5382080078125,54.3206106870229,74.0152671755725,-67.4961832061069,19.534
-0.4937744140625,-0.7109375,0.53662109375,59.4809160305344,78.3358778625954,-61.4503816793893,19.536
-0.4892578125,-0.704833984375,0.5350341796875,56.7175572519084,78.7175572519084,-63.3129770992366,19.537
-0.5142822265625,-0.7314453125,0.5338134765625,57.7557251908397,79.0687022900763,-57.6793893129771,19.538
-0.4661865234375,-0.726318359375,0.4952392578125,63.6488549618321,79.3893129770992,-59.175572519084,19.54
-0.455810546875,-0.7254638671875,0.4912109375,60.763358778626,79.5267175572519,-54.6259541984733,20.107
-0.4749755859375,-0.72705078125,0.4879150390625,61.7557251908397,79.7404580152672,-54.4885496183206,20.119
-0.422119140625,-0.7093505859375,0.5147705078125,67.618320610687,76.8854961832061,-59.618320610687,20.158
-0.4449462890625,-0.716552734375,0.5133056640625,64.9160305343512,77.7251908396947,-57.0839694656489,20.159
-0.4046630859375,-0.7532958984375,0.5113525390625,66.2748091603053,82.5343511450382,-62.824427480916,20.528
-0.39501953125,-0.7579345703125,0.505615234375,71.587786259542,83.5114503816794,-61.1450381679389,20.53
-0.3646240234375,-0.736328125,0.4625244140625,77.7709923664122,89.8473282442748,-94.7786259541985,20.53
-0.371337890625,-0.7509765625,0.4598388671875,82.6106870229008,94.3969465648855,-96,20.531
-0.3734130859375,-0.707763671875,0.4576416015625,80.6106870229008,95.1450381679389,-101.740458015267,20.532
-0.4068603515625,-0.726806640625,0.453125,81.3587786259542,95.3129770992366,-103.160305343511,20.611
-0.415771484375,-0.6773681640625,0.4559326171875,81.9083969465649,91.8625954198473,-100.809160305344,20.612
-0.5709228515625,-0.5914306640625,0.41015625,48.8549618320611,95.1297709923664,-77.8625954198473,20.613
-0.5982666015625,-0.6199951171875,0.404052734375,51.236641221374,93.0992366412214,-76.9465648854962,20.614
-0.4044189453125,-0.7132568359375,0.4027099609375,69.2213740458015,104.931297709924,-94.1984732824427,20.615
-0.4422607421875,-0.7132568359375,0.40234375,69.2977099236641,110.992366412214,-95.206106870229,20.616
-0.485595703125,-0.6905517578125,0.42578125,45.9236641221374,84.6564885496183,-67.587786259542,20.616
-0.5126953125,-0.693603515625,0.4287109375,46.1984732824427,84.5954198473282,-66.9770992366412,20.618
-0.5113525390625,-0.7008056640625,0.4334716796875,46.2442748091603,84.7175572519084,-66.5954198473282,20.619
-0.5128173828125,-0.7244873046875,0.4539794921875,46.1832061068702,84.7786259541985,-62.5190839694656,20.62
-0.514892578125,-0.709228515625,0.4676513671875,46.1984732824427,84.4427480916031,-66.7786259541985,20.622
-0.532470703125,-0.796142578125,0.5665283203125,52.2137404580153,82.3969465648855,-66.3511450381679,20.622
-0.53271484375,-0.7686767578125,0.5477294921875,49.0687022900763,76.5343511450382,-70.8396946564885,21.065
-0.5321044921875,-0.796630859375,0.5487060546875,50.6259541984733,72.5343511450382,-71.3587786259542,21.066
-0.4984130859375,-0.7889404296875,0.54736328125,55.3282442748092,74.4274809160305,-71.0687022900763,21.067
-0.4844970703125,-0.73779296875,0.574462890625,55.8473282442748,68.6259541984733,-70.4580152671756,21.151
-0.506591796875,-0.7626953125,0.5750732421875,55.7251908396947,65.7099236641221,-64.7786259541985,21.154
-0.464599609375,-0.75732421875,0.5748291015625,55.587786259542,64.5190839694657,-67.6946564885496,21.155
-0.4835205078125,-0.7525634765625,0.5745849609375,55.6641221374046,67.4351145038168,-66.7022900763359,21.155
-0.4251708984375,-0.7091064453125,0.5677490234375,56.0152671755725,66.6259541984733,-61.1297709923664,21.425
-0.4415283203125,-0.7327880859375,0.5311279296875,53.3129770992366,61.8167938931298,-64.3664122137405,21.425
-0.39453125,-0.7259521484375,0.524658203125,53.8167938931298,61.7404580152672,-63.8167938931298,21.426
-0.4105224609375,-0.7193603515625,0.517822265625,54.1221374045802,61.9236641221374,-63.4809160305344,21.695
-0.441650390625,-0.787109375,0.55419921875,64.5343511450382,73.6793893129771,-72.2595419847328,21.697
-0.4407958984375,-0.787109375,0.55419921875,65.2213740458015,78.8396946564885,-69.0839694656488,21.699
-0.4415283203125,-0.7833251953125,0.570556640625,65.7404580152672,76.7022900763359,-69.6488549618321,21.701
-0.4447021484375,-0.7828369140625,0.526611328125,66.3969465648855,82.793893129771,-70.0763358778626,21.703
-0.4178466796875,-0.7113037109375,0.412109375,77.2671755725191,100.854961832061,-76.5038167938931,21.782
-0.4212646484375,-0.71630859375,0.370849609375,77.6335877862595,103.93893129771,-82.7328244274809,21.783
-0.4022216796875,-0.760009765625,0.38671875,78.0610687022901,109.099236641221,-87.7862595419847,21.783
-0.484375,-0.755859375,0.4110107421875,60.1068702290076,94.5190839694657,-83.969465648855,21.784
-0.4554443359375,-0.7584228515625,0.4107666015625,58.7175572519084,89.3587786259542,-80.9618320610687,21.786
-0.464111328125,-0.7626953125,0.4088134765625,55.8167938931298,91.0381679389313,-86,22.105
-0.4486083984375,-0.737548828125,0.39892578125,53.0381679389313,91.0229007633588,-77.3282442748092,22.137
-0.4425048828125,-0.763916015625,0.490478515625,52.6717557251908,98.824427480916,-80.0152671755725,22.138
-0.422607421875,-0.7484130859375,0.543212890625,49.4809160305344,93.4809160305343,-79.8473282442748,22.413
-0.4254150390625,-0.7879638671875,0.523681640625,50.793893129771,95.0534351145038,-79.6946564885496,22.425
-0.4244384765625,-0.7928466796875,0.5289306640625,55.8473282442748,88.8091603053435,-79.7709923664122,22.426
-0.4422607421875,-0.7926025390625,0.526123046875,49.2213740458015,87.8015267175573,-79.4351145038168,22.427
-0.447265625,-0.766357421875,0.5301513671875,48.9465648854962,84.1068702290076,-78.793893129771,22.428
-0.4285888671875,-0.7696533203125,0.5672607421875,49.2213740458015,84.4274809160305,-73.1603053435115,22.681
-0.435791015625,-0.76806640625,0.56884765625,49.5725190839695,84.5648854961832,-75.8015267175573,22.683
-0.4716796875,-0.7947998046875,0.5687255859375,50.1221374045802,84.6259541984733,-70.2290076335878,22.685
-0.360595703125,-0.783935546875,0.4952392578125,76.9160305343512,96.1984732824427,-87.9236641221374,22.686
-0.3836669921875,-0.72900390625,0.542724609375,92.9312977099237,105.480916030534,-99.206106870229,22.687
-0.385986328125,-0.6820068359375,0.5408935546875,97.7557251908397,109.740458015267,-99.3587786259542,23.223
-0.386962890625,-0.6513671875,0.537109375,98.1832061068702,109.87786259542,-99.1908396946565,23.223
-0.4761962890625,-0.689697265625,0.3587646484375,115.389312977099,140.167938931298,-134.06106870229,23.224
-0.4556884765625,-0.6502685546875,0.3475341796875,119.129770992366,146.320610687023,-131.083969465649,23.224
-0.5091552734375,-0.64306640625,0.3057861328125,113.022900763359,150.076335877863,-131.87786259542,23.225
-0.4930419921875,-0.6497802734375,0.3101806640625,115.053435114504,148.030534351145,-132.06106870229,23.492
-0.5772705078125,-0.6126708984375,0.4859619140625,61.2671755725191,83.1145038167939,-51.3587786259542,23.494
-0.5750732421875,-0.6163330078125,0.4884033203125,61.6488549618321,77.5419847328244,-50.9465648854962,23.495
-0.5765380859375,-0.614501953125,0.48974609375,62.3969465648855,79.9847328244275,-46.5648854961832,23.496
-0.548828125,-0.6259765625,0.513671875,68.3206106870229,73.3435114503817,-45.1145038167939,23.498
-0.5521240234375,-0.58251953125,0.5081787109375,65.0076335877863,72.381679389313,-47.969465648855,23.578
-0.6278076171875,-0.5736083984375,0.5709228515625,29.3435114503817,18.2595419847328,-15.3740458015267,23.579
-0.60302734375,-0.5203857421875,0.518798828125,34.9770992366412,20.5190839694656,-20.9618320610687,23.58
-0.5538330078125,-0.492919921875,0.491943359375,40.9007633587786,20.1221374045802,-17.6030534351145,23.581
-0.571044921875,-0.4638671875,0.464111328125,38.030534351145,20.5496183206107,-18.3511450381679,23.581
-0.5291748046875,-0.440185546875,0.4443359375,37.587786259542,19.4351145038168,-19.2671755725191,23.582
-0.6080322265625,-0.695068359375,0.3753662109375,30.3511450381679,19.7557251908397,-61.7251908396947,23.583
-0.6058349609375,-0.6561279296875,0.3408203125,30.1832061068702,15.5419847328244,-60.7022900763359,23.584
-0.6041259765625,-0.6435546875,0.338134765625,29.8931297709924,15.7862595419847,-57.2824427480916,23.585
-0.604736328125,-0.6650390625,0.3359375,32.7175572519084,20.2290076335878,-59.0076335877863,23.585
-0.60400390625,-0.6209716796875,0.332763671875,31.8320610687023,20.8396946564886,-56.6259541984733,23.585
-0.5963134765625,-0.6380615234375,0.3597412109375,19.7404580152672,23.7557251908397,-39.0687022900763,23.586
-0.5509033203125,-0.6151123046875,0.3621826171875,11.206106870229,18.6870229007634,-36.5190839694656,23.67
-0.5712890625,-0.6678466796875,0.372802734375,11.9541984732824,18.6412213740458,-30.1679389312977,23.851
-0.5738525390625,-0.693115234375,0.421142578125,8.7175572519084,19.3435114503817,-32.3053435114504,23.852
-0.55322265625,-0.6925048828125,0.4395751953125,2.76335877862595,23.7099236641221,-28,23.854
-0.5760498046875,-0.6431884765625,0.438720703125,4.76335877862595,17.8778625954198,-25.236641221374,23.854
-0.564697265625,-0.6590576171875,0.4415283203125,-0.809160305343511,20.5496183206107,-18.5801526717557,23.855
-0.5238037109375,-0.619384765625,0.449951171875,1.05343511450382,15.5419847328244,-19.6641221374046,23.941
-0.5443115234375,-0.617431640625,0.468994140625,-4.59541984732824,17.0076335877863,-13.206106870229,23.942
-0.5443115234375,-0.6204833984375,0.4752197265625,-5.83206106870229,15.6946564885496,-9.55725190839695,23.943
-0.517822265625,-0.6170654296875,0.47412109375,-5.05343511450382,10.4732824427481,-5.40458015267176,23.948
-0.5255126953125,-0.6383056640625,0.43603515625,0.0916030534351145,13.2519083969466,-0.656488549618321,23.949
-0.57080078125,-0.5828857421875,0.4476318359375,1.22137404580153,12.030534351145,10.7786259541985,23.95
-0.5858154296875,-0.5218505859375,0.35009765625,-33.6030534351145,-18.4885496183206,106.030534351145,23.95
-0.579345703125,-0.54638671875,0.3095703125,-36.824427480916,-19.3435114503817,100.290076335878,23.95
-0.6058349609375,-0.53955078125,0.30224609375,-36.1679389312977,-23.969465648855,102.076335877863,23.954
-0.602294921875,-0.5,0.3209228515625,-35.3740458015267,-24.4580152671756,95.8167938931298,23.954
-0.6048583984375,-0.5145263671875,0.31982421875,-30,-24.4885496183206,94.6259541984733,23.955
