0.806396484375,-0.23583984375,0.4647216796875,0.83969465648855,1.17557251908397,-4.93129770992366,0
0.8062744140625,-0.23681640625,0.465087890625,0.702290076335878,1.22137404580153,-4.79389312977099,0.0879999999999939
0.80615234375,-0.23828125,0.465576171875,0.625954198473282,1.25190839694656,-4.62595419847328,0.0899999999999892
0.806640625,-0.239013671875,0.4664306640625,0.564885496183206,1.25190839694656,-4.3206106870229,0.0899999999999892
0.806884765625,-0.2391357421875,0.467041015625,0.580152671755725,1.29770992366412,-4.22900763358779,0.0919999999999987
0.807373046875,-0.2396240234375,0.4677734375,0.595419847328244,1.32824427480916,-4.22900763358779,0.0919999999999987
0.80712890625,-0.2396240234375,0.467529296875,0.717557251908397,1.3587786259542,-4.33587786259542,0.0929999999999893
0.8062744140625,-0.2396240234375,0.466552734375,0.83969465648855,1.40458015267176,-4.6412213740458,0.0939999999999941
0.805908203125,-0.2396240234375,0.46630859375,1.06870229007634,1.38931297709924,-4.82442748091603,0.0949999999999989
0.8052978515625,-0.240234375,0.467041015625,1.11450381679389,1.38931297709924,-5.00763358778626,0.0949999999999989
0.8046875,-0.2408447265625,0.467041015625,1.19083969465649,1.3587786259542,-5.19083969465649,0.0959999999999894
0.8070068359375,-0.2398681640625,0.5018310546875,1.31297709923664,0.946564885496183,-5.77099236641221,0.177999999999997
0.8079833984375,-0.2408447265625,0.5018310546875,1.37404580152672,1.17557251908397,-2.01526717557252,0.177999999999997
0.8062744140625,-0.2413330078125,0.500732421875,1.48091603053435,1.58778625954198,-2.19847328244275,0.178999999999988
0.8035888671875,-0.240478515625,0.4686279296875,1.54198473282443,1.84732824427481,-2.27480916030534,0.178999999999988
0.802490234375,-0.23974609375,0.5,1.45038167938931,1.6030534351145,-2.3206106870229,0.179999999999993
0.8023681640625,-0.239501953125,0.5001220703125,1.29770992366412,1.38931297709924,-2.3969465648855,0.180999999999997
0.80224609375,-0.239990234375,0.5003662109375,1.14503816793893,1.16030534351145,-2.47328244274809,0.180999999999997
0.8037109375,-0.23974609375,0.50048828125,1.05343511450382,0.931297709923664,-2.50381679389313,0.181999999999988
0.804443359375,-0.239501953125,0.5,1.00763358778626,0.763358778625954,-2.58015267175573,0.182999999999993
0.80419921875,-0.2392578125,0.4676513671875,1.02290076335878,0.793893129770992,-2.65648854961832,0.265999999999991
0.803955078125,-0.238037109375,0.4671630859375,0.99236641221374,0.809160305343511,-2.68702290076336,0.265999999999991
0.804931640625,-0.2371826171875,0.46630859375,0.99236641221374,0.687022900763359,-2.62595419847328,0.266999999999996
0.8057861328125,-0.2369384765625,0.466064453125,0.99236641221374,0.595419847328244,-2.6412213740458,0.266999999999996
0.806396484375,-0.237060546875,0.46533203125,1.00763358778626,0.534351145038168,-2.68702290076336,0.268000000000001
0.8074951171875,-0.2364501953125,0.464599609375,0.99236641221374,0.519083969465649,-2.79389312977099,0.268000000000001
0.8070068359375,-0.2373046875,0.463623046875,0.99236641221374,0.534351145038168,-2.85496183206107,0.268999999999991
0.806884765625,-0.2386474609375,0.46484375,1.0381679389313,0.549618320610687,-2.83969465648855,0.268999999999991
0.8084716796875,-0.2403564453125,0.4652099609375,1.06870229007634,0.442748091603053,-2.77862595419847,0.269999999999996
0.80859375,-0.24072265625,0.466064453125,1.38931297709924,0.488549618320611,-2.76335877862595,0.356999999999999
0.8092041015625,-0.2418212890625,0.4669189453125,1.52671755725191,0.549618320610687,-2.67175572519084,0.356999999999999
0.811279296875,-0.2423095703125,0.4677734375,1.70992366412214,0.595419847328244,-2.58015267175573,0.356999999999999
0.8443603515625,-0.2415771484375,0.468017578125,-1.93893129770992,1.02290076335878,-2.58015267175573,0.356999999999999
0.8121337890625,-0.2413330078125,0.4676513671875,-1.52671755725191,1.3587786259542,-2.59541984732824,0.35799999999999
0.811767578125,-0.2410888671875,0.467529296875,-1.3587786259542,1.58778625954198,-2.58015267175573,0.358999999999995
0.8106689453125,-0.24072265625,0.467529296875,-1.25190839694656,1.72519083969466,-2.56488549618321,0.359999999999999
0.810302734375,-0.2396240234375,0.468017578125,-1.08396946564885,1.84732824427481,-2.48854961832061,0.359999999999999
0.8092041015625,-0.2386474609375,0.468017578125,-1.00763358778626,1.9236641221374,-2.44274809160305,0.359999999999999
0.8077392578125,-0.23828125,0.5001220703125,-0.961832061068702,-1.89312977099237,-2.41221374045802,0.446999999999989
0.8052978515625,-0.2374267578125,0.4686279296875,-0.931297709923664,-1.78625954198473,-2.33587786259542,0.446999999999989
0.80419921875,-0.2371826171875,0.4678955078125,-1.00763358778626,-1.6793893129771,-2.04580152671756,0.446999999999989
0.80419921875,-0.23681640625,0.468017578125,-1.02290076335878,-1.70992366412214,-5.74045801526718,0.447999999999993
0.8045654296875,-0.23583984375,0.467529296875,-1.0381679389313,-1.77099236641221,-5.45038167938931,0.535999999999987
0.8045654296875,-0.236083984375,0.467529296875,-1.17557251908397,-1.84732824427481,-5.31297709923664,0.535999999999987
0.804931640625,-0.236328125,0.4674072265625,-1.26717557251908,-1.9236641221374,-5.17557251908397,0.535999999999987
0.8057861328125,-0.236328125,0.46728515625,-1.3587786259542,1.93893129770992,-5.12977099236641,0.536999999999992
0.806640625,-0.236572265625,0.4676513671875,-1.49618320610687,-1.86259541984733,-5.31297709923664,0.536999999999992
0.8065185546875,-0.2371826171875,0.4681396484375,-1.49618320610687,-1.77099236641221,-5.49618320610687,0.537999999999997
0.805908203125,-0.238525390625,0.5,-1.52671755725191,-1.6793893129771,-5.66412213740458,0.538999999999987
0.80615234375,-0.23876953125,0.4683837890625,-1.52671755725191,-1.48091603053435,-2.01526717557252,0.539999999999992
0.8070068359375,-0.2391357421875,0.468505859375,-1.43511450381679,-1.38931297709924,-2.16793893129771,0.540999999999997
0.8074951171875,-0.239013671875,0.500732421875,-1.3587786259542,-1.25190839694656,-2.33587786259542,0.544999999999987
0.804443359375,-0.2392578125,0.502197265625,-1.0381679389313,-0.305343511450382,-3.06870229007634,0.628
0.8045654296875,-0.2393798828125,0.5028076171875,-0.931297709923664,-0.259541984732824,-3.09923664122137,0.628999999999991
0.8046875,-0.2392578125,0.5028076171875,-0.83969465648855,-0.198473282442748,-3.20610687022901,0.628999999999991
0.8037109375,-0.239501953125,0.50341796875,-0.732824427480916,-0.122137404580153,-3.34351145038168,0.628999999999991
0.802490234375,-0.239013671875,0.50390625,-0.625954198473282,-0.0610687022900763,-3.52671755725191,0.629999999999995
0.802001953125,-0.2381591796875,0.5040283203125,-0.458015267175573,-0.122137404580153,-3.54198473282443,0.629999999999995
0.802734375,-0.23779296875,0.5048828125,-0.412213740458015,-0.244274809160305,-3.51145038167939,0.629999999999995
0.80322265625,-0.2376708984375,0.50634765625,-0.320610687022901,-0.290076335877863,-3.48091603053435,0.631
0.802734375,-0.2362060546875,0.5072021484375,-0.0916030534351145,-0.412213740458015,-3.45038167938931,0.631
0.8026123046875,-0.2357177734375,0.5069580078125,3.90839694656489,-0.442748091603053,-3.41984732824427,0.716999999999999
0.801025390625,-0.2349853515625,0.5076904296875,3.93893129770992,-0.381679389312977,-3.32824427480916,0.716999999999999
0.8009033203125,-0.2366943359375,0.50927734375,-0.0610687022900763,-0.381679389312977,-3.09923664122137,0.717999999999989
0.7999267578125,-0.2403564453125,0.510986328125,-0.0458015267175573,-0.0458015267175573,-2.62595419847328,0.718999999999994
0.79736328125,-0.2401123046875,0.5101318359375,3.9236641221374,4.18320610687023,-2.35114503816794,0.718999999999994
0.826171875,-0.2396240234375,0.509033203125,3.9236641221374,4.3206106870229,-2.03053435114504,0.719999999999999
0.82470703125,-0.2392578125,0.508544921875,-0.0458015267175573,4.16793893129771,-5.55725190839695,0.719999999999999
0.825439453125,-0.2392578125,0.5096435546875,-0.183206106870229,-0.366412213740458,-5.00763358778626,0.720999999999989
0.827880859375,-0.2388916015625,0.5106201171875,-0.16793893129771,-0.656488549618321,-4.82442748091603,0.720999999999989
0.798828125,-0.2376708984375,0.51220703125,-0.106870229007634,-0.854961832061069,-4.73282442748092,0.806999999999988
0.801025390625,-0.235107421875,0.5125732421875,3.98473282442748,-0.977099236641221,-4.94656488549618,0.807999999999993
0.8001708984375,-0.2646484375,0.5130615234375,4.45801526717557,-0.99236641221374,-5.12977099236641,0.808999999999997
0.7991943359375,-0.263916015625,0.51318359375,4.6412213740458,-1.05343511450382,-5.2824427480916,0.809999999999988
0.7979736328125,-0.262939453125,0.5128173828125,4.82442748091603,-1.16030534351145,-5.40458015267176,0.810999999999993
0.8280029296875,-0.2618408203125,0.512451171875,5.17557251908397,-1.37404580152672,-5.6793893129771,0.811999999999998
0.826904296875,-0.2613525390625,0.5125732421875,5.29770992366412,-1.45038167938931,-5.74045801526718,0.811999999999998
0.825927734375,-0.2620849609375,0.512939453125,5.3587786259542,-1.52671755725191,-5.75572519083969,0.812999999999988
0.82568359375,-0.2633056640625,0.5137939453125,5.41984732824428,-1.58778625954198,-5.72519083969466,0.812999999999988
0.8236083984375,-0.263427734375,0.51513671875,5.57251908396947,-1.77099236641221,-5.52671755725191,0.897999999999996
0.8245849609375,-0.2628173828125,0.48486328125,5.64885496183206,1.93893129770992,-5.37404580152672,0.899999999999991
0.8258056640625,-0.2606201171875,0.4853515625,5.72519083969466,1.83206106870229,-5.2824427480916,0.900999999999996
0.82666015625,-0.260009765625,0.4864501953125,5.80152671755725,1.75572519083969,-5.20610687022901,0.900999999999996
0.7972412109375,-0.2598876953125,0.4873046875,5.78625954198473,1.72519083969466,-5.22137404580153,0.988
0.7979736328125,-0.259521484375,0.48779296875,5.77099236641221,1.78625954198473,-5.31297709923664,0.991
0.797119140625,-0.2587890625,0.4869384765625,5.74045801526718,-1.89312977099237,-5.57251908396947,0.99199999999999
0.7969970703125,-0.25830078125,0.4871826171875,5.69465648854962,-1.90839694656489,-5.70992366412214,0.992999999999995
0.8275146484375,-0.2576904296875,0.48681640625,5.6793893129771,1.9236641221374,-2.13740458015267,0.992999999999995
0.7969970703125,-0.25732421875,0.48779296875,5.49618320610687,1.6793893129771,-2.27480916030534,0.994
0.8280029296875,-0.2576904296875,0.4884033203125,5.37404580152672,1.61832061068702,-2.41221374045802,0.99499999999999
0.827880859375,-0.2572021484375,0.4876708984375,5.31297709923664,1.57251908396947,-2.53435114503817,0.99499999999999
0.8258056640625,-0.255615234375,0.4874267578125,5.12977099236641,1.46564885496183,-2.68702290076336,0.995999999999995
0.8260498046875,-0.2550048828125,0.487060546875,5.02290076335878,1.31297709923664,-2.61068702290076,0.997
0.7991943359375,-0.2520751953125,0.48779296875,4.3206106870229,0.67175572519084,-2.38167938931298,0.997
0.7998046875,-0.251708984375,0.488037109375,4.19847328244275,0.625954198473282,-2.38167938931298,1.07799999999999
0.800537109375,-0.25244140625,0.488037109375,4.06106870229008,0.687022900763359,-2.38167938931298,1.07899999999999
0.800048828125,-0.2525634765625,0.4881591796875,-0.0458015267175573,0.763358778625954,-2.41221374045802,1.08
0.7982177734375,-0.2523193359375,0.4869384765625,-0.122137404580153,0.900763358778626,-2.42748091603053,1.08099999999999
0.79736328125,-0.25244140625,0.4869384765625,-0.229007633587786,1.02290076335878,-2.36641221374046,1.08199999999999
0.82763671875,-0.2535400390625,0.4874267578125,-0.412213740458015,1.06870229007634,-2.16793893129771,1.08199999999999
0.82666015625,-0.254150390625,0.48779296875,-0.519083969465649,1.12977099236641,-2.06106870229008,1.083
0.8275146484375,-0.254638671875,0.48828125,-0.580152671755725,1.14503816793893,-5.78625954198473,1.08399999999999
0.8275146484375,-0.2542724609375,0.4886474609375,-0.641221374045801,1.14503816793893,-5.63358778625954,1.08399999999999
0.82763671875,-0.2535400390625,0.48828125,-0.67175572519084,1.11450381679389,-5.58778625954198,1.16799999999999
0.8280029296875,-0.2532958984375,0.4879150390625,-0.702290076335878,0.99236641221374,-5.55725190839695,1.169
0.797119140625,-0.2525634765625,0.488037109375,-0.687022900763359,0.854961832061069,-5.6030534351145,1.16999999999999
0.796875,-0.2520751953125,0.488037109375,-0.656488549618321,0.763358778625954,-1.96946564885496,1.17699999999999
0.8277587890625,-0.251953125,0.48779296875,-0.50381679389313,0.564885496183206,-2.15267175572519,1.17699999999999
0.8271484375,-0.2515869140625,0.4871826171875,-0.412213740458015,0.488549618320611,-2.30534351145038,1.17699999999999
0.8277587890625,-0.2518310546875,0.4876708984375,-0.366412213740458,0.351145038167939,-2.42748091603053,1.17699999999999
0.7972412109375,-0.2501220703125,0.4862060546875,-0.152671755725191,0.259541984732824,-2.67175572519084,1.17699999999999
0.7969970703125,-0.218017578125,0.486083984375,-0.213740458015267,0.213740458015267,-2.7175572519084,1.258
0.799072265625,-0.218017578125,0.4849853515625,-0.381679389312977,0.137404580152672,-2.6412213740458,1.259
0.799072265625,-0.2177734375,0.4859619140625,-0.793893129770992,0.33587786259542,-2.51908396946565,1.25999999999999
0.801513671875,-0.251708984375,0.4879150390625,-1.11450381679389,0.442748091603053,-2.24427480916031,1.261
0.80224609375,-0.25341796875,0.4886474609375,-1.26717557251908,0.778625954198473,-2.0763358778626,1.262
0.79736328125,-0.2545166015625,0.486572265625,-1.37404580152672,1.29770992366412,-2,1.26299999999999
0.826416015625,-0.254638671875,0.48583984375,-1.72519083969466,1.90839694656489,-5.51145038167939,1.26299999999999
0.8255615234375,-0.2548828125,0.4862060546875,-1.89312977099237,1.84732824427481,-5.34351145038168,1.264
0.8262939453125,-0.2554931640625,0.48681640625,1.87786259541985,1.6793893129771,-5.2824427480916,1.264
0.7974853515625,-0.2559814453125,0.4881591796875,1.81679389312977,1.37404580152672,-5.3587786259542,1.348
0.797607421875,-0.256103515625,0.4876708984375,1.90839694656489,1.32824427480916,-5.54198473282443,1.348
0.827880859375,-0.2559814453125,0.4869384765625,-1.84732824427481,1.32824427480916,-5.75572519083969,1.351
0.826904296875,-0.255859375,0.486328125,-1.72519083969466,1.2824427480916,-2.01526717557252,1.35199999999999
0.82421875,-0.256103515625,0.4859619140625,-1.61832061068702,1.17557251908397,-2.13740458015267,1.43799999999999
0.823486328125,-0.25634765625,0.4857177734375,-1.61832061068702,1.06870229007634,-2.04580152671756,1.43899999999999
0.823974609375,-0.256591796875,0.4852294921875,-1.63358778625954,0.931297709923664,-5.78625954198473,1.44
0.8236083984375,-0.25732421875,0.515380859375,-1.64885496183206,0.809160305343511,-5.66412213740458,1.44099999999999
0.8233642578125,-0.257568359375,0.4844970703125,-1.75572519083969,0.656488549618321,-5.41984732824428,1.443
0.8232421875,-0.2584228515625,0.484375,-1.87786259541985,0.625954198473282,-5.31297709923664,1.44399999999999
0.8245849609375,-0.25830078125,0.5155029296875,1.93893129770992,0.50381679389313,-5.08396946564886,1.44399999999999
0.8255615234375,-0.25927734375,0.484375,1.74045801526718,0.412213740458015,-5.00763358778626,1.446
0.826416015625,-0.2596435546875,0.4844970703125,1.66412213740458,0.381679389312977,-4.9618320610687,1.446
0.8258056640625,-0.25927734375,0.4844970703125,1.63358778625954,0.442748091603053,-5.0381679389313,1.44699999999999
0.826904296875,-0.262939453125,0.487548828125,1.57251908396947,1.23664122137405,-4.61068702290076,1.53099999999999
0.8272705078125,-0.2635498046875,0.4881591796875,1.6793893129771,1.26717557251908,-4.67175572519084,1.532
0.8271484375,-0.2647705078125,0.4884033203125,-1.93893129770992,1.26717557251908,-4.79389312977099,1.532
0.8270263671875,-0.26513671875,0.4891357421875,-1.6793893129771,1.17557251908397,-4.91603053435114,1.535
0.82666015625,-0.264892578125,0.4892578125,-1.38931297709924,1.09923664122137,-5.12977099236641,1.53599999999999
0.826171875,-0.2630615234375,0.488525390625,-0.900763358778626,0.793893129770992,-5.43511450381679,1.53599999999999
0.8267822265625,-0.2618408203125,0.48828125,-0.625954198473282,0.564885496183206,-5.52671755725191,1.53699999999999
0.82763671875,-0.260498046875,0.4884033203125,-0.427480916030534,0.33587786259542,-5.63358778625954,1.53699999999999
0.7982177734375,-0.2584228515625,0.48779296875,-0.183206106870229,0.0305343511450382,-5.78625954198473,1.61699999999999
0.7998046875,-0.2574462890625,0.488037109375,-0.106870229007634,-3.93893129770992,-5.81679389312977,1.61799999999999
0.8009033203125,-0.2564697265625,0.48876953125,-0.0916030534351145,-3.95419847328244,-5.83206106870229,1.619
0.80322265625,-0.2550048828125,0.488525390625,-0.106870229007634,-3.9236641221374,-5.84732824427481,1.621
0.8033447265625,-0.2545166015625,0.4886474609375,-0.0916030534351145,0.244274809160305,-5.86259541984733,1.622
0.8033447265625,-0.25390625,0.4888916015625,-0.106870229007634,0.412213740458015,-5.84732824427481,1.62299999999999
0.80322265625,-0.254150390625,0.489013671875,-0.16793893129771,0.580152671755725,-5.80152671755725,1.62299999999999
0.8028564453125,-0.2542724609375,0.488525390625,-0.229007633587786,0.99236641221374,-5.6793893129771,1.624
0.8017578125,-0.2547607421875,0.488525390625,-0.305343511450382,1.19083969465649,-5.58778625954198,1.625
0.8004150390625,-0.254638671875,0.4876708984375,-0.351145038167939,1.37404580152672,-5.51145038167939,1.70999999999999
0.7991943359375,-0.2548828125,0.4874267578125,-0.427480916030534,1.57251908396947,-5.41984732824428,1.711
0.79736328125,-0.2554931640625,0.488037109375,-0.641221374045801,1.69465648854962,-5.06870229007634,1.71199999999999
0.8275146484375,-0.25537109375,0.4884033203125,-0.717557251908397,1.66412213740458,-4.88549618320611,1.71299999999999
0.826904296875,-0.25537109375,0.4881591796875,-0.748091603053435,1.61832061068702,-4.70229007633588,1.714
0.8270263671875,-0.2547607421875,0.488037109375,-0.824427480916031,1.51145038167939,-4.42748091603053,1.71499999999999
0.8267822265625,-0.2542724609375,0.487548828125,-0.854961832061069,1.43511450381679,-4.41221374045802,1.71499999999999
0.8270263671875,-0.255126953125,0.4876708984375,-0.854961832061069,1.3587786259542,-4.44274809160305,1.71599999999999
0.8265380859375,-0.2548828125,0.487548828125,-0.778625954198473,1.32824427480916,-4.65648854961832,1.717
0.8267822265625,-0.255859375,0.4876708984375,-0.778625954198473,1.14503816793893,-4.77862595419847,1.80099999999999
0.826904296875,-0.2569580078125,0.487548828125,-0.809160305343511,1.08396946564885,-4.97709923664122,1.80199999999999
0.8251953125,-0.25732421875,0.4873046875,-0.83969465648855,1.14503816793893,-5.17557251908397,1.809
0.82666015625,-0.261474609375,0.489013671875,-1.14503816793893,1.17557251908397,-5.16030534351145,1.809
0.8260498046875,-0.263671875,0.4892578125,-1.22137404580153,1.45038167938931,-5.20610687022901,1.88799999999999
0.8233642578125,-0.2645263671875,0.4881591796875,-1.2824427480916,1.75572519083969,-5.19083969465649,1.89
0.8211669921875,-0.2647705078125,0.4864501953125,-1.38931297709924,1.9236641221374,-5.06870229007634,1.89099999999999
0.8206787109375,-0.264404296875,0.487060546875,-1.63358778625954,1.54198473282443,-4.76335877862595,1.892
0.821533203125,-0.2647705078125,0.488037109375,-1.69465648854962,1.23664122137405,-4.74809160305344,1.892
0.8228759765625,-0.26513671875,0.489501953125,-1.6793893129771,0.961832061068702,-4.79389312977099,1.893
0.8245849609375,-0.26416015625,0.4898681640625,-1.51145038167939,0.641221374045801,-5.25190839694656,1.89399999999999
0.8245849609375,-0.263427734375,0.4892578125,-1.08396946564885,0.534351145038168,-5.6030534351145,1.895
0.824462890625,-0.26318359375,0.4884033203125,-0.870229007633588,0.381679389312977,-2,1.895
0.8253173828125,-0.260498046875,0.4874267578125,-0.656488549618321,0.16793893129771,-2.27480916030534,1.896
0.7984619140625,-0.2542724609375,0.4881591796875,-0.564885496183206,-4.25954198473282,-2.25954198473282,1.97699999999999
0.79931640625,-0.254150390625,0.48828125,-0.656488549618321,-4.18320610687023,-2.04580152671756,1.97999999999999
0.800048828125,-0.2540283203125,0.4884033203125,-0.763358778625954,-4.04580152671756,-5.75572519083969,1.97999999999999
0.8016357421875,-0.25439453125,0.4886474609375,-0.885496183206107,0.137404580152672,-5.48091603053435,1.98099999999999
0.8017578125,-0.2540283203125,0.48876953125,-0.900763358778626,0.305343511450382,-5.38931297709924,1.982
0.8011474609375,-0.2542724609375,0.489501953125,-0.961832061068702,0.458015267175573,-5.34351145038168,1.98399999999999
0.8016357421875,-0.255859375,0.4896240234375,-1.02290076335878,0.534351145038168,-5.31297709923664,1.98399999999999
0.801025390625,-0.2562255859375,0.4893798828125,-1.00763358778626,0.870229007633588,-5.43511450381679,1.98599999999999
0.7996826171875,-0.25634765625,0.4884033203125,-1.02290076335878,1.08396946564885,-5.46564885496183,1.98599999999999
0.7978515625,-0.2567138671875,0.4881591796875,-1.05343511450382,1.20610687022901,-5.45038167938931,2.06699999999999
0.8267822265625,-0.257568359375,0.4886474609375,-1.09923664122137,1.22137404580153,-5.43511450381679,2.06899999999999
0.826416015625,-0.2579345703125,0.4888916015625,-1.20610687022901,1.05343511450382,-5.2824427480916,2.07199999999999
0.825927734375,-0.258056640625,0.4888916015625,-1.20610687022901,0.99236641221374,-5.23664122137405,2.07199999999999
0.8253173828125,-0.258056640625,0.48828125,-1.19083969465649,0.916030534351145,-5.22137404580153,2.07299999999999
0.8236083984375,-0.2587890625,0.4876708984375,-1.17557251908397,0.793893129770992,-5.2824427480916,2.07299999999999
0.8231201171875,-0.2593994140625,0.4874267578125,-1.06870229007634,0.687022900763359,-5.26717557251908,2.074
0.822998046875,-0.259765625,0.48681640625,-0.961832061068702,0.549618320610687,-5.2824427480916,2.07499999999999
0.8226318359375,-0.2596435546875,0.4857177734375,-0.870229007633588,0.427480916030534,-5.3587786259542,2.07499999999999
0.8232421875,-0.259033203125,0.486328125,-0.732824427480916,0.213740458015267,-5.40458015267176,2.15799999999999
0.8245849609375,-0.2589111328125,0.486328125,-0.687022900763359,0.106870229007634,-5.41984732824428,2.16
0.82568359375,-0.259033203125,0.486328125,-0.625954198473282,0.0458015267175573,-5.43511450381679,2.16099999999999
0.8267822265625,-0.2589111328125,0.487548828125,-0.595419847328244,0,-5.45038167938931,2.16199999999999
0.797607421875,-0.259033203125,0.487060546875,-0.473282442748092,0,-5.55725190839695,2.163
0.7979736328125,-0.2586669921875,0.488037109375,-0.351145038167939,0.0305343511450382,-5.66412213740458,2.16399999999999
0.7979736328125,-0.259033203125,0.4881591796875,-0.274809160305344,0.0458015267175573,-5.78625954198473,2.16499999999999
0.827880859375,-0.2603759765625,0.48779296875,-0.152671755725191,0.106870229007634,-2.01526717557252,2.16499999999999
0.827392578125,-0.2601318359375,0.4879150390625,3.93893129770992,0.137404580152672,-2.10687022900763,2.166
0.8262939453125,-0.259765625,0.4874267578125,3.98473282442748,0.106870229007634,-2.0763358778626,2.25
0.825439453125,-0.258056640625,0.4869384765625,4,0.0458015267175573,-1.96946564885496,2.25
0.82666015625,-0.2552490234375,0.486328125,3.98473282442748,-4.22900763358779,-5.52671755725191,2.252
0.827392578125,-0.25390625,0.486083984375,-0.0763358778625954,-4.41221374045802,-5.3587786259542,2.252
0.796875,-0.2525634765625,0.4852294921875,-0.198473282442748,-4.59541984732824,-5.19083969465649,2.33799999999999
0.7972412109375,-0.2513427734375,0.485107421875,-0.33587786259542,-4.77862595419847,-5.02290076335878,2.33999999999999
0.7982177734375,-0.2520751953125,0.4854736328125,-0.641221374045801,-5.14503816793893,-4.79389312977099,2.33999999999999
0.7989501953125,-0.2518310546875,0.48486328125,-0.748091603053435,-5.2824427480916,-4.65648854961832,2.34099999999999
0.7996826171875,-0.251953125,0.51513671875,-0.809160305343511,-5.34351145038168,-4.54961832061069,2.342
0.800048828125,-0.2520751953125,0.514404296875,-0.916030534351145,-5.40458015267176,-4.42748091603053,2.34299999999999
0.802734375,-0.2525634765625,0.513916015625,-1.08396946564885,-5.49618320610687,-4.16793893129771,2.34299999999999
0.802734375,-0.253173828125,0.5137939453125,-1.57251908396947,-5.37404580152672,-4.06106870229008,2.34399999999999
0.8038330078125,-0.2550048828125,0.5152587890625,-1.89312977099237,-5.25190839694656,0,2.345
0.8038330078125,-0.2587890625,0.5135498046875,1.52671755725191,-4.58015267175572,0.0763358778625954,2.345
0.7994384765625,-0.2628173828125,0.513916015625,0.824427480916031,-4.53435114503817,-4.0763358778626,2.34599999999999
0.7998046875,-0.2640380859375,0.5142822265625,0.931297709923664,-4.67175572519084,-4.25954198473282,2.42899999999999
0.7996826171875,-0.2650146484375,0.5137939453125,1.16030534351145,-4.76335877862595,-4.50381679389313,2.42999999999999
0.7974853515625,-0.2611083984375,0.5111083984375,1.55725190839695,-4.77862595419847,-5.16030534351145,2.42999999999999
0.8275146484375,-0.2598876953125,0.5101318359375,-1.75572519083969,-4.90076335877863,-5.37404580152672,2.431
0.8275146484375,-0.2587890625,0.510009765625,-1.57251908396947,-5.14503816793893,-5.49618320610687,2.517
0.7979736328125,-0.258056640625,0.510009765625,-1.43511450381679,-5.41984732824428,-5.6030534351145,2.518
0.8016357421875,-0.2567138671875,0.510009765625,-1.22137404580153,-5.6793893129771,-2.04580152671756,2.518
0.8026123046875,-0.256103515625,0.5096435546875,-1.19083969465649,-5.69465648854962,-2.25954198473282,2.518
0.8035888671875,-0.2552490234375,0.510009765625,-1.22137404580153,-5.52671755725191,-2.53435114503817,2.51899999999999
0.80419921875,-0.255126953125,0.5091552734375,-1.41984732824427,-5.40458015267176,-2.51908396946565,2.51899999999999
0.804931640625,-0.2548828125,0.5086669921875,-1.55725190839695,-5.23664122137405,-2.47328244274809,2.52
0.806396484375,-0.2548828125,0.50927734375,-1.6793893129771,-5.02290076335878,-2.3969465648855,2.52
0.8067626953125,-0.2547607421875,0.50927734375,-1.80152671755725,-4.44274809160305,-2.25954198473282,2.52
0.805419921875,-0.254638671875,0.508544921875,-1.83206106870229,-4.16793893129771,-2.24427480916031,2.52499999999999
0.8018798828125,-0.25927734375,0.5093994140625,-1.66412213740458,0.427480916030534,-2.22900763358779,2.61099999999999
0.8009033203125,-0.259521484375,0.509521484375,-1.46564885496183,0.473282442748092,-2.27480916030534,2.61099999999999
0.799072265625,-0.2598876953125,0.508544921875,-1.14503816793893,0.305343511450382,-2.30534351145038,2.61099999999999
0.7999267578125,-0.259765625,0.50830078125,-1.0381679389313,0.137404580152672,-2.24427480916031,2.61099999999999
0.80078125,-0.259521484375,0.5084228515625,-0.946564885496183,0.0152671755725191,-2.21374045801527,2.61099999999999
0.80126953125,-0.259033203125,0.5089111328125,-0.885496183206107,-3.98473282442748,-2.18320610687023,2.61099999999999
0.80322265625,-0.2581787109375,0.5091552734375,-0.809160305343511,-4.13740458015267,-2.03053435114504,2.61199999999999
0.8046875,-0.2576904296875,0.5087890625,-0.778625954198473,-4.19847328244275,-5.86259541984733,2.61399999999999
0.805908203125,-0.2568359375,0.5089111328125,-0.748091603053435,-4.19847328244275,-5.83206106870229,2.616
0.8074951171875,-0.256591796875,0.50830078125,-0.732824427480916,-4.15267175572519,-1.98473282442748,2.696
0.8077392578125,-0.255859375,0.507568359375,-0.732824427480916,-4.06106870229008,-2.04580152671756,2.69699999999999
0.8079833984375,-0.2559814453125,0.506591796875,-0.778625954198473,-3.93893129770992,-2.15267175572519,2.69699999999999
0.8074951171875,-0.2562255859375,0.506103515625,-0.824427480916031,0.137404580152672,-2.22900763358779,2.69799999999999
0.806884765625,-0.2568359375,0.5059814453125,-0.900763358778626,0.274809160305344,-2.19847328244275,2.78599999999999
0.80712890625,-0.2569580078125,0.507080078125,-1.06870229007634,0.473282442748092,-2.0763358778626,2.78699999999999
0.8074951171875,-0.257080078125,0.507568359375,-1.11450381679389,0.564885496183206,-5.86259541984733,2.87599999999999
0.8074951171875,-0.2579345703125,0.5078125,-1.09923664122137,0.732824427480916,-5.78625954198473,2.877
0.8077392578125,-0.2579345703125,0.50830078125,-0.977099236641221,0.961832061068702,-5.58778625954198,2.877
0.8072509765625,-0.2584228515625,0.5078125,-0.885496183206107,1.09923664122137,-5.54198473282443,2.87899999999999
0.806640625,-0.2581787109375,0.5076904296875,-0.763358778625954,1.20610687022901,-5.49618320610687,2.87899999999999
0.8056640625,-0.2578125,0.5076904296875,-0.625954198473282,1.2824427480916,-5.48091603053435,2.884
0.80517578125,-0.2579345703125,0.50830078125,-0.33587786259542,1.26717557251908,-5.49618320610687,2.88499999999999
0.8046875,-0.2579345703125,0.5087890625,-0.198473282442748,1.23664122137405,-5.52671755725191,2.88499999999999
0.807373046875,-0.2547607421875,0.5108642578125,4.21374045801527,0.916030534351145,-5.52671755725191,2.88499999999999
0.806396484375,-0.2537841796875,0.510986328125,4.3206106870229,1.14503816793893,-5.46564885496183,2.886
0.799072265625,-0.25244140625,0.511962890625,-0.290076335877863,-1.63358778625954,-5.22137404580153,2.96599999999999
0.798828125,-0.2518310546875,0.512451171875,-0.396946564885496,-1.86259541984733,-5.17557251908397,2.967
0.7984619140625,-0.2518310546875,0.5130615234375,-0.412213740458015,1.83206106870229,-5.14503816793893,2.967
0.7991943359375,-0.2508544921875,0.5128173828125,-0.427480916030534,1.46564885496183,-5.11450381679389,2.96799999999999
0.7991943359375,-0.21826171875,0.5128173828125,-0.396946564885496,1.31297709923664,-5.12977099236641,3.056
0.7994384765625,-0.217529296875,0.5120849609375,-0.396946564885496,1.14503816793893,-5.12977099236641,3.05699999999999
0.800537109375,-0.2149658203125,0.51025390625,-0.412213740458015,0.977099236641221,-5.17557251908397,3.05799999999999
0.80078125,-0.213623046875,0.509765625,-0.50381679389313,0.717557251908397,-5.32824427480916,3.05799999999999
0.8011474609375,-0.2132568359375,0.509521484375,-0.656488549618321,0.641221374045801,-5.43511450381679,3.059
0.8021240234375,-0.2137451171875,0.510009765625,-0.870229007633588,0.564885496183206,-5.51145038167939,3.059
0.8043212890625,-0.2152099609375,0.5101318359375,-1.26717557251908,0.488549618320611,-5.63358778625954,3.059
0.805419921875,-0.21630859375,0.510986328125,-1.38931297709924,0.549618320610687,-5.64885496183206,3.05999999999999
0.806640625,-0.218017578125,0.5118408203125,-1.46564885496183,0.687022900763359,-5.63358778625954,3.05999999999999
0.806396484375,-0.2501220703125,0.512451171875,-1.57251908396947,1.05343511450382,-5.61832061068702,3.062
0.8035888671875,-0.251953125,0.5120849609375,-1.74045801526718,1.74045801526718,-5.19083969465649,3.06599999999999
0.8031005859375,-0.253173828125,0.5123291015625,-1.70992366412214,1.89312977099237,-5.08396946564886,3.146
0.80029296875,-0.25439453125,0.5126953125,-1.63358778625954,-1.89312977099237,-4.85496183206107,3.14699999999999
0.7999267578125,-0.2548828125,0.5126953125,-1.43511450381679,-1.81679389312977,-4.77862595419847,3.14699999999999
0.7999267578125,-0.2552490234375,0.5123291015625,-1.31297709923664,-1.86259541984733,-4.68702290076336,3.14999999999999
0.799560546875,-0.25537109375,0.51123046875,-1.22137404580153,-1.93893129770992,-4.62595419847328,3.23699999999999
0.7989501953125,-0.25537109375,0.51123046875,-1.17557251908397,1.81679389312977,-4.53435114503817,3.23699999999999
0.7989501953125,-0.2554931640625,0.510986328125,-1.19083969465649,1.75572519083969,-4.50381679389313,3.238
0.798828125,-0.256103515625,0.5108642578125,-1.16030534351145,1.69465648854962,-4.47328244274809,3.238
0.799560546875,-0.2568359375,0.5123291015625,-1.12977099236641,1.63358778625954,-4.42748091603053,3.238
0.80078125,-0.2574462890625,0.5130615234375,-1.06870229007634,1.6030534351145,-4.42748091603053,3.23899999999999
0.8009033203125,-0.2581787109375,0.5128173828125,-1.06870229007634,1.57251908396947,-4.42748091603053,3.23899999999999
0.8006591796875,-0.2586669921875,0.512939453125,-1.11450381679389,1.66412213740458,-4.48854961832061,3.23899999999999
0.799560546875,-0.2589111328125,0.5123291015625,-1.11450381679389,1.74045801526718,-4.51908396946565,3.23999999999999
0.7984619140625,-0.2596435546875,0.5126953125,-1.16030534351145,1.78625954198473,-4.54961832061069,3.241
0.7999267578125,-0.2628173828125,0.486572265625,-0.809160305343511,1.86259541984733,-4.85496183206107,3.32499999999999
0.8006591796875,-0.26318359375,0.487548828125,-0.656488549618321,1.90839694656489,-5.31297709923664,3.32599999999999
0.801513671875,-0.26318359375,0.4881591796875,-0.229007633587786,1.93893129770992,-5.54198473282443,3.32599999999999
0.8006591796875,-0.262451171875,0.488037109375,-0.0152671755725191,-1.9236641221374,-5.80152671755725,3.327
0.7999267578125,-0.2611083984375,0.48828125,4.12213740458015,-1.90839694656489,-2.16793893129771,3.32899999999999
0.79736328125,-0.2581787109375,0.48681640625,4.3969465648855,-1.95419847328244,-2.67175572519084,3.32899999999999
0.827392578125,-0.2572021484375,0.4859619140625,4.42748091603053,1.86259541984733,-2.87022900763359,3.333
0.826171875,-0.255126953125,0.4849853515625,4.45801526717557,1.77099236641221,-3.02290076335878,3.33399999999999
0.8243408203125,-0.2518310546875,0.5135498046875,4.42748091603053,1.69465648854962,-3.12977099236641,3.336
0.8236083984375,-0.2509765625,0.51416015625,4.0763358778626,1.3587786259542,-2.99236641221374,3.416
0.82421875,-0.2503662109375,0.514404296875,-0.122137404580153,1.14503816793893,-2.85496183206107,3.41799999999999
0.8260498046875,-0.2506103515625,0.5155029296875,-0.442748091603053,0.946564885496183,-2.7175572519084,3.419
0.7978515625,-0.2520751953125,0.48583984375,-0.67175572519084,0.83969465648855,-2.58015267175573,3.41999999999999
0.79833984375,-0.251953125,0.486083984375,-1.0381679389313,0.870229007633588,-2.42748091603053,3.42099999999999
0.8001708984375,-0.2523193359375,0.486328125,-1.17557251908397,0.885496183206107,-2.33587786259542,3.42099999999999
0.8006591796875,-0.25244140625,0.4853515625,-1.31297709923664,1.02290076335878,-2.3206106870229,3.42099999999999
0.8006591796875,-0.2554931640625,0.4864501953125,-1.48091603053435,1.41984732824427,-2.03053435114504,3.422
0.80078125,-0.25830078125,0.48583984375,-1.93893129770992,1.6793893129771,-5.78625954198473,3.422
0.7991943359375,-0.260009765625,0.485107421875,1.86259541984733,-1.86259541984733,-5.66412213740458,3.508
0.7978515625,-0.26025390625,0.51513671875,1.78625954198473,-1.58778625954198,-5.49618320610687,3.508
0.797119140625,-0.2596435546875,0.5142822265625,1.6793893129771,-1.51145038167939,-5.0381679389313,3.509
0.79833984375,-0.260009765625,0.4844970703125,1.31297709923664,-1.64885496183206,-4.83969465648855,3.50999999999999
0.80029296875,-0.260498046875,0.4859619140625,1.20610687022901,-1.77099236641221,-4.70229007633588,3.50999999999999
0.802734375,-0.2606201171875,0.4874267578125,1.17557251908397,-1.80152671755725,-4.65648854961832,3.511
0.80322265625,-0.2591552734375,0.4874267578125,1.38931297709924,-1.48091603053435,-4.91603053435114,3.511
0.801513671875,-0.259033203125,0.48779296875,1.49618320610687,-1.26717557251908,-5.08396946564886,3.511
0.8004150390625,-0.259033203125,0.4879150390625,1.61832061068702,-1.14503816793893,-5.20610687022901,3.512
0.800048828125,-0.25927734375,0.486572265625,1.75572519083969,-1.05343511450382,-5.2824427480916,3.59699999999999
0.798583984375,-0.259765625,0.4866943359375,-1.95419847328244,-0.854961832061069,-5.46564885496183,3.59699999999999
0.7969970703125,-0.260009765625,0.4862060546875,1.93893129770992,-0.793893129770992,-5.45038167938931,3.598
0.8272705078125,-0.2606201171875,0.486572265625,1.89312977099237,-0.748091603053435,-5.38931297709924,3.598
0.8258056640625,-0.263671875,0.4873046875,1.80152671755725,-0.717557251908397,-5.11450381679389,3.687
0.824951171875,-0.2642822265625,0.4876708984375,1.74045801526718,-0.610687022900763,-4.97709923664122,3.68799999999999
0.82421875,-0.2645263671875,0.4881591796875,1.74045801526718,-0.519083969465649,-4.85496183206107,3.68899999999999
0.82421875,-0.265625,0.48974609375,1.75572519083969,-0.488549618320611,-4.74809160305344,3.69
0.823486328125,-0.2347412109375,0.4908447265625,-1.93893129770992,-0.458015267175573,-4.73282442748092,3.69099999999999
0.8226318359375,-0.2655029296875,0.4913330078125,-1.80152671755725,-0.412213740458015,-4.83969465648855,3.69199999999999
0.8221435546875,-0.235107421875,0.4921875,-1.77099236641221,-0.396946564885496,-4.97709923664122,3.69199999999999
0.8236083984375,-0.23681640625,0.4951171875,-1.57251908396947,-0.519083969465649,-5.29770992366412,3.693
0.8231201171875,-0.2374267578125,0.49560546875,-1.38931297709924,-0.427480916030534,-5.58778625954198,3.693
0.8214111328125,-0.2374267578125,0.49609375,-1.20610687022901,-0.290076335877863,-5.83206106870229,3.693
0.8184814453125,-0.2652587890625,0.4969482421875,-0.595419847328244,-0.67175572519084,-2.33587786259542,3.69399999999999
0.81884765625,-0.2628173828125,0.4974365234375,-0.519083969465649,-1.0381679389313,-2.61068702290076,3.776
0.81884765625,-0.26123046875,0.4969482421875,-0.396946564885496,-1.22137404580153,-2.76335877862595,3.777
0.8179931640625,-0.2603759765625,0.4959716796875,-0.351145038167939,-1.38931297709924,-2.91603053435115,3.777
0.8177490234375,-0.2593994140625,0.4959716796875,-0.351145038167939,-1.6030534351145,-3.02290076335878,3.77799999999999
0.8192138671875,-0.25732421875,0.4959716796875,-0.412213740458015,1.89312977099237,-3.12977099236641,3.77799999999999
0.8201904296875,-0.2569580078125,0.4959716796875,-0.458015267175573,1.69465648854962,-3.14503816793893,3.779
0.82080078125,-0.2567138671875,0.496337890625,-0.488549618320611,1.54198473282443,-3.06870229007634,3.779
0.8214111328125,-0.255859375,0.4970703125,-0.534351145038168,1.37404580152672,-2.94656488549618,3.77999999999999
0.8221435546875,-0.254638671875,0.4969482421875,-0.67175572519084,1.11450381679389,-2.62595419847328,3.77999999999999
0.82275390625,-0.253662109375,0.496337890625,-0.748091603053435,1.02290076335878,-2.42748091603053,3.86699999999999
0.8226318359375,-0.253173828125,0.4964599609375,-0.83969465648855,0.99236641221374,-2.21374045801527,3.86799999999999
0.82177734375,-0.2540283203125,0.4957275390625,-1.11450381679389,0.900763358778626,-5.57251908396947,3.869
0.8218994140625,-0.25439453125,0.4952392578125,-1.22137404580153,0.916030534351145,-5.29770992366412,3.86999999999999
0.8209228515625,-0.2552490234375,0.4954833984375,-1.32824427480916,0.946564885496183,-4.9618320610687,3.86999999999999
0.8209228515625,-0.2564697265625,0.496337890625,-1.48091603053435,0.946564885496183,-4.61068702290076,3.871
0.8209228515625,-0.2579345703125,0.4959716796875,-1.61832061068702,0.977099236641221,-3.9236641221374,3.871
0.821044921875,-0.2586669921875,0.4952392578125,-1.74045801526718,1.00763358778626,0.305343511450382,3.871
0.820556640625,-0.259521484375,0.4947509765625,-1.84732824427481,1.00763358778626,0.595419847328244,3.872
0.819091796875,-0.2611083984375,0.4940185546875,-1.89312977099237,1.02290076335878,1.02290076335878,3.95699999999999
0.8189697265625,-0.2618408203125,0.4942626953125,1.87786259541985,0.977099236641221,1.16030534351145,3.958
0.81982421875,-0.2633056640625,0.4945068359375,1.83206106870229,0.900763358778626,1.25190839694656,3.958
0.8223876953125,-0.265380859375,0.4959716796875,1.80152671755725,0.732824427480916,1.2824427480916,3.958
0.8233642578125,-0.2349853515625,0.49658203125,1.87786259541985,0.717557251908397,1.22137404580153,3.95899999999999
0.8240966796875,-0.2353515625,0.49755859375,1.93893129770992,0.67175572519084,1.11450381679389,3.95999999999999
0.8253173828125,-0.2354736328125,0.4989013671875,-1.90839694656489,0.687022900763359,0.763358778625954,3.95999999999999
0.8258056640625,-0.234619140625,0.4981689453125,-1.78625954198473,0.870229007633588,0.549618320610687,3.95999999999999
0.8258056640625,-0.26513671875,0.498046875,-1.78625954198473,1.00763358778626,0.305343511450382,4.047
0.826416015625,-0.265625,0.498291015625,-1.86259541984733,1.08396946564885,0.0916030534351145,4.04799999999999
0.82421875,-0.234619140625,0.4984130859375,-1.95419847328244,1.6030534351145,-4.27480916030534,4.04799999999999
0.8245849609375,-0.236083984375,0.53173828125,1.78625954198473,1.87786259541985,-4.33587786259542,4.04899999999999
0.8240966796875,-0.2376708984375,0.533447265625,1.63358778625954,-1.20610687022901,-4.36641221374046,4.137
0.8223876953125,-0.2379150390625,0.5328369140625,1.6030534351145,-0.687022900763359,-4.33587786259542,4.142
0.8197021484375,-0.237548828125,0.5325927734375,1.58778625954198,-0.33587786259542,-4.22900763358779,4.142
0.818359375,-0.2369384765625,0.5328369140625,1.54198473282443,-0.244274809160305,-4.09160305343511,4.142
0.818359375,-0.23583984375,0.5343017578125,1.52671755725191,-0.458015267175573,-3.93893129770992,4.142
0.8192138671875,-0.235107421875,0.53466796875,1.58778625954198,-0.595419847328244,-3.93893129770992,4.142
0.8197021484375,-0.2652587890625,0.5343017578125,1.72519083969466,-0.748091603053435,-4,4.142
0.8179931640625,-0.2620849609375,0.532470703125,1.93893129770992,-0.916030534351145,-4.3969465648855,4.142
0.81640625,-0.2615966796875,0.5316162109375,-1.86259541984733,-1.00763358778626,-4.61068702290076,4.142
0.815673828125,-0.260986328125,0.5313720703125,-1.80152671755725,-1.19083969465649,-4.77862595419847,4.142
0.813720703125,-0.2576904296875,0.4993896484375,-1.81679389312977,-1.93893129770992,-5.00763358778626,4.142
0.8138427734375,-0.25830078125,0.4986572265625,1.9236641221374,1.81679389312977,-4.74809160305344,4.22699999999999
0.813720703125,-0.2587890625,0.498046875,1.6793893129771,1.77099236641221,-4.6412213740458,4.22699999999999
0.8135986328125,-0.259033203125,0.498291015625,1.55725190839695,1.75572519083969,-4.56488549618321,4.22799999999999
0.814208984375,-0.260498046875,0.4989013671875,1.40458015267176,1.64885496183206,-4.45801526717557,4.229
0.8140869140625,-0.2608642578125,0.4979248046875,1.3587786259542,1.57251908396947,-4.59541984732824,4.229
0.8134765625,-0.261474609375,0.4979248046875,1.2824427480916,1.52671755725191,-4.68702290076336,4.229
0.8148193359375,-0.26318359375,0.4989013671875,1.17557251908397,1.37404580152672,-4.70229007633588,4.22999999999999
0.8153076171875,-0.2647705078125,0.53125,1.17557251908397,1.31297709923664,-4.82442748091603,4.22999999999999
0.8138427734375,-0.2652587890625,0.4998779296875,1.08396946564885,1.46564885496183,-5.11450381679389,4.23099999999999
0.8143310546875,-0.2352294921875,0.499755859375,0.99236641221374,1.41984732824427,-5.14503816793893,4.318
0.814697265625,-0.2373046875,0.5318603515625,0.931297709923664,1.34351145038168,-5.22137404580153,4.31899999999999
0.8154296875,-0.2384033203125,0.5321044921875,0.763358778625954,1.26717557251908,-5.31297709923664,4.40799999999999
0.8153076171875,-0.2388916015625,0.5325927734375,0.717557251908397,1.26717557251908,-5.3587786259542,4.40899999999999
0.814697265625,-0.2393798828125,0.5325927734375,0.67175572519084,1.29770992366412,-5.41984732824428,4.40899999999999
0.8138427734375,-0.240234375,0.533203125,0.610687022900763,1.3587786259542,-5.48091603053435,4.41
0.812744140625,-0.240234375,0.5322265625,0.656488549618321,1.45038167938931,-5.46564885496183,4.41099999999999
0.7811279296875,-0.240966796875,0.5328369140625,0.717557251908397,1.48091603053435,-5.43511450381679,4.413
0.7808837890625,-0.2408447265625,0.5330810546875,0.809160305343511,1.51145038167939,-5.43511450381679,4.41399999999999
0.78076171875,-0.240966796875,0.53369140625,1.0381679389313,1.46564885496183,-5.43511450381679,4.41399999999999
0.78076171875,-0.241455078125,0.533447265625,1.14503816793893,1.3587786259542,-5.43511450381679,4.41499999999999
0.8126220703125,-0.241455078125,0.5335693359375,1.25190839694656,1.25190839694656,-5.45038167938931,4.416
0.7801513671875,-0.2386474609375,0.5322265625,1.75572519083969,0.381679389312977,-5.86259541984733,4.499
0.7806396484375,-0.23876953125,0.53173828125,1.72519083969466,0.274809160305344,-1.98473282442748,4.5
0.81298828125,-0.239501953125,0.531494140625,1.66412213740458,0.213740458015267,-1.98473282442748,4.50099999999999
0.8138427734375,-0.23974609375,0.49951171875,1.57251908396947,0.244274809160305,-2.01526717557252,4.502
0.8140869140625,-0.239501953125,0.4990234375,1.52671755725191,0.274809160305344,-2.03053435114504,4.589
0.814208984375,-0.239501953125,0.4993896484375,1.45038167938931,0.305343511450382,-2.01526717557252,4.589
0.8135986328125,-0.239501953125,0.49755859375,1.38931297709924,0.366412213740458,-2.04580152671756,4.58999999999999
0.813720703125,-0.240478515625,0.4970703125,1.17557251908397,0.396946564885496,-2.06106870229008,4.59099999999999
0.814208984375,-0.2415771484375,0.4970703125,1.06870229007634,0.366412213740458,-2.06106870229008,4.592
0.8157958984375,-0.242919921875,0.4976806640625,1.02290076335878,0.366412213740458,-2.0763358778626,4.59299999999999
0.8160400390625,-0.243896484375,0.4974365234375,0.99236641221374,0.396946564885496,-2.12213740458015,4.59299999999999
0.8165283203125,-0.244873046875,0.4979248046875,1.05343511450382,0.458015267175573,-2.22900763358779,4.59399999999999
0.817626953125,-0.2457275390625,0.4986572265625,1.05343511450382,0.412213740458015,-2.25954198473282,4.595
0.817626953125,-0.2454833984375,0.498291015625,1.23664122137405,0.458015267175573,-2.50381679389313,4.595
0.8131103515625,-0.2491455078125,0.53125,1.75572519083969,1.17557251908397,-2.79389312977099,4.67899999999999
0.7802734375,-0.249267578125,0.4991455078125,1.81679389312977,1.41984732824427,-2.67175572519084,4.67999999999999
0.7796630859375,-0.2493896484375,0.5313720703125,1.72519083969466,1.40458015267176,-2.25954198473282,4.68299999999999
0.78076171875,-0.249267578125,0.532470703125,1.75572519083969,1.17557251908397,-2.09160305343511,4.684
0.8145751953125,-0.2484130859375,0.53369140625,1.86259541984733,0.916030534351145,-2.06106870229008,4.68499999999999
0.81884765625,-0.24609375,0.5335693359375,-1.87786259541985,0.748091603053435,-2.30534351145038,4.68599999999999
0.81982421875,-0.244140625,0.5318603515625,-1.48091603053435,0.687022900763359,-2.48854961832061,4.68599999999999
0.8193359375,-0.2425537109375,0.4993896484375,-1.31297709923664,0.732824427480916,-2.70229007633588,4.687
0.8187255859375,-0.2406005859375,0.4971923828125,-1.23664122137405,0.778625954198473,-2.90076335877863,4.687
0.818115234375,-0.2379150390625,0.4957275390625,-1.19083969465649,0.732824427480916,-3.11450381679389,4.76899999999999
0.8173828125,-0.2359619140625,0.4949951171875,-1.20610687022901,0.763358778625954,-3.23664122137405,4.77
0.8172607421875,-0.234619140625,0.4940185546875,-1.29770992366412,0.748091603053435,-3.32824427480916,4.77
0.818115234375,-0.265380859375,0.4935302734375,-1.40458015267176,0.732824427480916,-3.38931297709924,4.777
0.8197021484375,-0.234619140625,0.4947509765625,-1.58778625954198,0.748091603053435,-3.63358778625954,4.85799999999999
0.8201904296875,-0.23486328125,0.4947509765625,-1.61832061068702,0.854961832061069,-3.78625954198473,4.85899999999999
0.820556640625,-0.2347412109375,0.4952392578125,-1.64885496183206,0.99236641221374,-3.89312977099237,4.86
0.820068359375,-0.234619140625,0.494873046875,-1.64885496183206,1.12977099236641,-7.89312977099237,4.86099999999999
0.819091796875,-0.2655029296875,0.4949951171875,-1.63358778625954,1.2824427480916,-8.09160305343512,4.946
0.819580078125,-0.23486328125,0.494873046875,-1.61832061068702,1.3587786259542,-8.18320610687023,4.946
0.819091796875,-0.2655029296875,0.4951171875,-1.54198473282443,1.48091603053435,-8.3206106870229,4.94699999999999
0.818603515625,-0.2354736328125,0.49658203125,-1.49618320610687,1.61832061068702,-8.3206106870229,4.94699999999999
0.8203125,-0.236328125,0.497314453125,-1.40458015267176,1.74045801526718,-8.29007633587786,5.03699999999999
0.820556640625,-0.2369384765625,0.4970703125,-1.2824427480916,-1.95419847328244,-8.3206106870229,5.03699999999999
0.81982421875,-0.234619140625,0.498291015625,-0.870229007633588,-1.84732824427481,-8.10687022900763,5.038
0.8203125,-0.26513671875,0.498291015625,-0.793893129770992,1.84732824427481,-8.0763358778626,5.038
0.8199462890625,-0.2650146484375,0.49853515625,-0.641221374045801,1.87786259541985,-8.15267175572519,5.038
0.8189697265625,-0.265380859375,0.4986572265625,-0.580152671755725,1.89312977099237,-8.15267175572519,5.038
0.8182373046875,-0.264892578125,0.4996337890625,-0.198473282442748,1.90839694656489,-2.56488549618321,5.03899999999999
0.8162841796875,-0.26513671875,0.5318603515625,-0.0916030534351145,1.86259541984733,-2.19847328244275,5.03899999999999
0.8155517578125,-0.265380859375,0.5321044921875,3.96946564885496,1.83206106870229,-2.0763358778626,5.03999999999999
0.815185546875,-0.264892578125,0.531982421875,4.06106870229008,1.74045801526718,-5.84732824427481,5.041
0.8154296875,-0.2645263671875,0.5330810546875,4.59541984732824,0.519083969465649,-5.14503816793893,5.12599999999999
0.816162109375,-0.263671875,0.5335693359375,4.67175572519084,0.320610687022901,-5.12977099236641,5.12599999999999
0.816650390625,-0.261962890625,0.5333251953125,4.76335877862595,0.183206106870229,-5.14503816793893,5.12599999999999
0.817626953125,-0.26123046875,0.533447265625,4.94656488549618,0,-5.23664122137405,5.127
0.817626953125,-0.2601318359375,0.532958984375,5.06870229007634,-3.93893129770992,-5.31297709923664,5.128
0.8172607421875,-0.25927734375,0.5323486328125,5.14503816793893,-4,-5.34351145038168,5.128
0.8182373046875,-0.2578125,0.5321044921875,5.19083969465649,-4.10687022900763,-5.43511450381679,5.13
0.8193359375,-0.257568359375,0.5328369140625,5.20610687022901,-4.30534351145038,-5.48091603053435,5.13
0.8203125,-0.2572021484375,0.5328369140625,5.20610687022901,-4.35114503816794,-5.49618320610687,5.13
0.820556640625,-0.25439453125,0.532470703125,5.23664122137405,-4.19847328244275,-5.57251908396947,5.22199999999999
0.8212890625,-0.2545166015625,0.5323486328125,5.11450381679389,-4.16793893129771,-5.51145038167939,5.223
0.8211669921875,-0.2537841796875,0.5322265625,5.00763358778626,-4.06106870229008,-5.46564885496183,5.223
0.8192138671875,-0.254150390625,0.5323486328125,4.85496183206107,0.0305343511450382,-5.37404580152672,5.223
0.81884765625,-0.2554931640625,0.5328369140625,4.35114503816794,0.213740458015267,-4.85496183206107,5.223
0.81884765625,-0.2569580078125,0.53271484375,4.18320610687023,0.366412213740458,-4.58015267175572,5.223
0.8177490234375,-0.2578125,0.5322265625,4.03053435114504,0.564885496183206,-4.29007633587786,5.223
0.8148193359375,-0.259521484375,0.531982421875,-0.0610687022900763,0.641221374045801,-3.75572519083969,5.223
0.8155517578125,-0.260498046875,0.533203125,-0.396946564885496,0.259541984732824,0.33587786259542,5.22399999999999
0.8170166015625,-0.261474609375,0.534423828125,-0.458015267175573,-3.93893129770992,0.427480916030534,5.30699999999999
0.818603515625,-0.2615966796875,0.534912109375,-0.381679389312977,-4.13740458015267,0.427480916030534,5.30699999999999
0.8197021484375,-0.260009765625,0.5335693359375,-0.229007633587786,-4.22900763358779,0.229007633587786,5.30699999999999
0.8199462890625,-0.2587890625,0.5321044921875,4.01526717557252,-4.30534351145038,0.0458015267175573,5.30699999999999
0.8194580078125,-0.2578125,0.499267578125,4.12213740458015,-4.36641221374046,-4.06106870229008,5.30799999999999
0.819580078125,-0.2574462890625,0.498291015625,4.16793893129771,-4.42748091603053,-4.19847328244275,5.309
0.8193359375,-0.2567138671875,0.4970703125,4.15267175572519,-4.58015267175572,-4.3969465648855,5.309
0.819580078125,-0.2564697265625,0.49609375,4.12213740458015,-4.6412213740458,-4.44274809160305,5.30999999999999
0.81982421875,-0.2567138671875,0.4962158203125,4.03053435114504,-4.6412213740458,-4.45801526717557,5.30999999999999
0.820068359375,-0.25732421875,0.4959716796875,3.9236641221374,-4.65648854961832,-4.47328244274809,5.396
0.8204345703125,-0.258056640625,0.497314453125,-0.106870229007634,-4.53435114503817,-4.53435114503817,5.396
0.820556640625,-0.25830078125,0.4967041015625,-0.183206106870229,-4.45801526717557,-4.53435114503817,5.39699999999999
0.8203125,-0.2584228515625,0.495361328125,-0.244274809160305,-4.3969465648855,-4.56488549618321,5.39699999999999
0.8201904296875,-0.25732421875,0.494384765625,-0.305343511450382,-4.33587786259542,-4.58015267175572,5.48899999999999
0.8204345703125,-0.257568359375,0.4940185546875,-0.473282442748092,-4.38167938931298,-4.61068702290076,5.48899999999999
0.821044921875,-0.2576904296875,0.493896484375,-0.549618320610687,-4.3969465648855,-4.6412213740458,5.48899999999999
0.8206787109375,-0.257568359375,0.494140625,-0.656488549618321,-4.41221374045802,-4.6412213740458,5.48899999999999
0.82373046875,-0.259765625,0.495361328125,-0.748091603053435,-4.61068702290076,-4.61068702290076,5.48899999999999
0.8243408203125,-0.2611083984375,0.4951171875,-0.793893129770992,-4.35114503816794,-4.79389312977099,5.48899999999999
0.823486328125,-0.261474609375,0.494384765625,-0.732824427480916,-4.16793893129771,-4.82442748091603,5.48899999999999
0.822509765625,-0.261474609375,0.4932861328125,-0.763358778625954,-4.10687022900763,-4.85496183206107,5.48999999999999
0.8223876953125,-0.2620849609375,0.4927978515625,-0.793893129770992,-4.06106870229008,-4.85496183206107,5.48999999999999
0.8223876953125,-0.2626953125,0.49267578125,-0.931297709923664,-4.09160305343511,-4.80916030534351,5.491
0.8221435546875,-0.265380859375,0.493408203125,-0.793893129770992,-3.9236641221374,-4.99236641221374,5.57599999999999
0.8221435546875,-0.234619140625,0.493896484375,-0.687022900763359,-3.93893129770992,-5.0381679389313,5.577
0.8221435546875,-0.235107421875,0.493408203125,-0.564885496183206,-4,-5.12977099236641,5.577
0.8223876953125,-0.23583984375,0.49267578125,-0.351145038167939,-4.04580152671756,-5.26717557251908,5.57799999999999
0.822021484375,-0.2357177734375,0.4923095703125,-0.290076335877863,-4.04580152671756,-5.29770992366412,5.57799999999999
0.8216552734375,-0.236328125,0.4931640625,-0.259541984732824,-4.06106870229008,-5.29770992366412,5.57899999999999
0.8214111328125,-0.236572265625,0.4937744140625,-0.213740458015267,-4.04580152671756,-5.25190839694656,5.583
0.8223876953125,-0.2357177734375,0.493896484375,-0.0763358778625954,-4.03053435114504,-5.17557251908397,5.583
0.8226318359375,-0.23583984375,0.4945068359375,-0.0305343511450382,-3.95419847328244,-5.11450381679389,5.666
0.82275390625,-0.2354736328125,0.494384765625,3.95419847328244,0,-5.06870229007634,5.66699999999999
0.8233642578125,-0.23486328125,0.494873046875,4.01526717557252,0.0610687022900763,-5.05343511450382,5.66799999999999
0.8238525390625,-0.2347412109375,0.4947509765625,4.12213740458015,0.198473282442748,-5.20610687022901,5.669
0.8236083984375,-0.2347412109375,0.494873046875,4.21374045801527,0.320610687022901,-5.32824427480916,5.669
0.8232421875,-0.2344970703125,0.4951171875,4.3206106870229,0.396946564885496,-5.45038167938931,5.66999999999999
0.82177734375,-0.234619140625,0.4954833984375,4.42748091603053,0.50381679389313,-5.57251908396947,5.66999999999999
0.8203125,-0.2652587890625,0.4957275390625,4.58015267175572,0.656488549618321,-5.83206106870229,5.67099999999999
0.8199462890625,-0.2655029296875,0.4957275390625,4.59541984732824,0.67175572519084,-1.96946564885496,5.67099999999999
0.819091796875,-0.2655029296875,0.4959716796875,4.62595419847328,0.67175572519084,-2.03053435114504,5.672
0.818359375,-0.26416015625,0.496337890625,4.6412213740458,0.641221374045801,-2.01526717557252,5.75699999999999
0.8184814453125,-0.2642822265625,0.4970703125,4.6412213740458,0.580152671755725,-2.01526717557252,5.758
0.8184814453125,-0.2637939453125,0.4967041015625,4.65648854961832,0.534351145038168,-2.01526717557252,5.758
0.8189697265625,-0.2625732421875,0.496337890625,4.68702290076336,0.488549618320611,-2.0763358778626,5.759
0.8192138671875,-0.26123046875,0.496337890625,4.70229007633588,0.305343511450382,-2.12213740458015,5.759
0.8194580078125,-0.260498046875,0.497314453125,4.67175572519084,0.183206106870229,-2.21374045801527,5.75999999999999
0.821044921875,-0.2606201171875,0.4981689453125,4.65648854961832,0.0763358778625954,-2.27480916030534,5.761
0.8223876953125,-0.259033203125,0.498779296875,4.77862595419847,-3.9236641221374,-2.42748091603053,5.762
0.8226318359375,-0.2578125,0.498779296875,4.79389312977099,0.0152671755725191,-2.50381679389313,5.762
0.8233642578125,-0.2572021484375,0.53125,4.77862595419847,0.0152671755725191,-2.53435114503817,5.848
0.8240966796875,-0.2562255859375,0.5313720703125,4.74809160305344,0.0458015267175573,-2.58015267175573,5.84999999999999
0.8243408203125,-0.256103515625,0.531982421875,4.62595419847328,0.274809160305344,-2.67175572519084,5.851
0.8253173828125,-0.257080078125,0.532470703125,4.54961832061069,0.458015267175573,-2.65648854961832,5.85199999999999
0.8243408203125,-0.2572021484375,0.5316162109375,4.47328244274809,0.763358778625954,-2.70229007633588,5.93799999999999
0.8197021484375,-0.257080078125,0.4984130859375,4.41221374045802,1.14503816793893,-2.68702290076336,5.93799999999999
0.8187255859375,-0.2569580078125,0.498046875,4.12213740458015,1.31297709923664,-2.33587786259542,5.93899999999999
0.8189697265625,-0.2567138671875,0.498779296875,3.96946564885496,1.14503816793893,-2.18320610687023,5.93899999999999
0.8194580078125,-0.2567138671875,0.4998779296875,-0.0152671755725191,0.931297709923664,-2.0763358778626,5.93899999999999
0.821044921875,-0.2562255859375,0.5321044921875,4.01526717557252,0.656488549618321,-2.01526717557252,5.94
0.82080078125,-0.25537109375,0.53173828125,4.15267175572519,0.625954198473282,-2.0763358778626,5.94
0.8199462890625,-0.25390625,0.4998779296875,4.3206106870229,0.595419847328244,-2.15267175572519,5.94099999999999
0.81884765625,-0.251953125,0.499267578125,4.47328244274809,0.534351145038168,-2.30534351145038,5.94099999999999
0.8189697265625,-0.2510986328125,0.4993896484375,4.65648854961832,0.198473282442748,-2.30534351145038,5.94099999999999
0.8223876953125,-0.2174072265625,0.4990234375,4.48854961832061,-4.27480916030534,-2.04580152671756,5.94199999999999
0.8236083984375,-0.2176513671875,0.499267578125,4.41221374045802,-4.30534351145038,-5.86259541984733,6.026
0.8243408203125,-0.2177734375,0.4993896484375,4.33587786259542,-4.30534351145038,-5.78625954198473,6.026
0.824951171875,-0.2177734375,0.49951171875,4.22900763358779,-4.09160305343511,-5.70992366412214,6.027
0.82470703125,-0.2181396484375,0.4991455078125,4.21374045801527,-4,-5.69465648854962,6.027
0.8245849609375,-0.2183837890625,0.49951171875,4.18320610687023,0,-5.6793893129771,6.02799999999999
0.823974609375,-0.2501220703125,0.4984130859375,4.18320610687023,0.0610687022900763,-5.6793893129771,6.02799999999999
0.821533203125,-0.251220703125,0.4989013671875,4.09160305343511,0.122137404580153,-5.57251908396947,6.029
0.8216552734375,-0.2523193359375,0.4998779296875,4.06106870229008,0.0458015267175573,-5.46564885496183,6.02999999999999
0.822021484375,-0.2542724609375,0.499755859375,4.12213740458015,0.0152671755725191,-5.45038167938931,6.02999999999999
0.8193359375,-0.2548828125,0.499267578125,4.25954198473282,0.0916030534351145,-5.29770992366412,6.116
0.8189697265625,-0.255126953125,0.4991455078125,4.29007633587786,-3.93893129770992,-5.14503816793893,6.11699999999999
0.819091796875,-0.2550048828125,0.4986572265625,4.35114503816794,-4.13740458015267,-5.06870229007634,6.11799999999999
0.8192138671875,-0.2545166015625,0.497802734375,4.42748091603053,-4.33587786259542,-5.05343511450382,6.11799999999999
0.8204345703125,-0.2550048828125,0.4971923828125,4.59541984732824,-4.74809160305344,-5.20610687022901,6.125
0.820556640625,-0.255126953125,0.49658203125,4.70229007633588,-4.90076335877863,-5.40458015267176,6.12599999999999
0.8206787109375,-0.2545166015625,0.4962158203125,4.77862595419847,-5.00763358778626,-5.58778625954198,6.12599999999999
0.8218994140625,-0.2540283203125,0.4964599609375,4.87022900763359,-5.11450381679389,-5.83206106870229,6.127
0.8223876953125,-0.2535400390625,0.4964599609375,4.97709923664122,-5.23664122137405,-1.98473282442748,6.20599999999999
0.82275390625,-0.2528076171875,0.496337890625,5.00763358778626,-5.23664122137405,-2.01526717557252,6.20699999999999
0.822998046875,-0.2525634765625,0.495361328125,4.97709923664122,-5.26717557251908,-2.03053435114504,6.20699999999999
0.8248291015625,-0.252197265625,0.494384765625,4.87022900763359,-5.20610687022901,-2.04580152671756,6.208
0.8258056640625,-0.2520751953125,0.49365234375,4.79389312977099,-5.19083969465649,-2.06106870229008,6.20899999999999
0.82666015625,-0.25244140625,0.4935302734375,4.70229007633588,-5.16030534351145,-2.0763358778626,6.20899999999999
0.8267822265625,-0.2529296875,0.493896484375,4.6412213740458,-5.11450381679389,-2.15267175572519,6.20999999999999
0.8250732421875,-0.253662109375,0.493408203125,4.62595419847328,-4.94656488549618,-2.30534351145038,6.20999999999999
0.8240966796875,-0.25390625,0.4925537109375,4.62595419847328,-4.83969465648855,-2.3206106870229,6.211
0.823486328125,-0.254150390625,0.4931640625,4.62595419847328,-4.74809160305344,-2.29007633587786,6.211
0.82421875,-0.2540283203125,0.4930419921875,4.59541984732824,-4.67175572519084,-2.18320610687023,6.29599999999999
0.82470703125,-0.253662109375,0.49267578125,4.58015267175572,-4.58015267175572,-5.83206106870229,6.29799999999999
0.824951171875,-0.2529296875,0.4920654296875,4.58015267175572,-4.53435114503817,-5.72519083969466,6.387
0.8253173828125,-0.252685546875,0.4927978515625,4.54961832061069,-4.48854961832061,-5.63358778625954,6.39099999999999
0.8255615234375,-0.252197265625,0.493408203125,4.50381679389313,-4.47328244274809,-5.61832061068702,6.39099999999999
0.82568359375,-0.2520751953125,0.4927978515625,4.58015267175572,-4.44274809160305,-5.83206106870229,6.39099999999999
0.8251953125,-0.25244140625,0.4921875,4.6412213740458,-4.42748091603053,-2.10687022900763,6.39099999999999
0.8253173828125,-0.2518310546875,0.492431640625,4.7175572519084,-4.41221374045802,-2.27480916030534,6.39099999999999
0.8245849609375,-0.251953125,0.4925537109375,4.76335877862595,-4.36641221374046,-2.54961832061069,6.39099999999999
0.824462890625,-0.2518310546875,0.492919921875,4.82442748091603,-4.3206106870229,-2.58015267175573,6.39099999999999
0.8250732421875,-0.2506103515625,0.4930419921875,4.77862595419847,-4.22900763358779,-2.62595419847328,6.39099999999999
0.82568359375,-0.250244140625,0.4935302734375,4.73282442748092,-4.19847328244275,-2.58015267175573,6.392
0.798828125,-0.2138671875,0.493408203125,4.82442748091603,-3.98473282442748,-2.62595419847328,6.392
0.79833984375,-0.2137451171875,0.492919921875,4.79389312977099,-4,-2.67175572519084,6.476
0.7991943359375,-0.2135009765625,0.4935302734375,4.74809160305344,-4.04580152671756,-2.70229007633588,6.47699999999999
0.80078125,-0.212646484375,0.494140625,4.7175572519084,-4.04580152671756,-2.76335877862595,6.47699999999999
0.8006591796875,-0.2108154296875,0.494140625,4.79389312977099,-3.93893129770992,-2.74809160305344,6.47799999999999
0.801025390625,-0.2093505859375,0.4940185546875,4.79389312977099,0.0610687022900763,-2.65648854961832,6.47799999999999
0.8016357421875,-0.20849609375,0.494384765625,4.73282442748092,0.152671755725191,-2.51908396946565,6.479
0.8023681640625,-0.2091064453125,0.4951171875,4.53435114503817,0.473282442748092,-2.22900763358779,6.479
0.8033447265625,-0.2099609375,0.495849609375,4.47328244274809,0.717557251908397,-2.03053435114504,6.47999999999999
0.80224609375,-0.2099609375,0.4957275390625,4.42748091603053,1.11450381679389,-5.84732824427481,6.47999999999999
0.7972412109375,-0.2100830078125,0.4930419921875,4.36641221374046,1.57251908396947,-5.58778625954198,6.571
0.827392578125,-0.2098388671875,0.49267578125,4.21374045801527,1.75572519083969,-5.48091603053435,6.571
0.8271484375,-0.2099609375,0.4930419921875,4.12213740458015,1.61832061068702,-5.41984732824428,6.57199999999999
0.8272705078125,-0.2110595703125,0.495361328125,4.0763358778626,1.29770992366412,-5.45038167938931,6.57199999999999
0.8272705078125,-0.2110595703125,0.4959716796875,4.21374045801527,1.23664122137405,-5.49618320610687,6.57199999999999
0.8265380859375,-0.2108154296875,0.49560546875,4.3969465648855,1.23664122137405,-5.6030534351145,6.57599999999999
0.824951171875,-0.2098388671875,0.4949951171875,4.56488549618321,1.25190839694656,-5.6793893129771,6.57599999999999
0.8240966796875,-0.2086181640625,0.4947509765625,4.76335877862595,1.0381679389313,-5.58778625954198,6.57599999999999
0.82421875,-0.207275390625,0.4947509765625,4.82442748091603,0.900763358778626,-5.52671755725191,6.65799999999999
0.8251953125,-0.2064208984375,0.4940185546875,4.83969465648855,0.732824427480916,-5.49618320610687,6.65899999999999
0.8265380859375,-0.204833984375,0.4931640625,4.83969465648855,0.549618320610687,-5.46564885496183,6.65899999999999
0.82763671875,-0.205078125,0.4935302734375,4.67175572519084,0.259541984732824,-5.61832061068702,6.66
0.7977294921875,-0.205322265625,0.4940185546875,4.58015267175572,0.122137404580153,-5.70992366412214,6.66
0.798583984375,-0.2052001953125,0.494873046875,4.50381679389313,0.0610687022900763,-1.96946564885496,6.66099999999999
0.798583984375,-0.205322265625,0.494384765625,4.42748091603053,0.0763358778625954,-2.10687022900763,6.66499999999999
0.798583984375,-0.2054443359375,0.49462890625,4.3206106870229,0.152671755725191,-2.35114503816794,6.66499999999999
0.798583984375,-0.2059326171875,0.494384765625,4.25954198473282,0.229007633587786,-2.3969465648855,6.66499999999999
0.798095703125,-0.205078125,0.4940185546875,4.18320610687023,0.33587786259542,-2.3969465648855,6.747
0.827880859375,-0.2044677734375,0.4925537109375,4.01526717557252,0.50381679389313,-2.22900763358779,6.747
0.826904296875,-0.2042236328125,0.492431640625,-0.0610687022900763,0.534351145038168,-2.03053435114504,6.74799999999999
0.827392578125,-0.2054443359375,0.4932861328125,-0.229007633587786,0.473282442748092,-5.69465648854962,6.749
0.7972412109375,-0.20654296875,0.4949951171875,-0.33587786259542,0.412213740458015,-5.49618320610687,6.839
0.7974853515625,-0.208251953125,0.4952392578125,-0.366412213740458,0.549618320610687,-5.38931297709924,6.839
0.827880859375,-0.2091064453125,0.49462890625,-0.290076335877863,0.625954198473282,-5.38931297709924,6.839
0.826904296875,-0.2100830078125,0.494873046875,-0.213740458015267,0.625954198473282,-5.37404580152672,6.84099999999999
0.8272705078125,-0.2109375,0.4949951171875,-0.16793893129771,0.50381679389313,-5.34351145038168,6.84099999999999
0.8271484375,-0.2110595703125,0.49560546875,-0.0610687022900763,0.320610687022901,-5.38931297709924,6.842
0.8272705078125,-0.2108154296875,0.4951171875,-0.0458015267175573,0.244274809160305,-5.41984732824428,6.842
0.796875,-0.210693359375,0.49365234375,-0.0152671755725191,0.0916030534351145,-5.41984732824428,6.84699999999999
0.79736328125,-0.210205078125,0.4932861328125,3.90839694656489,0.0458015267175573,-5.43511450381679,6.84699999999999
0.79736328125,-0.2098388671875,0.4931640625,3.98473282442748,0.0305343511450382,-5.45038167938931,6.848
0.7979736328125,-0.2093505859375,0.494384765625,4.42748091603053,0.0916030534351145,-5.57251908396947,6.92699999999999
0.798095703125,-0.208984375,0.4949951171875,4.3969465648855,0.0458015267175573,-5.45038167938931,6.928
0.7979736328125,-0.208984375,0.4954833984375,4.36641221374046,0,-5.29770992366412,6.928
0.7978515625,-0.20849609375,0.4957275390625,4.35114503816794,-3.93893129770992,-5.08396946564886,6.928
0.7978515625,-0.2078857421875,0.495361328125,4.35114503816794,-3.93893129770992,-4.74809160305344,6.92899999999999
0.827880859375,-0.20751953125,0.4940185546875,4.38167938931298,-3.93893129770992,-4.62595419847328,6.92999999999999
0.8267822265625,-0.20654296875,0.4921875,4.3969465648855,-3.98473282442748,-4.50381679389313,6.92999999999999
0.826416015625,-0.20703125,0.4920654296875,4.29007633587786,-4.18320610687023,-4.3969465648855,6.931
0.8267822265625,-0.2073974609375,0.4921875,4.27480916030534,-4.3206106870229,-4.35114503816794,6.93199999999999
0.82666015625,-0.2078857421875,0.4921875,4.27480916030534,-4.45801526717557,-4.36641221374046,7.017
0.8277587890625,-0.208251953125,0.49267578125,4.35114503816794,-4.70229007633588,-4.45801526717557,7.018
0.7972412109375,-0.2081298828125,0.4925537109375,4.44274809160305,-4.74809160305344,-4.51908396946565,7.01899999999999
0.798583984375,-0.2076416015625,0.4931640625,4.47328244274809,-4.80916030534351,-4.56488549618321,7.01899999999999
0.80029296875,-0.20703125,0.492919921875,4.48854961832061,-4.82442748091603,-4.61068702290076,7.021
0.8021240234375,-0.205078125,0.49267578125,4.53435114503817,-4.76335877862595,-4.70229007633588,7.03299999999999
0.8028564453125,-0.2042236328125,0.4930419921875,4.50381679389313,-4.70229007633588,-4.73282442748092,7.03399999999999
0.803466796875,-0.203369140625,0.4923095703125,4.42748091603053,-4.6412213740458,-4.74809160305344,7.03999999999999
0.8046875,-0.233642578125,0.4913330078125,4.3206106870229,-4.50381679389313,-4.83969465648855,7.041
0.8043212890625,-0.2332763671875,0.4908447265625,4.15267175572519,-4.3969465648855,-4.90076335877863,7.10599999999999
0.8043212890625,-0.2330322265625,0.4906005859375,4.0763358778626,-4.29007633587786,-4.9618320610687,7.107
0.8038330078125,-0.23291015625,0.490234375,4,-4.15267175572519,-5.0381679389313,7.107
0.8028564453125,-0.2337646484375,0.4908447265625,3.9236641221374,-3.95419847328244,-5.06870229007634,7.11
0.8021240234375,-0.234130859375,0.4912109375,-0.0763358778625954,0.0610687022900763,-5.05343511450382,7.11099999999999
0.8013916015625,-0.2039794921875,0.4908447265625,-0.0916030534351145,0.137404580152672,-4.99236641221374,7.119
0.8009033203125,-0.2047119140625,0.4913330078125,-0.137404580152672,0.183206106870229,-4.91603053435114,7.124
0.800048828125,-0.2054443359375,0.4921875,-0.0916030534351145,0.229007633587786,-4.67175572519084,7.12599999999999
0.8009033203125,-0.2054443359375,0.4920654296875,-0.0916030534351145,0.137404580152672,-4.51908396946565,7.127
0.8018798828125,-0.206298828125,0.4925537109375,-0.0763358778625954,0.0305343511450382,-4.38167938931298,7.19499999999999
0.80224609375,-0.2060546875,0.4920654296875,-0.0152671755725191,-3.9236641221374,-4.30534351145038,7.199
0.8001708984375,-0.2037353515625,0.4918212890625,-0.0152671755725191,0.0916030534351145,-4.21374045801527,7.199
0.7999267578125,-0.20361328125,0.4912109375,-0.122137404580153,0.0916030534351145,-4.15267175572519,7.199
0.8001708984375,-0.2039794921875,0.4910888671875,-0.244274809160305,0.0610687022900763,-4.12213740458015,7.28699999999999
0.80126953125,-0.2047119140625,0.4915771484375,-0.396946564885496,0.0916030534351145,-4.04580152671756,7.28699999999999
0.80126953125,-0.2044677734375,0.4913330078125,-0.458015267175573,0.122137404580153,-4.10687022900763,7.28699999999999
0.801025390625,-0.203857421875,0.490234375,-0.519083969465649,0.198473282442748,-4.19847328244275,7.288
0.80126953125,-0.20458984375,0.4903564453125,-0.778625954198473,0.33587786259542,-4.36641221374046,7.288
0.80224609375,-0.2064208984375,0.491943359375,-1.00763358778626,0.366412213740458,-4.3969465648855,7.28899999999999
0.803955078125,-0.21044921875,0.49267578125,-1.16030534351145,0.50381679389313,-4.51908396946565,7.28899999999999
0.80126953125,-0.2113037109375,0.49169921875,-1.32824427480916,1.22137404580153,-4.58015267175572,7.28999999999999
0.7977294921875,-0.211669921875,0.490478515625,-1.41984732824427,1.41984732824427,-4.58015267175572,7.28999999999999
0.82763671875,-0.2115478515625,0.48974609375,-1.52671755725191,1.3587786259542,-4.51908396946565,7.291
0.79736328125,-0.213623046875,0.4913330078125,-1.55725190839695,0.549618320610687,-4.45801526717557,7.378
0.82666015625,-0.2132568359375,0.48974609375,-1.16030534351145,0.519083969465649,-4.56488549618321,7.381
0.8267822265625,-0.2135009765625,0.4893798828125,-1.02290076335878,0.351145038167939,-4.53435114503817,7.381
0.8277587890625,-0.2130126953125,0.4886474609375,-0.854961832061069,0.137404580152672,-4.56488549618321,7.381
0.79833984375,-0.2119140625,0.4876708984375,-0.717557251908397,-3.98473282442748,-4.73282442748092,7.381
0.7998046875,-0.2113037109375,0.4873046875,-0.534351145038168,-4.35114503816794,-4.82442748091603,7.383
0.80078125,-0.211181640625,0.4876708984375,-0.519083969465649,-4.48854961832061,-4.93129770992366,7.384
0.8016357421875,-0.2108154296875,0.487548828125,-0.519083969465649,-4.59541984732824,-5.05343511450382,7.38499999999999
0.802001953125,-0.2091064453125,0.48876953125,-0.473282442748092,-4.62595419847328,-5.25190839694656,7.38499999999999
0.802978515625,-0.2088623046875,0.4886474609375,-0.473282442748092,-4.58015267175572,-5.29770992366412,7.47199999999999
0.8028564453125,-0.208984375,0.4892578125,-0.473282442748092,-4.48854961832061,-5.34351145038168,7.47199999999999
0.8026123046875,-0.207763671875,0.4888916015625,-0.427480916030534,-4.33587786259542,-5.34351145038168,7.473
0.8031005859375,-0.2071533203125,0.488037109375,-0.381679389312977,-4.10687022900763,-5.29770992366412,7.473
0.8028564453125,-0.2059326171875,0.4873046875,-0.396946564885496,-3.98473282442748,-5.31297709923664,7.473
0.802978515625,-0.2064208984375,0.4869384765625,-0.549618320610687,0.0152671755725191,-5.26717557251908,7.473
0.803466796875,-0.2066650390625,0.486572265625,-0.610687022900763,0.0305343511450382,-5.23664122137405,7.47399999999999
0.8028564453125,-0.20654296875,0.4864501953125,-0.67175572519084,0.137404580152672,-5.19083969465649,7.47399999999999
0.8013916015625,-0.2073974609375,0.4871826171875,-0.778625954198473,0.259541984732824,-5.00763358778626,7.47399999999999
0.8013916015625,-0.2078857421875,0.4876708984375,-1.02290076335878,0.290076335877863,-4.88549618320611,7.55799999999999
0.8016357421875,-0.208984375,0.487548828125,-1.09923664122137,0.183206106870229,-4.74809160305344,7.559
0.802490234375,-0.20947265625,0.4874267578125,-1.12977099236641,0.122137404580153,-4.65648854961832,7.559
0.802001953125,-0.2095947265625,0.48681640625,-1.11450381679389,0.0458015267175573,-4.61068702290076,7.559
0.8016357421875,-0.2099609375,0.486328125,-1.09923664122137,0.0305343511450382,-4.6412213740458,7.56099999999999
0.80078125,-0.2108154296875,0.48583984375,-1.05343511450382,0,-4.68702290076336,7.56099999999999
0.800537109375,-0.211181640625,0.4852294921875,-0.977099236641221,-3.9236641221374,-4.70229007633588,7.562
0.8013916015625,-0.211181640625,0.48486328125,-0.870229007633588,-4.0763358778626,-4.77862595419847,7.562
0.8017578125,-0.21142578125,0.484619140625,-0.778625954198473,-4.09160305343511,-4.87022900763359,7.649
0.8026123046875,-0.21142578125,0.5155029296875,-0.717557251908397,-4.09160305343511,-4.9618320610687,7.649
0.8037109375,-0.2117919921875,0.4847412109375,-0.702290076335878,-4.04580152671756,-5.14503816793893,7.64999999999999
0.8046875,-0.2122802734375,0.4847412109375,-0.717557251908397,-3.95419847328244,-5.23664122137405,7.64999999999999
0.8050537109375,-0.2127685546875,0.4853515625,-0.732824427480916,0.0305343511450382,-5.29770992366412,7.73899999999999
0.8052978515625,-0.2127685546875,0.4864501953125,-0.717557251908397,0.137404580152672,-5.3587786259542,7.73999999999999
0.8043212890625,-0.212890625,0.486328125,-0.67175572519084,0.442748091603053,-5.46564885496183,7.73999999999999
0.8040771484375,-0.212890625,0.4864501953125,-0.625954198473282,0.549618320610687,-5.48091603053435,7.741
0.80419921875,-0.21240234375,0.486328125,-0.580152671755725,0.748091603053435,-5.6030534351145,7.741
0.8035888671875,-0.2120361328125,0.486328125,-0.534351145038168,0.824427480916031,-5.69465648854962,7.74199999999999
0.8035888671875,-0.211181640625,0.4864501953125,-0.534351145038168,0.885496183206107,-5.77099236641221,7.74199999999999
0.802978515625,-0.21044921875,0.48681640625,-0.534351145038168,0.946564885496183,-2.04580152671756,7.74299999999999
0.802490234375,-0.2100830078125,0.486083984375,-0.625954198473282,0.977099236641221,-2.09160305343511,7.74299999999999
0.80224609375,-0.2095947265625,0.48583984375,-0.641221374045801,0.961832061068702,-2.13740458015267,7.747
0.8031005859375,-0.2073974609375,0.4884033203125,-0.809160305343511,0.854961832061069,-2.09160305343511,7.747
0.802734375,-0.207275390625,0.4888916015625,-0.824427480916031,0.885496183206107,-2.03053435114504,7.91699999999999
0.802734375,-0.20703125,0.4881591796875,-0.916030534351145,0.961832061068702,-2.01526717557252,7.91699999999999
0.80224609375,-0.2069091796875,0.48828125,-0.977099236641221,0.977099236641221,-2.03053435114504,7.91799999999999
0.801513671875,-0.2069091796875,0.48828125,-1.0381679389313,0.977099236641221,-2.06106870229008,7.919
0.801025390625,-0.2076416015625,0.4876708984375,-1.09923664122137,0.946564885496183,-2.10687022900763,7.919
0.8004150390625,-0.207275390625,0.4879150390625,-1.16030534351145,0.916030534351145,-2.13740458015267,7.919
0.80078125,-0.2078857421875,0.48779296875,-1.22137404580153,0.900763358778626,-2.15267175572519,7.91999999999999
0.8006591796875,-0.2081298828125,0.489013671875,-1.26717557251908,0.870229007633588,-2.16793893129771,7.91999999999999
0.8006591796875,-0.2091064453125,0.48876953125,-1.32824427480916,0.748091603053435,-2.19847328244275,7.92099999999999
0.800048828125,-0.208984375,0.4884033203125,-1.34351145038168,0.748091603053435,-2.18320610687023,7.92099999999999
0.8001708984375,-0.209228515625,0.48876953125,-1.37404580152672,0.702290076335878,-2.09160305343511,7.922
0.8038330078125,-0.208740234375,0.487060546875,-1.11450381679389,-4.27480916030534,-5.6030534351145,7.922
0.8048095703125,-0.20751953125,0.48681640625,-0.977099236641221,-4.27480916030534,-5.58778625954198,8.008
0.8050537109375,-0.2071533203125,0.4853515625,-0.854961832061069,-4.16793893129771,-5.57251908396947,8.008
0.805419921875,-0.2069091796875,0.485107421875,-0.809160305343511,-4.04580152671756,-5.52671755725191,8.014
0.8038330078125,-0.20654296875,0.484375,-0.778625954198473,0.0152671755725191,-5.48091603053435,8.014
0.8067626953125,-0.21044921875,0.487060546875,-0.870229007633588,0.244274809160305,-5.12977099236641,8.015
0.8065185546875,-0.21142578125,0.4871826171875,-0.809160305343511,0.595419847328244,-5.0381679389313,8.015
0.803955078125,-0.212158203125,0.486572265625,-0.687022900763359,1.00763358778626,-4.9618320610687,8.01599999999999
0.8004150390625,-0.2119140625,0.4853515625,-0.656488549618321,1.2824427480916,-4.79389312977099,8.017
0.798583984375,-0.211669921875,0.4857177734375,-0.656488549618321,1.00763358778626,-4.36641221374046,8.017
0.7991943359375,-0.2117919921875,0.487060546875,-0.610687022900763,0.763358778625954,-4.27480916030534,8.098
0.80078125,-0.2119140625,0.4884033203125,-0.488549618320611,0.549618320610687,-4.21374045801527,8.09899999999999
0.8017578125,-0.2099609375,0.4886474609375,-0.305343511450382,0.396946564885496,-4.25954198473282,8.09899999999999
0.8016357421875,-0.20849609375,0.4879150390625,4.09160305343511,0.320610687022901,-4.61068702290076,8.09999999999999
0.801025390625,-0.207275390625,0.4866943359375,4.24427480916031,0.259541984732824,-4.77862595419847,8.187
0.8009033203125,-0.2056884765625,0.486083984375,4.33587786259542,0.106870229007634,-4.90076335877863,8.18799999999999
0.8018798828125,-0.2034912109375,0.4849853515625,4.36641221374046,-3.93893129770992,-5.16030534351145,8.18899999999999
0.8026123046875,-0.2333984375,0.515380859375,4.29007633587786,-4.18320610687023,-5.32824427480916,8.19
0.8035888671875,-0.2327880859375,0.5150146484375,4.15267175572519,-4.22900763358779,-5.49618320610687,8.19
0.80419921875,-0.231201171875,0.484619140625,-0.152671755725191,-4.21374045801527,-5.80152671755725,8.19099999999999
0.8048095703125,-0.231689453125,0.5146484375,-0.442748091603053,-4.22900763358779,-1.98473282442748,8.19099999999999
0.8043212890625,-0.232421875,0.515380859375,-0.687022900763359,-4.09160305343511,-2.13740458015267,8.19699999999999
0.8043212890625,-0.232666015625,0.48486328125,-1.12977099236641,-4.03053435114504,-2.13740458015267,8.19699999999999
0.8045654296875,-0.2335205078125,0.4847412109375,-1.32824427480916,-3.93893129770992,-2.19847328244275,8.19699999999999
0.8043212890625,-0.2064208984375,0.484619140625,1.84732824427481,0.152671755725191,-2.16793893129771,8.276
0.8045654296875,-0.2081298828125,0.4853515625,1.84732824427481,0.106870229007634,-2.18320610687023,8.277
0.8040771484375,-0.2093505859375,0.4849853515625,1.90839694656489,0.290076335877863,-2.22900763358779,8.27799999999999
0.80322265625,-0.210205078125,0.48486328125,-1.9236641221374,0.33587786259542,-2.19847328244275,8.27799999999999
0.8026123046875,-0.2110595703125,0.4849853515625,-1.83206106870229,0.305343511450382,-2.13740458015267,8.279
0.8023681640625,-0.2122802734375,0.48486328125,-1.72519083969466,0.213740458015267,-1.96946564885496,8.279
0.80224609375,-0.212890625,0.485107421875,-1.45038167938931,0.0152671755725191,-5.78625954198473,8.279
0.802734375,-0.2127685546875,0.4849853515625,-1.29770992366412,-3.96946564885496,-5.70992366412214,8.27999999999999
0.8031005859375,-0.212646484375,0.4847412109375,-1.12977099236641,-4.04580152671756,-5.63358778625954,8.28099999999999
0.802490234375,-0.212646484375,0.5155029296875,-0.961832061068702,-4.09160305343511,-5.46564885496183,8.36699999999999
0.8026123046875,-0.2122802734375,0.5150146484375,-0.625954198473282,-4.19847328244275,-5.38931297709924,8.36799999999999
0.8028564453125,-0.212158203125,0.514892578125,-0.473282442748092,-4.29007633587786,-5.29770992366412,8.36799999999999
0.803466796875,-0.2115478515625,0.514892578125,-0.351145038167939,-4.36641221374046,-5.20610687022901,8.36799999999999
0.8057861328125,-0.2103271484375,0.514404296875,-0.152671755725191,-4.44274809160305,-5.08396946564886,8.36799999999999
0.806640625,-0.2099609375,0.5150146484375,-0.106870229007634,-4.42748091603053,-5.0381679389313,8.369
0.80712890625,-0.2100830078125,0.5146484375,-0.0916030534351145,-4.3969465648855,-5.0381679389313,8.369
0.8076171875,-0.2095947265625,0.51416015625,-0.0305343511450382,-4.36641221374046,-5.05343511450382,8.369
0.8065185546875,-0.2078857421875,0.5142822265625,3.96946564885496,-4.22900763358779,-5.11450381679389,8.36999999999999
0.806396484375,-0.207275390625,0.5140380859375,4,-4.16793893129771,-5.14503816793893,8.45699999999999
0.8055419921875,-0.2066650390625,0.513427734375,3.96946564885496,-4.09160305343511,-5.19083969465649,8.45999999999999
0.80517578125,-0.2060546875,0.51318359375,3.9236641221374,-4.06106870229008,-5.19083969465649,8.461
0.804931640625,-0.2061767578125,0.5128173828125,-0.0305343511450382,-4.0763358778626,-5.20610687022901,8.461
0.8050537109375,-0.205810546875,0.511962890625,-0.0458015267175573,-4.10687022900763,-5.22137404580153,8.461
0.8052978515625,-0.2059326171875,0.51123046875,-0.0916030534351145,-4.22900763358779,-5.22137404580153,8.46199999999999
0.8052978515625,-0.2059326171875,0.511474609375,-0.106870229007634,-4.29007633587786,-5.20610687022901,8.46299999999999
0.805419921875,-0.20556640625,0.5120849609375,-0.152671755725191,-4.36641221374046,-5.20610687022901,8.464
0.806396484375,-0.2049560546875,0.5113525390625,-0.213740458015267,-4.42748091603053,-5.20610687022901,8.464
0.806884765625,-0.204833984375,0.5115966796875,-0.381679389312977,-4.47328244274809,-5.19083969465649,8.547
0.806884765625,-0.204345703125,0.511962890625,-0.488549618320611,-4.50381679389313,-5.16030534351145,8.54799999999999
0.8072509765625,-0.2039794921875,0.51123046875,-0.549618320610687,-4.47328244274809,-5.16030534351145,8.54799999999999
0.80859375,-0.2044677734375,0.5108642578125,-0.763358778625954,-4.29007633587786,-5.12977099236641,8.55
0.8092041015625,-0.2052001953125,0.5103759765625,-0.854961832061069,-4.13740458015267,-5.16030534351145,8.639
0.80908203125,-0.205810546875,0.510009765625,-0.946564885496183,-3.98473282442748,-5.17557251908397,8.639
0.80859375,-0.206298828125,0.509765625,-1.0381679389313,0.106870229007634,-5.17557251908397,8.818
0.807373046875,-0.206787109375,0.5096435546875,-1.25190839694656,0.366412213740458,-5.14503816793893,8.818
0.8067626953125,-0.2076416015625,0.5089111328125,-1.32824427480916,0.427480916030534,-5.17557251908397,8.81899999999999
0.8060302734375,-0.2095947265625,0.5091552734375,-1.40458015267176,0.427480916030534,-5.23664122137405,8.81899999999999
0.805908203125,-0.209716796875,0.509765625,-1.32824427480916,0.412213740458015,-5.29770992366412,8.81999999999999
0.806396484375,-0.21044921875,0.5098876953125,-1.31297709923664,0.366412213740458,-5.37404580152672,8.821
0.8067626953125,-0.210693359375,0.5103759765625,-1.22137404580153,0.305343511450382,-5.49618320610687,8.82199999999999
0.8082275390625,-0.2108154296875,0.51123046875,-1.16030534351145,0.229007633587786,-5.51145038167939,8.82199999999999
0.81005859375,-0.209228515625,0.5106201171875,-0.778625954198473,0.549618320610687,-1.96946564885496,8.82299999999999
0.8076171875,-0.2088623046875,0.5107421875,-0.809160305343511,0.732824427480916,-1.96946564885496,8.824
0.8052978515625,-0.2091064453125,0.5146484375,-0.183206106870229,0.33587786259542,-5.86259541984733,8.824
0.80517578125,-0.208740234375,0.5137939453125,-0.213740458015267,0.427480916030534,-2,8.90899999999999
0.8045654296875,-0.208984375,0.512939453125,-0.274809160305344,0.442748091603053,-2.01526717557252,8.90899999999999
0.8056640625,-0.2083740234375,0.513671875,-0.351145038167939,0.381679389312977,-2.12213740458015,8.91
0.80615234375,-0.208251953125,0.514404296875,-0.396946564885496,0.381679389312977,-2.22900763358779,8.91
0.8070068359375,-0.2083740234375,0.514892578125,-0.442748091603053,0.396946564885496,-2.38167938931298,8.91099999999999
0.8065185546875,-0.2073974609375,0.5147705078125,-0.442748091603053,0.442748091603053,-2.54961832061069,8.91199999999999
0.80712890625,-0.20751953125,0.514892578125,-0.473282442748092,0.396946564885496,-2.6412213740458,8.91199999999999
0.8077392578125,-0.2071533203125,0.5146484375,-0.442748091603053,0.396946564885496,-2.7175572519084,8.91399999999999
0.806396484375,-0.206298828125,0.513671875,-0.442748091603053,0.50381679389313,-2.79389312977099,8.91399999999999
0.8045654296875,-0.20556640625,0.5123291015625,-0.50381679389313,0.610687022900763,-2.77862595419847,8.99799999999999
0.80419921875,-0.2054443359375,0.5125732421875,-0.732824427480916,0.519083969465649,-2.61068702290076,8.999
0.8040771484375,-0.2049560546875,0.5115966796875,-0.809160305343511,0.366412213740458,-2.51908396946565,9
0.804443359375,-0.204833984375,0.5111083984375,-0.870229007633588,0.244274809160305,-2.44274809160305,9
0.8056640625,-0.2049560546875,0.51123046875,-0.946564885496183,0.0610687022900763,-2.35114503816794,9.08699999999999
0.8067626953125,-0.20556640625,0.511474609375,-1.06870229007634,0,-2.35114503816794,9.08799999999999
0.8077392578125,-0.2049560546875,0.510986328125,-1.09923664122137,-3.95419847328244,-2.38167938931298,9.089
0.807861328125,-0.204833984375,0.5106201171875,-1.09923664122137,-3.98473282442748,-2.41221374045802,9.08999999999999
0.8077392578125,-0.2052001953125,0.51025390625,-1.16030534351145,-4,-2.45801526717557,9.09099999999999
0.80810546875,-0.2052001953125,0.509765625,-1.29770992366412,-4.06106870229008,-2.35114503816794,9.09099999999999
0.80859375,-0.205810546875,0.5096435546875,-1.34351145038168,-4.04580152671756,-2.30534351145038,9.09099999999999
0.8087158203125,-0.2059326171875,0.5089111328125,-1.40458015267176,-4.01526717557252,-2.22900763358779,9.092
0.809326171875,-0.20654296875,0.5089111328125,-1.48091603053435,-3.9236641221374,-2,9.092
0.809326171875,-0.206787109375,0.508544921875,-1.45038167938931,0.0152671755725191,-5.83206106870229,9.09299999999999
0.807861328125,-0.206787109375,0.5072021484375,-0.961832061068702,0.244274809160305,-5.81679389312977,9.17699999999999
0.8077392578125,-0.2069091796875,0.507568359375,-0.854961832061069,0.244274809160305,-5.84732824427481,9.178
0.80810546875,-0.20703125,0.5089111328125,-0.793893129770992,0.229007633587786,-2.01526717557252,9.178
0.8089599609375,-0.2069091796875,0.5089111328125,-0.687022900763359,0.0763358778625954,-2.10687022900763,9.17899999999999
0.8089599609375,-0.2059326171875,0.5089111328125,-0.610687022900763,0.0305343511450382,-2.18320610687023,9.17999999999999
0.8089599609375,-0.205078125,0.5087890625,-0.549618320610687,-3.9236641221374,-2.22900763358779,9.181
0.809326171875,-0.2342529296875,0.50830078125,-0.519083969465649,-3.93893129770992,-2.30534351145038,9.18199999999999
0.8104248046875,-0.2335205078125,0.5079345703125,-0.519083969465649,-3.93893129770992,-2.35114503816794,9.18199999999999
0.8111572265625,-0.2333984375,0.5076904296875,-0.564885496183206,-3.96946564885496,-2.36641221374046,9.18299999999999
0.8116455078125,-0.2335205078125,0.5072021484375,-0.625954198473282,-4,-2.41221374045802,9.267
0.811767578125,-0.233154296875,0.5057373046875,-0.717557251908397,-4.01526717557252,-2.6412213740458,9.268
0.811279296875,-0.2333984375,0.505126953125,-0.824427480916031,-3.98473282442748,-2.70229007633588,9.268
0.8115234375,-0.2332763671875,0.5050048828125,-0.931297709923664,-4.03053435114504,-2.7175572519084,9.26899999999999
0.8116455078125,-0.233642578125,0.5045166015625,-1.0381679389313,-4.06106870229008,-2.7175572519084,9.27
0.8118896484375,-0.203369140625,0.5052490234375,-1.26717557251908,-4.09160305343511,-2.68702290076336,9.27
0.844482421875,-0.203857421875,0.5052490234375,-1.31297709923664,-4.09160305343511,-2.65648854961832,9.271
0.844970703125,-0.203857421875,0.5048828125,-1.31297709923664,-4.04580152671756,-2.61068702290076,9.27199999999999
0.8463134765625,-0.2039794921875,0.5048828125,-1.29770992366412,-3.98473282442748,-2.59541984732824,9.273
0.845458984375,-0.20361328125,0.50439453125,-1.31297709923664,0.16793893129771,-2.65648854961832,9.36999999999999
0.845703125,-0.204833984375,0.505615234375,-1.34351145038168,0.244274809160305,-2.62595419847328,9.371
0.84716796875,-0.20654296875,0.5072021484375,-1.3587786259542,0.290076335877863,-2.54961832061069,9.371
0.8460693359375,-0.208251953125,0.5064697265625,-1.05343511450382,0.809160305343511,-2.59541984732824,9.375
0.8114013671875,-0.2083740234375,0.5054931640625,-0.916030534351145,1.08396946564885,-2.61068702290076,9.446
0.8084716796875,-0.208251953125,0.50537109375,-0.793893129770992,1.16030534351145,-2.56488549618321,9.44699999999999
0.8087158203125,-0.2076416015625,0.506103515625,-0.519083969465649,0.67175572519084,-2.53435114503817,9.44699999999999
0.8101806640625,-0.2076416015625,0.50634765625,-0.396946564885496,0.351145038167939,-2.56488549618321,9.44699999999999
0.81201171875,-0.206787109375,0.507080078125,-0.198473282442748,0.106870229007634,-2.67175572519084,9.53699999999999
0.845703125,-0.20361328125,0.5068359375,4.35114503816794,-4.03053435114504,-3.17557251908397,9.53999999999999
0.845947265625,-0.232666015625,0.506103515625,4.65648854961832,-4.09160305343511,-3.46564885496183,9.541
0.8465576171875,-0.23095703125,0.506591796875,4.85496183206107,-4.16793893129771,-3.74045801526718,9.54199999999999
0.8463134765625,-0.230224609375,0.504638671875,5.02290076335878,-4.22900763358779,-7.90839694656489,9.54299999999999
0.8447265625,-0.2269287109375,0.5032958984375,5.23664122137405,-4.30534351145038,-8.29007633587786,9.54299999999999
0.847900390625,-0.220703125,0.5020751953125,4.51908396946565,-4.41221374045802,-7.86259541984733,9.54299999999999
0.8489990234375,-0.220458984375,0.501953125,4.30534351145038,-4.27480916030534,-3.78625954198473,9.544
0.8494873046875,-0.2203369140625,0.5020751953125,4.0763358778626,-4.09160305343511,-3.64885496183206,9.544
0.849853515625,-0.220947265625,0.502685546875,-0.0610687022900763,0.198473282442748,-3.37404580152672,9.544
0.8492431640625,-0.2247314453125,0.505615234375,-1.54198473282443,1.61832061068702,-1.98473282442748,9.54499999999999
0.8472900390625,-0.225830078125,0.5054931640625,-1.61832061068702,1.84732824427481,-5.6793893129771,9.62899999999999
0.8465576171875,-0.2264404296875,0.505126953125,-1.64885496183206,-1.84732824427481,-5.37404580152672,9.63
0.845458984375,-0.226806640625,0.5059814453125,-1.64885496183206,-1.84732824427481,-5.26717557251908,9.631
0.8448486328125,-0.227294921875,0.5067138671875,-1.58778625954198,-1.89312977099237,-5.16030534351145,9.63199999999999
0.812255859375,-0.228515625,0.5067138671875,-1.51145038167939,1.93893129770992,-4.97709923664122,9.63199999999999
0.8116455078125,-0.2293701171875,0.50732421875,-1.32824427480916,1.9236641221374,-4.91603053435114,9.633
0.8106689453125,-0.229736328125,0.507568359375,-1.22137404580153,1.90839694656489,-4.87022900763359,9.634
0.810302734375,-0.2298583984375,0.5089111328125,-1.11450381679389,1.84732824427481,-4.79389312977099,9.63499999999999
0.8121337890625,-0.2294921875,0.5093994140625,-0.916030534351145,1.66412213740458,-4.67175572519084,9.717
0.8118896484375,-0.2288818359375,0.509033203125,-0.809160305343511,1.63358778625954,-4.73282442748092,9.71799999999999
0.8116455078125,-0.228515625,0.5081787109375,-0.732824427480916,1.6030534351145,-4.76335877862595,9.71899999999999
0.8115234375,-0.228271484375,0.509033203125,-0.702290076335878,1.57251908396947,-4.80916030534351,9.71899999999999
0.8109130859375,-0.228515625,0.5089111328125,-0.687022900763359,1.54198473282443,-4.90076335877863,9.72
0.8104248046875,-0.2286376953125,0.5087890625,-0.67175572519084,1.51145038167939,-4.94656488549618,9.72099999999999
0.8096923828125,-0.228759765625,0.50927734375,-0.67175572519084,1.49618320610687,-4.97709923664122,9.72199999999999
0.8095703125,-0.227783203125,0.509033203125,-0.641221374045801,1.46564885496183,-4.99236641221374,9.723
0.8096923828125,-0.2275390625,0.50927734375,-0.656488549618321,1.37404580152672,-4.97709923664122,9.723
0.8101806640625,-0.2275390625,0.510009765625,-0.67175572519084,1.32824427480916,-4.99236641221374,9.809
0.8101806640625,-0.2266845703125,0.51025390625,-0.687022900763359,1.29770992366412,-5.05343511450382,9.81099999999999
0.8114013671875,-0.22705078125,0.5107421875,-0.702290076335878,1.26717557251908,-5.14503816793893,9.812
0.8116455078125,-0.226806640625,0.5103759765625,-0.717557251908397,1.31297709923664,-5.22137404580153,9.81299999999999
0.8111572265625,-0.2266845703125,0.51025390625,-0.732824427480916,1.32824427480916,-5.2824427480916,9.815
0.8099365234375,-0.226806640625,0.5106201171875,-0.763358778625954,1.40458015267176,-5.40458015267176,9.815
0.8095703125,-0.2274169921875,0.5107421875,-0.763358778625954,1.38931297709924,-5.43511450381679,9.815
0.8095703125,-0.2275390625,0.5106201171875,-0.763358778625954,1.34351145038168,-5.43511450381679,9.81599999999999
0.8095703125,-0.22705078125,0.51025390625,-0.748091603053435,1.29770992366412,-5.41984732824428,9.81699999999999
0.8104248046875,-0.2264404296875,0.5093994140625,-0.717557251908397,1.20610687022901,-5.38931297709924,9.898
0.810546875,-0.2259521484375,0.5096435546875,-0.717557251908397,1.12977099236641,-5.37404580152672,9.898
0.81103515625,-0.225830078125,0.510009765625,-0.748091603053435,1.0381679389313,-5.32824427480916,9.899
0.844482421875,-0.2269287109375,0.510498046875,-0.763358778625954,0.931297709923664,-5.29770992366412,9.89999999999999
0.845703125,-0.2271728515625,0.5096435546875,-0.687022900763359,0.961832061068702,-5.32824427480916,9.988
0.8460693359375,-0.226318359375,0.50927734375,-0.625954198473282,1.00763358778626,-5.3587786259542,9.98899999999999
0.84619140625,-0.225830078125,0.5091552734375,-0.595419847328244,1.05343511450382,-5.38931297709924,9.98999999999999
0.8447265625,-0.22607421875,0.508544921875,-0.50381679389313,1.29770992366412,-5.55725190839695,9.98999999999999
0.8447265625,-0.2276611328125,0.509521484375,-0.580152671755725,1.41984732824427,-5.52671755725191,9.991
0.845703125,-0.2291259765625,0.5108642578125,-0.610687022900763,1.55725190839695,-5.48091603053435,9.99199999999999
0.843994140625,-0.23095703125,0.5111083984375,-0.534351145038168,-1.66412213740458,-5.41984732824428,9.99299999999999
0.8095703125,-0.2308349609375,0.510009765625,-0.564885496183206,-1.2824427480916,-5.2824427480916,9.99299999999999
0.806884765625,-0.2310791015625,0.509521484375,-0.625954198473282,-1.16030534351145,-5.05343511450382,9.997
0.806396484375,-0.2314453125,0.5125732421875,-0.67175572519084,-1.2824427480916,-4.82442748091603,9.997
0.804931640625,-0.229736328125,0.514892578125,4.47328244274809,-1.9236641221374,-4.67175572519084,10.079
0.8043212890625,-0.2288818359375,0.5152587890625,4.67175572519084,1.84732824427481,-4.65648854961832,10.08
0.8052978515625,-0.2274169921875,0.5152587890625,4.82442748091603,1.66412213740458,-4.65648854961832,10.08
0.807373046875,-0.225341796875,0.484375,5.00763358778626,1.32824427480916,-4.73282442748092,10.082
0.8074951171875,-0.2242431640625,0.4849853515625,5.02290076335878,1.23664122137405,-4.79389312977099,10.083
0.8082275390625,-0.2236328125,0.4854736328125,5.0381679389313,1.17557251908397,-4.87022900763359,10.084
0.808837890625,-0.22265625,0.4857177734375,5.02290076335878,1.14503816793893,-4.99236641221374,10.085
0.8095703125,-0.2222900390625,0.485595703125,4.99236641221374,1.19083969465649,-5.0381679389313,10.086
0.8095703125,-0.2220458984375,0.4864501953125,4.93129770992366,1.25190839694656,-5.11450381679389,10.087
0.8101806640625,-0.2210693359375,0.486572265625,4.73282442748092,1.34351145038168,-5.20610687022901,10.168
0.8109130859375,-0.220947265625,0.4871826171875,4.58015267175572,1.48091603053435,-5.25190839694656,10.169
0.810302734375,-0.2200927734375,0.4873046875,4.45801526717557,1.66412213740458,-5.2824427480916,10.17
0.80908203125,-0.219970703125,0.4886474609375,4.30534351145038,1.84732824427481,-5.25190839694656,10.17
0.8099365234375,-0.220703125,0.4891357421875,-0.0305343511450382,-1.80152671755725,-5.00763358778626,10.171
0.809326171875,-0.22119140625,0.4892578125,-0.16793893129771,-1.6030534351145,-4.91603053435114,10.171
0.8082275390625,-0.220703125,0.489501953125,-0.320610687022901,-1.32824427480916,-4.82442748091603,10.172
0.8056640625,-0.221923828125,0.4886474609375,-0.50381679389313,-0.977099236641221,-4.53435114503817,10.174
0.80419921875,-0.2227783203125,0.488525390625,-0.900763358778626,-0.900763358778626,-4.42748091603053,10.174
0.802978515625,-0.2232666015625,0.489013671875,-1.0381679389313,-0.916030534351145,-4.3206106870229,10.258
0.8013916015625,-0.2249755859375,0.4896240234375,-1.17557251908397,-0.946564885496183,-4.24427480916031,10.259
0.79931640625,-0.2254638671875,0.4896240234375,-1.3587786259542,-1.14503816793893,-4.04580152671756,10.26
0.798828125,-0.2259521484375,0.489501953125,-1.40458015267176,-1.26717557251908,-3.95419847328244,10.26
0.798583984375,-0.22705078125,0.48974609375,-1.46564885496183,-1.41984732824427,0.0152671755725191,10.262
0.7991943359375,-0.2283935546875,0.491455078125,-1.48091603053435,-1.61832061068702,0.16793893129771,10.263
0.800048828125,-0.2286376953125,0.4913330078125,-1.38931297709924,1.9236641221374,0.183206106870229,10.263
0.800048828125,-0.228271484375,0.4903564453125,-1.34351145038168,1.77099236641221,0.16793893129771,10.264
